  0
SECTION
  2
HEADER
  9
$ACADVER
  1
AC1021
  9
$ACADMAINTVER
  70
50
  9
$DWGCODEPAGE
  3
ANSI_936
  9
$LASTSAVEDBY
  1
win10
  9
$INSBASE
  10
0
  20
0
  30
0
  9
$EXTMIN
  10
100000000000000000000
  20
100000000000000000000
  30
100000000000000000000
  9
$EXTMAX
  10
-100000000000000000000
  20
-100000000000000000000
  30
-100000000000000000000
  9
$LIMMIN
  10
0
  20
0
  9
$LIMMAX
  10
12
  20
9
  9
$ORTHOMODE
  70
0
  9
$REGENMODE
  70
1
  9
$FILLMODE
  70
1
  9
$QTEXTMODE
  70
0
  9
$MIRRTEXT
  70
0
  9
$LTSCALE
  40
1
  9
$ATTMODE
  70
1
  9
$TEXTSIZE
  40
0.2
  9
$TRACEWID
  40
0.05
  9
$TEXTSTYLE
  7
Standard
  9
$CLAYER
  8
0
  9
$CELTYPE
  6
ByLayer
  9
$CECOLOR
  62
256
  9
$CELTSCALE
  40
1
  9
$DISPSILH
  70
0
  9
$DIMSCALE
  40
1
  9
$DIMASZ
  40
0.18
  9
$DIMEXO
  40
0.0625
  9
$DIMDLI
  40
0.38
  9
$DIMRND
  40
0
  9
$DIMDLE
  40
0
  9
$DIMEXE
  40
0.18
  9
$DIMTP
  40
0
  9
$DIMTM
  40
0
  9
$DIMTXT
  40
0.18
  9
$DIMCEN
  40
0.09
  9
$DIMTSZ
  40
0
  9
$DIMTOL
  70
0
  9
$DIMLIM
  70
0
  9
$DIMTIH
  70
1
  9
$DIMTOH
  70
1
  9
$DIMSE1
  70
0
  9
$DIMSE2
  70
0
  9
$DIMTAD
  70
0
  9
$DIMZIN
  70
0
  9
$DIMBLK
  1

  9
$DIMASO
  70
1
  9
$DIMSHO
  70
1
  9
$DIMPOST
  1

  9
$DIMAPOST
  1

  9
$DIMALT
  70
0
  9
$DIMALTD
  70
2
  9
$DIMALTF
  40
25.4
  9
$DIMLFAC
  40
1
  9
$DIMTOFL
  70
0
  9
$DIMTVP
  40
0
  9
$DIMTIX
  70
0
  9
$DIMSOXD
  70
0
  9
$DIMSAH
  70
0
  9
$DIMBLK1
  1

  9
$DIMBLK2
  1

  9
$DIMSTYLE
  2
Standard
  9
$DIMCLRD
  70
0
  9
$DIMCLRE
  70
0
  9
$DIMCLRT
  70
0
  9
$DIMTFAC
  40
1
  9
$DIMGAP
  40
0.09
  9
$DIMJUST
  70
0
  9
$DIMSD1
  70
0
  9
$DIMSD2
  70
0
  9
$DIMTOLJ
  70
1
  9
$DIMTZIN
  70
0
  9
$DIMALTZ
  70
0
  9
$DIMALTTZ
  70
0
  9
$DIMUPT
  70
0
  9
$DIMDEC
  70
4
  9
$DIMTDEC
  70
4
  9
$DIMALTU
  70
2
  9
$DIMALTTD
  70
2
  9
$DIMTXSTY
  7
Standard
  9
$DIMAUNIT
  70
0
  9
$DIMADEC
  70
0
  9
$DIMALTRND
  40
0
  9
$DIMAZIN
  70
0
  9
$DIMDSEP
  70
46
  9
$DIMATFIT
  70
3
  9
$DIMFRAC
  70
0
  9
$DIMLDRBLK
  1

  9
$DIMLUNIT
  70
2
  9
$DIMLWD
  70
-2
  9
$DIMLWE
  70
-2
  9
$DIMTMOVE
  70
0
  9
$DIMFXL
  40
1
  9
$DIMFXLON
  70
0
  9
$DIMJOGANG
  40
0.7853981633974483
  9
$DIMTFILL
  70
0
  9
$DIMTFILLCLR
  70
0
  9
$DIMARCSYM
  70
0
  9
$DIMLTYPE
  6

  9
$DIMLTEX1
  6

  9
$DIMLTEX2
  6

  9
$LUNITS
  70
2
  9
$LUPREC
  70
4
  9
$SKETCHINC
  40
0.1
  9
$FILLETRAD
  40
0
  9
$AUNITS
  70
0
  9
$AUPREC
  70
0
  9
$MENU
  1
.
  9
$ELEVATION
  40
0
  9
$PELEVATION
  40
0
  9
$THICKNESS
  40
0
  9
$LIMCHECK
  70
0
  9
$CHAMFERA
  40
0
  9
$CHAMFERB
  40
0
  9
$CHAMFERC
  40
0
  9
$CHAMFERD
  40
0
  9
$SKPOLY
  70
0
  9
$TDCREATE
  40
2460560.605914352
  9
$TDUCREATE
  40
2460560.272581019
  9
$TDUPDATE
  40
2460560.629363426
  9
$TDUUPDATE
  40
2460560.296030092
  9
$TDINDWG
  40
0.0234490741
  9
$TDUSRTIMER
  40
0.0234490741
  9
$USRTIMER
  70
1
  9
$ANGBASE
  50
0
  9
$ANGDIR
  70
0
  9
$PDMODE
  70
0
  9
$PDSIZE
  40
0
  9
$PLINEWID
  40
0
  9
$SPLFRAME
  70
0
  9
$SPLINETYPE
  70
6
  9
$SPLINESEGS
  70
8
  9
$HANDSEED
  5
33E
  9
$SURFTAB1
  70
6
  9
$SURFTAB2
  70
6
  9
$SURFTYPE
  70
6
  9
$SURFU
  70
6
  9
$SURFV
  70
6
  9
$UCSBASE
  2

  9
$UCSNAME
  2

  9
$UCSORG
  10
0
  20
0
  30
0
  9
$UCSXDIR
  10
1
  20
0
  30
0
  9
$UCSYDIR
  10
0
  20
1
  30
0
  9
$UCSORTHOREF
  2

  9
$UCSORTHOVIEW
  70
0
  9
$UCSORGTOP
  10
0
  20
0
  30
0
  9
$UCSORGBOTTOM
  10
0
  20
0
  30
0
  9
$UCSORGLEFT
  10
0
  20
0
  30
0
  9
$UCSORGRIGHT
  10
0
  20
0
  30
0
  9
$UCSORGFRONT
  10
0
  20
0
  30
0
  9
$UCSORGBACK
  10
0
  20
0
  30
0
  9
$PUCSBASE
  2

  9
$PUCSNAME
  2

  9
$PUCSORG
  10
0
  20
0
  30
0
  9
$PUCSXDIR
  10
1
  20
0
  30
0
  9
$PUCSYDIR
  10
0
  20
1
  30
0
  9
$PUCSORTHOREF
  2

  9
$PUCSORTHOVIEW
  70
0
  9
$PUCSORGTOP
  10
0
  20
0
  30
0
  9
$PUCSORGBOTTOM
  10
0
  20
0
  30
0
  9
$PUCSORGLEFT
  10
0
  20
0
  30
0
  9
$PUCSORGRIGHT
  10
0
  20
0
  30
0
  9
$PUCSORGFRONT
  10
0
  20
0
  30
0
  9
$PUCSORGBACK
  10
0
  20
0
  30
0
  9
$USERI1
  70
0
  9
$USERI2
  70
0
  9
$USERI3
  70
0
  9
$USERI4
  70
0
  9
$USERI5
  70
0
  9
$USERR1
  40
0
  9
$USERR2
  40
0
  9
$USERR3
  40
0
  9
$USERR4
  40
0
  9
$USERR5
  40
0
  9
$WORLDVIEW
  70
1
  9
$SHADEDGE
  70
3
  9
$SHADEDIF
  70
70
  9
$TILEMODE
  70
1
  9
$MAXACTVP
  70
64
  9
$PINSBASE
  10
0
  20
0
  30
0
  9
$PLIMCHECK
  70
0
  9
$PEXTMIN
  10
0
  20
0
  30
0
  9
$PEXTMAX
  10
0
  20
0
  30
0
  9
$PLIMMIN
  10
0
  20
0
  9
$PLIMMAX
  10
12
  20
9
  9
$UNITMODE
  70
0
  9
$VISRETAIN
  70
1
  9
$PLINEGEN
  70
0
  9
$PSLTSCALE
  70
1
  9
$TREEDEPTH
  70
3020
  9
$CMLSTYLE
  2
Standard
  9
$CMLJUST
  70
0
  9
$CMLSCALE
  40
1
  9
$PROXYGRAPHICS
  70
1
  9
$MEASUREMENT
  70
0
  9
$CELWEIGHT
  370
-1
  9
$ENDCAPS
  280
0
  9
$JOINSTYLE
  280
0
  9
$LWDISPLAY
  290
0
  9
$INSUNITS
  70
4
  9
$HYPERLINKBASE
  1

  9
$STYLESHEET
  1

  9
$XEDIT
  290
0
  9
$CEPSNTYPE
  380
0
  9
$PSTYLEMODE
  290
0
  9
$FINGERPRINTGUID
  2
{FA9A02B2-7E04-C34E-BD13-02980AC2B394}
  9
$VERSIONGUID
  2
{964EB223-33A2-D549-8684-CDE005EE773C}
  9
$EXTNAMES
  290
0
  9
$PSVPSCALE
  40
0
  9
$OLESTARTUP
  290
0
  9
$SORTENTS
  280
127
  9
$INDEXCTL
  280
0
  9
$HIDETEXT
  280
1
  9
$XCLIPFRAME
  290
0
  9
$HALOGAP
  280
0
  9
$OBSCOLOR
  70
257
  9
$OBSLTYPE
  280
0
  9
$INTERSECTIONDISPLAY
  280
0
  9
$INTERSECTIONCOLOR
  70
257
  9
$DIMASSOC
  280
2
  9
$PROJECTNAME
  1

  9
$CAMERADISPLAY
  290
0
  9
$LENSLENGTH
  40
50
  9
$CAMERAHEIGHT
  40
60
  9
$STEPSPERSEC
  40
2
  9
$STEPSIZE
  40
6
  9
$3DDWFPREC
  40
2
  9
$PSOLWIDTH
  40
0.25
  9
$PSOLHEIGHT
  40
4
  9
$LOFTANG1
  40
1.570796326794896
  9
$LOFTANG2
  40
1.570796326794896
  9
$LOFTMAG1
  40
0
  9
$LOFTMAG2
  40
0
  9
$LOFTPARAM
  70
7
  9
$LOFTNORMALS
  280
1
  9
$LATITUDE
  40
37.795
  9
$LONGITUDE
  40
-122.394
  9
$NORTHDIRECTION
  40
0
  9
$TIMEZONE
  70
-8000
  9
$LIGHTGLYPHDISPLAY
  280
1
  9
$TILEMODELIGHTSYNCH
  280
1
  9
$CMATERIAL
  347
92
  9
$SOLIDHIST
  280
0
  9
$SHOWHIST
  280
1
  9
$DWFFRAME
  280
2
  9
$DGNFRAME
  280
0
  9
$REALWORLDSCALE
  290
0
  9
$INTERFERECOLOR
  62
1
  9
$INTERFEREOBJVS
  345
9F
  9
$INTERFEREVPVS
  346
9C
  9
$CSHADOW
  280
0
  9
$SHADOWPLANELOCATION
  40
0
  0
ENDSEC
  0
SECTION
  2
CLASSES
  0
CLASS
  1
ACDBDICTIONARYWDFLT
  2
AcDbDictionaryWithDefault
  3
ObjectDBX Classes
  90
0
  91
1
  280
0
  281
0
  0
CLASS
  1
DICTIONARYVAR
  2
AcDbDictionaryVar
  3
ObjectDBX Classes
  90
0
  91
15
  280
0
  281
0
  0
CLASS
  1
MATERIAL
  2
AcDbMaterial
  3
ObjectDBX Classes
  90
1153
  91
3
  280
0
  281
0
  0
CLASS
  1
VISUALSTYLE
  2
AcDbVisualStyle
  3
ObjectDBX Classes
  90
4095
  91
24
  280
0
  281
0
  0
CLASS
  1
TABLESTYLE
  2
AcDbTableStyle
  3
ObjectDBX Classes
  90
4095
  91
1
  280
0
  281
0
  0
CLASS
  1
SCALE
  2
AcDbScale
  3
ObjectDBX Classes
  90
1153
  91
33
  280
0
  281
0
  0
CLASS
  1
MLEADERSTYLE
  2
AcDbMLeaderStyle
  3
ACDB_MLEADERSTYLE_CLASS
  90
4095
  91
2
  280
0
  281
0
  0
CLASS
  1
CELLSTYLEMAP
  2
AcDbCellStyleMap
  3
ObjectDBX Classes
  90
1152
  91
4
  280
0
  281
0
  0
CLASS
  1
EXACXREFPANELOBJECT
  2
ExAcXREFPanelObject
  3
EXAC_ESW
  90
1025
  91
0
  280
0
  281
0
  0
CLASS
  1
NPOCOLLECTION
  2
AcDbImpNonPersistentObjectsCollection
  3
ObjectDBX Classes
  90
1153
  91
0
  280
0
  281
0
  0
CLASS
  1
LAYER_INDEX
  2
AcDbLayerIndex
  3
ObjectDBX Classes
  90
0
  91
0
  280
0
  281
0
  0
CLASS
  1
SPATIAL_INDEX
  2
AcDbSpatialIndex
  3
ObjectDBX Classes
  90
0
  91
0
  280
0
  281
0
  0
CLASS
  1
IDBUFFER
  2
AcDbIdBuffer
  3
ObjectDBX Classes
  90
0
  91
0
  280
0
  281
0
  0
CLASS
  1
ACDBSECTIONVIEWSTYLE
  2
AcDbSectionViewStyle
  3
ObjectDBX Classes
  90
1025
  91
1
  280
0
  281
0
  0
CLASS
  1
ACDBDETAILVIEWSTYLE
  2
AcDbDetailViewStyle
  3
ObjectDBX Classes
  90
1025
  91
1
  280
0
  281
0
  0
ENDSEC
  0
SECTION
  2
TABLES
  0
TABLE
  2
VPORT
  5
8
  330
0
  100
AcDbSymbolTable
  70
1
  0
VPORT
  5
90
  330
8
  100
AcDbSymbolTableRecord
  100
AcDbViewportTableRecord
  2
*Active
  70
0
  10
0
  20
0
  11
1
  21
1
  12
97.5486911906951
  22
42.51345460271504
  13
0
  23
0
  14
0.5
  24
0.5
  15
0.5
  25
0.5
  16
0
  26
0
  36
1
  17
0
  27
0
  37
0
  40
78.45799938217576
  41
1.945409429280396
  42
50
  43
0
  44
0
  50
0
  51
0
  71
0
  72
1000
  73
1
  74
3
  75
0
  76
1
  77
0
  78
0
  281
0
  65
1
  110
0
  120
0
  130
0
  111
1
  121
0
  131
0
  112
0
  122
1
  132
0
  79
0
  146
0
  348
9B
  60
3
  61
5
  292
0
  282
1
  141
0
  142
0
  63
250
  421
3355443
  1001
ACAD_NAV_VCDISPLAY
  1070
3
  0
ENDTAB
  0
TABLE
  2
LTYPE
  5
5
  330
0
  100
AcDbSymbolTable
  70
1
  0
LTYPE
  5
14
  330
5
  100
AcDbSymbolTableRecord
  100
AcDbLinetypeTableRecord
  2
ByBlock
  70
0
  3

  72
65
  73
0
  40
0
  0
LTYPE
  5
15
  330
5
  100
AcDbSymbolTableRecord
  100
AcDbLinetypeTableRecord
  2
ByLayer
  70
0
  3

  72
65
  73
0
  40
0
  0
LTYPE
  5
16
  330
5
  100
AcDbSymbolTableRecord
  100
AcDbLinetypeTableRecord
  2
Continuous
  70
0
  3
Solid line
  72
65
  73
0
  40
0
  0
ENDTAB
  0
TABLE
  2
LAYER
  5
2
  102
{ACAD_XDICTIONARY
  360
18B
  102
}
  330
0
  100
AcDbSymbolTable
  70
1
  0
LAYER
  5
1024
  100
AcDbSymbolTableRecord
  100
AcDbLayerTableRecord
  2
Top-Silkscreen-Layer
  70
0
  420
16763904
  6
Continuous
  370
-3
  390
F
  347
21
  0
LAYER
  5
1025
  100
AcDbSymbolTableRecord
  100
AcDbLayerTableRecord
  2
Bottom-Silkscreen-Layer
  70
0
  420
6736947
  6
Continuous
  370
-3
  390
F
  347
21
  0
LAYER
  5
1026
  100
AcDbSymbolTableRecord
  100
AcDbLayerTableRecord
  2
Top-Assembly-Layer
  70
0
  420
3394713
  6
Continuous
  370
-3
  390
F
  347
21
  0
LAYER
  5
1027
  100
AcDbSymbolTableRecord
  100
AcDbLayerTableRecord
  2
Bottom-Assembly-Layer
  70
0
  420
5592575
  6
Continuous
  370
-3
  390
F
  347
21
  0
LAYER
  5
1028
  100
AcDbSymbolTableRecord
  100
AcDbLayerTableRecord
  2
Board-Outline-Layer
  70
0
  420
16711935
  6
Continuous
  370
-3
  390
F
  347
21
  0
LAYER
  5
1029
  100
AcDbSymbolTableRecord
  100
AcDbLayerTableRecord
  2
Multi-Layer
  70
0
  420
12632256
  6
Continuous
  370
-3
  390
F
  347
21
  0
LAYER
  5
1030
  100
AcDbSymbolTableRecord
  100
AcDbLayerTableRecord
  2
Document-Layer
  70
0
  420
16777215
  6
Continuous
  370
-3
  390
F
  347
21
  0
LAYER
  5
1031
  100
AcDbSymbolTableRecord
  100
AcDbLayerTableRecord
  2
Mechanical-Layer
  70
0
  420
15737584
  6
Continuous
  370
-3
  390
F
  347
21
  0
LAYER
  5
1032
  100
AcDbSymbolTableRecord
  100
AcDbLayerTableRecord
  2
Hole-Layer
  70
0
  420
2236962
  6
Continuous
  370
-3
  390
F
  347
21
  0
LAYER
  5
1033
  100
AcDbSymbolTableRecord
  100
AcDbLayerTableRecord
  2
3D-Shell-Outline-Layer
  70
0
  420
6750105
  6
Continuous
  370
-3
  390
F
  347
21
  0
LAYER
  5
1034
  100
AcDbSymbolTableRecord
  100
AcDbLayerTableRecord
  2
3D-Shell-Top-Layer
  70
0
  420
16764159
  6
Continuous
  370
-3
  390
F
  347
21
  0
LAYER
  5
1035
  100
AcDbSymbolTableRecord
  100
AcDbLayerTableRecord
  2
3D-Shell-Bottom-Layer
  70
0
  420
26316
  6
Continuous
  370
-3
  390
F
  347
21
  0
LAYER
  5
1036
  100
AcDbSymbolTableRecord
  100
AcDbLayerTableRecord
  2
Drill-Drawing-Layer
  70
0
  420
32896
  6
Continuous
  370
-3
  390
F
  347
21
  0
LAYER
  5
1037
  100
AcDbSymbolTableRecord
  100
AcDbLayerTableRecord
  2
Ratline-Layer
  70
0
  420
6579455
  6
Continuous
  370
-3
  390
F
  347
21
  0
LAYER
  5
10
  102
{ACAD_XDICTIONARY
  360
E1
  102
}
  330
2
  100
AcDbSymbolTableRecord
  100
AcDbLayerTableRecord
  2
0
  70
0
  62
7
  6
Continuous
  370
-3
  390
F
  347
94
  0
ENDTAB
  0
TABLE
  2
STYLE
  5
3
  330
0
  100
AcDbSymbolTable
  70
2
  0
STYLE
  5
11
  330
3
  100
AcDbSymbolTableRecord
  100
AcDbTextStyleTableRecord
  2
Standard
  70
0
  40
0
  41
1
  50
0
  71
0
  42
0.2
  3
arial.ttf
  4

  1001
ACAD
  1000
Arial
  1071
34
  0
STYLE
  5
D7
  330
3
  100
AcDbSymbolTableRecord
  100
AcDbTextStyleTableRecord
  2
Annotative
  70
0
  40
0
  41
1
  50
0
  71
0
  42
0.2
  3
arial.ttf
  4

  1001
AcadAnnotative
  1000
AnnotativeData
  1002
{
  1070
1
  1070
1
  1002
}
  1001
ACAD
  1000
Arial
  1071
34
  0
ENDTAB
  0
TABLE
  2
VIEW
  5
6
  330
0
  100
AcDbSymbolTable
  70
0
  0
ENDTAB
  0
TABLE
  2
UCS
  5
7
  330
0
  100
AcDbSymbolTable
  70
0
  0
ENDTAB
  0
TABLE
  2
APPID
  5
9
  330
0
  100
AcDbSymbolTable
  70
7
  0
APPID
  5
12
  330
9
  100
AcDbSymbolTableRecord
  100
AcDbRegAppTableRecord
  2
ACAD
  70
0
  0
APPID
  5
D8
  330
9
  100
AcDbSymbolTableRecord
  100
AcDbRegAppTableRecord
  2
AcadAnnoPO
  70
0
  0
APPID
  5
D9
  330
9
  100
AcDbSymbolTableRecord
  100
AcDbRegAppTableRecord
  2
AcadAnnotative
  70
0
  0
APPID
  5
DA
  330
9
  100
AcDbSymbolTableRecord
  100
AcDbRegAppTableRecord
  2
ACAD_DSTYLE_DIMJAG
  70
0
  0
APPID
  5
DB
  330
9
  100
AcDbSymbolTableRecord
  100
AcDbRegAppTableRecord
  2
ACAD_DSTYLE_DIMTALN
  70
0
  0
APPID
  5
102
  330
9
  100
AcDbSymbolTableRecord
  100
AcDbRegAppTableRecord
  2
ACAD_MLEADERVER
  70
0
  0
APPID
  5
1A3
  330
9
  100
AcDbSymbolTableRecord
  100
AcDbRegAppTableRecord
  2
ACAD_NAV_VCDISPLAY
  70
0
  0
ENDTAB
  0
TABLE
  2
DIMSTYLE
  5
A
  330
0
  100
AcDbSymbolTable
  70
2
  100
AcDbDimStyleTable
  71
2
  340
DC
  340
27
  0
DIMSTYLE
  105
27
  330
A
  100
AcDbSymbolTableRecord
  100
AcDbDimStyleTableRecord
  2
Standard
  70
0
  340
11
  0
DIMSTYLE
  105
DC
  330
A
  100
AcDbSymbolTableRecord
  100
AcDbDimStyleTableRecord
  2
Annotative
  70
0
  40
0
  340
11
  1001
AcadAnnotative
  1000
AnnotativeData
  1002
{
  1070
1
  1070
1
  1002
}
  1001
ACAD_DSTYLE_DIMJAG
  1070
388
  1040
1.5
  1001
ACAD_DSTYLE_DIMTALN
  1070
392
  1070
0
  0
ENDTAB
  0
TABLE
  2
BLOCK_RECORD
  5
1
  330
0
  100
AcDbSymbolTable
  70
1
  0
BLOCK_RECORD
  5
1F
  102
{ACAD_XDICTIONARY
  360
15A
  102
}
  330
1
  100
AcDbSymbolTableRecord
  100
AcDbBlockTableRecord
  2
*Model_Space
  340
22
  70
0
  280
1
  281
0
  0
BLOCK_RECORD
  5
73
  330
1
  100
AcDbSymbolTableRecord
  100
AcDbBlockTableRecord
  2
*Paper_Space
  340
74
  70
0
  280
1
  281
0
  0
BLOCK_RECORD
  5
78
  330
1
  100
AcDbSymbolTableRecord
  100
AcDbBlockTableRecord
  2
*Paper_Space0
  340
79
  70
0
  280
1
  281
0
  0
ENDTAB
  0
ENDSEC
  0
SECTION
  2
BLOCKS
  0
BLOCK
  5
20
  330
1F
  100
AcDbEntity
  8
0
  100
AcDbBlockBegin
  2
*Model_Space
  70
0
  10
0
  20
0
  3
*Model_Space
  1

  0
ENDBLK
  5
21
  330
1F
  100
AcDbEntity
  8
0
  100
AcDbBlockEnd
  0
BLOCK
  5
75
  330
73
  100
AcDbEntity
  67
1
  8
0
  100
AcDbBlockBegin
  2
*Paper_Space
  70
0
  10
0
  20
0
  3
*Paper_Space
  1

  0
ENDBLK
  5
76
  330
73
  100
AcDbEntity
  67
1
  8
0
  100
AcDbBlockEnd
  0
BLOCK
  5
7A
  330
78
  100
AcDbEntity
  67
1
  8
0
  100
AcDbBlockBegin
  2
*Paper_Space0
  70
0
  10
0
  20
0
  3
*Paper_Space0
  1

  0
ENDBLK
  5
7B
  330
78
  100
AcDbEntity
  67
1
  8
0
  100
AcDbBlockEnd
  0
ENDSEC
  0
SECTION
  2
ENTITIES
  0
HATCH
  5
1456
  100
AcDbEntity
  8
Bottom-Silkscreen-Layer
  100
AcDbHatch
  10
0
  20
0
  30
0
  210
0
  220
0
  230
1
  2
SOLID
  70
1
  71
0
  91
1
  92
7
  72
0
  73
1
  93
164
  10
60.56276757000011
  20
1.8678080151498277
  10
60.48430238798735
  20
1.8704318339840649
  10
60.372730422277264
  20
1.906104334599697
  10
60.06409305308736
  20
1.9946026308731988
  10
59.77927011855856
  20
2.07907943242013
  10
59.73261704155105
  20
2.0938249130842217
  10
59.75212651011783
  20
1.9937322599766114
  10
59.86894096787169
  20
1.519272119108145
  10
60.01168726583231
  20
0.9634227698003515
  10
60.03207048307304
  20
0.7352966518829848
  10
59.97720289298479
  20
0.6886523955125554
  10
59.842970861299634
  20
0.7543241032353991
  10
59.503663000335415
  20
0.9449162703714421
  10
58.998655399968335
  20
1.233574460571217
  10
58.50120540674464
  20
1.5330074612864169
  10
58.17236977441286
  20
1.719495543756795
  10
57.99452684176019
  20
1.8273008265611792
  10
57.91819182074819
  20
1.940741284440553
  10
57.86932567228182
  20
2.132578653735217
  10
57.65569731036201
  20
2.6891522532781265
  10
57.466827286780294
  20
3.1746540336960063
  10
57.42706853325127
  20
3.2389979493211363
  10
57.304176101144975
  20
3.1278573035918718
  10
56.9527314246585
  20
2.727569281100516
  10
56.61054720857051
  20
2.310636209345946
  10
56.512566180263434
  20
2.1828568674257047
  10
56.48578610229289
  20
2.014843519023046
  10
56.43735363929972
  20
1.7181486924423675
  10
56.36728154673904
  20
1.2150997265034977
  10
56.28533412548553
  20
0.5833629293143681
  10
56.17042660826828
  20
-0.28235116532320365
  10
56.06236877043668
  20
-1.1948556369926742
  10
56.0136237987937
  20
-1.6277158608475797
  10
55.96533164580657
  20
-1.8762226345040274
  10
55.93910643013263
  20
-1.9960479299824578
  10
55.986046504879766
  20
-2.042806541653168
  10
56.04847807983895
  20
-2.2388496447693
  10
56.08624060464571
  20
-2.680610522829459
  10
56.10904735835437
  20
-3.0613247297559423
  10
56.109576709740786
  20
-3.1495625500676914
  10
56.05673085928498
  20
-3.1696064929781658
  10
55.81597164437954
  20
-3.260817551097237
  10
55.38764346231201
  20
-3.407243160035621
  10
55.14722864469412
  20
-3.482495300693169
  10
54.95310975134108
  20
-3.3344433052618907
  10
54.69344695198585
  20
-3.133095386827138
  10
54.62790304598364
  20
-3.079799463823661
  10
54.50553996526376
  20
-3.1290929513172805
  10
54.07782404504075
  20
-3.280721726418478
  10
53.70201007159657
  20
-3.405292766858596
  10
53.302706927596184
  20
-3.5129328697847946
  10
52.81312705016569
  20
-3.6377961515478545
  10
52.6081277536172
  20
-3.7346233255252024
  10
52.563343350781004
  20
-3.808318963484472
  10
52.40129167153511
  20
-4.159288086193257
  10
52.202733879809266
  20
-4.577053410410988
  10
52.12028261807952
  20
-4.701135264288789
  10
51.81121794114396
  20
-4.870323931055453
  10
51.309443848643284
  20
-5.134840446751329
  10
50.93624474349344
  20
-5.344625245117972
  10
50.67787024510273
  20
-5.485663448798644
  10
50.20223208009033
  20
-5.745618458627731
  10
49.6972308574508
  20
-6.025973183412612
  10
49.24356396383838
  20
-6.270992120410471
  10
48.90985574766058
  20
-6.415575338399873
  10
48.821753819324044
  20
-6.314212070844687
  10
48.71120866774906
  20
-6.0849678122134545
  10
48.637915822777046
  20
-5.920601127275332
  10
48.60394166813331
  20
-5.777676061140013
  10
48.58809939290615
  20
-5.658740195774885
  10
48.708874419466795
  20
-5.5094366451127454
  10
48.80832232510972
  20
-5.353055771977623
  10
48.651972334290996
  20
-5.405449558723322
  10
48.486317238980966
  20
-5.464927021014242
  10
48.421653459380266
  20
-5.342090369295063
  10
48.35720652251617
  20
-5.102268245387781
  10
48.28386265572379
  20
-4.883900446427778
  10
48.24094054933137
  20
-4.71263432503933
  10
48.31140806099999
  20
-4.540720190282619
  10
48.381875572668605
  20
-4.426695249757362
  10
48.6041840217801
  20
-4.079944567014522
  10
48.90366297421228
  20
-3.660368617208999
  10
49.15699269011318
  20
-3.460132486415872
  10
49.450597755474426
  20
-3.2785743880020775
  10
49.93210980755775
  20
-2.9830739390021197
  10
50.46021753710066
  20
-2.641075354293202
  10
50.62425906734127
  20
-2.52841632429909
  10
50.69804937506196
  20
-2.2710978394487165
  10
50.917825866337225
  20
-1.4873256705351674
  10
51.09715480950838
  20
-0.8672912324081935
  10
51.130497569124955
  20
-0.7736977721999211
  10
51.371020808111155
  20
-0.6181427984557205
  10
51.95212107584345
  20
-0.246761254646664
  10
52.46886369489732
  20
0.08026949186983338
  10
52.817763658092474
  20
0.30077827617399705
  10
52.99049165325231
  20
0.4100828840265193
  10
52.97919669776629
  20
0.485023724144411
  10
52.93154231753388
  20
0.6886523955125573
  10
52.84437153741924
  20
1.0045207941071213
  10
52.713430413148416
  20
1.5071949287839592
  10
52.633287888790754
  20
1.883341276771416
  10
52.749687794254044
  20
2.251241336994119
  10
52.915738308672005
  20
2.667043561890349
  10
52.95788233230366
  20
2.782955364870253
  10
52.83809585351283
  20
2.761844105823817
  10
52.725803204589916
  20
2.733375989125928
  10
52.685419433761275
  20
2.6527745616440956
  10
52.645029285205084
  20
2.572166781090026
  10
52.20493419581303
  20
2.3544025239926216
  10
51.72687887206026
  20
2.157793997447316
  10
51.59538926322038
  20
2.445753349700926
  10
51.47963350823936
  20
2.7872309824863364
  10
51.51756185396234
  20
3.243483218321072
  10
51.58920924522718
  20
3.6978930632068256
  10
51.64135992338034
  20
3.8071595526259188
  10
51.81119243023377
  20
3.8883835811870626
  10
51.94037330170158
  20
3.9331663873917946
  10
51.93691019564347
  20
3.977993665102192
  10
51.86056879690391
  20
4.268443421673046
  10
51.78770325967756
  20
4.567476178837259
  10
51.78770325967756
  20
4.620873750996542
  10
52.12241277908028
  20
4.8402262761534125
  10
52.54516682727159
  20
5.124005306874504
  10
52.63321773378774
  20
5.188431812438721
  10
52.96795914182818
  20
5.244338848131963
  10
53.44363557320587
  20
5.322665875752639
  10
53.682730201221496
  20
5.359589931599127
  10
53.83923325750135
  20
5.359500988587798
  10
54.0772755604717
  20
5.066357529388089
  10
54.30078940008961
  20
4.748310027015936
  10
54.34459801061107
  20
4.70881297691311
  10
54.42260399624044
  20
4.734034673697449
  10
54.88817810718341
  20
4.887150067702306
  10
55.40492072623728
  20
5.061643549787591
  10
55.53410797543263
  20
5.108236981580115
  10
55.528546597011506
  20
5.267457678005562
  10
55.48647910611041
  20
5.620790143586835
  10
55.44997937135799
  20
5.814895559670422
  10
55.54456107088243
  20
5.9249561831192485
  10
55.74039557294565
  20
6.163704637818328
  10
55.934501710843584
  20
6.319831388063942
  10
56.28574230004855
  20
6.410280077514468
  10
56.64232742493803
  20
6.4845093735417185
  10
56.74054442916436
  20
6.495728899113792
  10
56.8500818997869
  20
6.4206546444789065
  10
57.256866118200115
  20
6.12199036550449
  10
57.677311429019355
  20
5.819825543727004
  10
57.83501349807808
  20
5.6888061349654535
  10
57.97185402033003
  20
5.22932018536164
  10
58.07419103655182
  20
4.8222915532259085
  10
58.23695064355544
  20
4.732363815698885
  10
58.77813909229759
  20
4.4437691562214905
  10
59.1709815982927
  20
4.245095881198879
  10
59.33277816843671
  20
4.179030282997288
  10
59.56238273786215
  20
4.081580507940631
  10
59.68679306912468
  20
4.014352297519509
  10
59.76808996216838
  20
3.8953656075764775
  10
60.0136197172791
  20
3.4523214089242718
  10
60.22006038025325
  20
3.0850566559253547
  10
60.30513288800488
  20
2.9302322854885077
  10
60.4789004527549
  20
2.6423555231739924
  10
60.567582754298215
  20
2.501971685933821
  10
60.58385233727103
  20
2.1920307037371876
  10
60.60012192024385
  20
1.8820897215405539
  97
1
  330
1455
  75
0
  76
1
  47
0.4128176842155181
  98
1
  10
34.90568961886538
  20
22.81183545379326
  450
0
  451
0
  460
0
  461
0
  452
1
  462
1
  453
2
  463
0
  63
5
  421
255
  463
1
  63
7
  421
16777215
  470
LINEAR
  1001
ACAD
  1010
0
  1020
0
  1030
0
  0
LWPOLYLINE
  5
1455
  100
AcDbEntity
  8
Bottom-Silkscreen-Layer
  100
AcDbPolyline
  90
164
  70
1
  43
0.25400050800101603
  10
60.56276757000011
  20
1.8678080151498277
  10
60.48430238798735
  20
1.8704318339840649
  10
60.372730422277264
  20
1.906104334599697
  10
60.06409305308736
  20
1.9946026308731988
  10
59.77927011855856
  20
2.07907943242013
  10
59.73261704155105
  20
2.0938249130842217
  10
59.75212651011783
  20
1.9937322599766114
  10
59.86894096787169
  20
1.519272119108145
  10
60.01168726583231
  20
0.9634227698003515
  10
60.03207048307304
  20
0.7352966518829848
  10
59.97720289298479
  20
0.6886523955125554
  10
59.842970861299634
  20
0.7543241032353991
  10
59.503663000335415
  20
0.9449162703714421
  10
58.998655399968335
  20
1.233574460571217
  10
58.50120540674464
  20
1.5330074612864169
  10
58.17236977441286
  20
1.719495543756795
  10
57.99452684176019
  20
1.8273008265611792
  10
57.91819182074819
  20
1.940741284440553
  10
57.86932567228182
  20
2.132578653735217
  10
57.65569731036201
  20
2.6891522532781265
  10
57.466827286780294
  20
3.1746540336960063
  10
57.42706853325127
  20
3.2389979493211363
  10
57.304176101144975
  20
3.1278573035918718
  10
56.9527314246585
  20
2.727569281100516
  10
56.61054720857051
  20
2.310636209345946
  10
56.512566180263434
  20
2.1828568674257047
  10
56.48578610229289
  20
2.014843519023046
  10
56.43735363929972
  20
1.7181486924423675
  10
56.36728154673904
  20
1.2150997265034977
  10
56.28533412548553
  20
0.5833629293143681
  10
56.17042660826828
  20
-0.28235116532320365
  10
56.06236877043668
  20
-1.1948556369926742
  10
56.0136237987937
  20
-1.6277158608475797
  10
55.96533164580657
  20
-1.8762226345040274
  10
55.93910643013263
  20
-1.9960479299824578
  10
55.986046504879766
  20
-2.042806541653168
  10
56.04847807983895
  20
-2.2388496447693
  10
56.08624060464571
  20
-2.680610522829459
  10
56.10904735835437
  20
-3.0613247297559423
  10
56.109576709740786
  20
-3.1495625500676914
  10
56.05673085928498
  20
-3.1696064929781658
  10
55.81597164437954
  20
-3.260817551097237
  10
55.38764346231201
  20
-3.407243160035621
  10
55.14722864469412
  20
-3.482495300693169
  10
54.95310975134108
  20
-3.3344433052618907
  10
54.69344695198585
  20
-3.133095386827138
  10
54.62790304598364
  20
-3.079799463823661
  10
54.50553996526376
  20
-3.1290929513172805
  10
54.07782404504075
  20
-3.280721726418478
  10
53.70201007159657
  20
-3.405292766858596
  10
53.302706927596184
  20
-3.5129328697847946
  10
52.81312705016569
  20
-3.6377961515478545
  10
52.6081277536172
  20
-3.7346233255252024
  10
52.563343350781004
  20
-3.808318963484472
  10
52.40129167153511
  20
-4.159288086193257
  10
52.202733879809266
  20
-4.577053410410988
  10
52.12028261807952
  20
-4.701135264288789
  10
51.81121794114396
  20
-4.870323931055453
  10
51.309443848643284
  20
-5.134840446751329
  10
50.93624474349344
  20
-5.344625245117972
  10
50.67787024510273
  20
-5.485663448798644
  10
50.20223208009033
  20
-5.745618458627731
  10
49.6972308574508
  20
-6.025973183412612
  10
49.24356396383838
  20
-6.270992120410471
  10
48.90985574766058
  20
-6.415575338399873
  10
48.821753819324044
  20
-6.314212070844687
  10
48.71120866774906
  20
-6.0849678122134545
  10
48.637915822777046
  20
-5.920601127275332
  10
48.60394166813331
  20
-5.777676061140013
  10
48.58809939290615
  20
-5.658740195774885
  10
48.708874419466795
  20
-5.5094366451127454
  10
48.80832232510972
  20
-5.353055771977623
  10
48.651972334290996
  20
-5.405449558723322
  10
48.486317238980966
  20
-5.464927021014242
  10
48.421653459380266
  20
-5.342090369295063
  10
48.35720652251617
  20
-5.102268245387781
  10
48.28386265572379
  20
-4.883900446427778
  10
48.24094054933137
  20
-4.71263432503933
  10
48.31140806099999
  20
-4.540720190282619
  10
48.381875572668605
  20
-4.426695249757362
  10
48.6041840217801
  20
-4.079944567014522
  10
48.90366297421228
  20
-3.660368617208999
  10
49.15699269011318
  20
-3.460132486415872
  10
49.450597755474426
  20
-3.2785743880020775
  10
49.93210980755775
  20
-2.9830739390021197
  10
50.46021753710066
  20
-2.641075354293202
  10
50.62425906734127
  20
-2.52841632429909
  10
50.69804937506196
  20
-2.2710978394487165
  10
50.917825866337225
  20
-1.4873256705351674
  10
51.09715480950838
  20
-0.8672912324081935
  10
51.130497569124955
  20
-0.7736977721999211
  10
51.371020808111155
  20
-0.6181427984557205
  10
51.95212107584345
  20
-0.246761254646664
  10
52.46886369489732
  20
0.08026949186983338
  10
52.817763658092474
  20
0.30077827617399705
  10
52.99049165325231
  20
0.4100828840265193
  10
52.97919669776629
  20
0.485023724144411
  10
52.93154231753388
  20
0.6886523955125573
  10
52.84437153741924
  20
1.0045207941071213
  10
52.713430413148416
  20
1.5071949287839592
  10
52.633287888790754
  20
1.883341276771416
  10
52.749687794254044
  20
2.251241336994119
  10
52.915738308672005
  20
2.667043561890349
  10
52.95788233230366
  20
2.782955364870253
  10
52.83809585351283
  20
2.761844105823817
  10
52.725803204589916
  20
2.733375989125928
  10
52.685419433761275
  20
2.6527745616440956
  10
52.645029285205084
  20
2.572166781090026
  10
52.20493419581303
  20
2.3544025239926216
  10
51.72687887206026
  20
2.157793997447316
  10
51.59538926322038
  20
2.445753349700926
  10
51.47963350823936
  20
2.7872309824863364
  10
51.51756185396234
  20
3.243483218321072
  10
51.58920924522718
  20
3.6978930632068256
  10
51.64135992338034
  20
3.8071595526259188
  10
51.81119243023377
  20
3.8883835811870626
  10
51.94037330170158
  20
3.9331663873917946
  10
51.93691019564347
  20
3.977993665102192
  10
51.86056879690391
  20
4.268443421673046
  10
51.78770325967756
  20
4.567476178837259
  10
51.78770325967756
  20
4.620873750996542
  10
52.12241277908028
  20
4.8402262761534125
  10
52.54516682727159
  20
5.124005306874504
  10
52.63321773378774
  20
5.188431812438721
  10
52.96795914182818
  20
5.244338848131963
  10
53.44363557320587
  20
5.322665875752639
  10
53.682730201221496
  20
5.359589931599127
  10
53.83923325750135
  20
5.359500988587798
  10
54.0772755604717
  20
5.066357529388089
  10
54.30078940008961
  20
4.748310027015936
  10
54.34459801061107
  20
4.70881297691311
  10
54.42260399624044
  20
4.734034673697449
  10
54.88817810718341
  20
4.887150067702306
  10
55.40492072623728
  20
5.061643549787591
  10
55.53410797543263
  20
5.108236981580115
  10
55.528546597011506
  20
5.267457678005562
  10
55.48647910611041
  20
5.620790143586835
  10
55.44997937135799
  20
5.814895559670422
  10
55.54456107088243
  20
5.9249561831192485
  10
55.74039557294565
  20
6.163704637818328
  10
55.934501710843584
  20
6.319831388063942
  10
56.28574230004855
  20
6.410280077514468
  10
56.64232742493803
  20
6.4845093735417185
  10
56.74054442916436
  20
6.495728899113792
  10
56.8500818997869
  20
6.4206546444789065
  10
57.256866118200115
  20
6.12199036550449
  10
57.677311429019355
  20
5.819825543727004
  10
57.83501349807808
  20
5.6888061349654535
  10
57.97185402033003
  20
5.22932018536164
  10
58.07419103655182
  20
4.8222915532259085
  10
58.23695064355544
  20
4.732363815698885
  10
58.77813909229759
  20
4.4437691562214905
  10
59.1709815982927
  20
4.245095881198879
  10
59.33277816843671
  20
4.179030282997288
  10
59.56238273786215
  20
4.081580507940631
  10
59.68679306912468
  20
4.014352297519509
  10
59.76808996216838
  20
3.8953656075764775
  10
60.0136197172791
  20
3.4523214089242718
  10
60.22006038025325
  20
3.0850566559253547
  10
60.30513288800488
  20
2.9302322854885077
  10
60.4789004527549
  20
2.6423555231739924
  10
60.567582754298215
  20
2.501971685933821
  10
60.58385233727103
  20
2.1920307037371876
  10
60.60012192024385
  20
1.8820897215405539
  0
HATCH
  5
1458
  100
AcDbEntity
  8
Bottom-Silkscreen-Layer
  100
AcDbHatch
  10
0
  20
0
  30
0
  210
0
  220
0
  230
1
  2
SOLID
  70
1
  71
0
  91
1
  92
7
  72
0
  73
1
  93
20
  10
56.28865054381006
  20
2.0925161802032197
  10
56.00091936551975
  20
1.9498452369574157
  10
55.698532169326064
  20
1.7887694434385104
  10
55.41666850037915
  20
1.6350886260044797
  10
54.852947540212874
  20
1.3253001175415569
  10
54.46538579262682
  20
1.1035906025844353
  10
54.27747880590473
  20
0.9977928906072194
  10
53.84293871720625
  20
0.7519480542184364
  10
53.38551534206855
  20
0.48323215777333195
  10
53.25693397699018
  20
0.4017476532504357
  10
53.643889840459266
  20
0.21327105916960298
  10
54.95540573325807
  20
-0.42685814644575
  10
55.897734111534184
  20
-0.8675707675866616
  10
55.93150417889642
  20
-0.6864764434462306
  10
55.96908812733185
  20
-0.3759382724592387
  10
56.03797396256878
  20
0.11540833441748051
  10
56.13198804434152
  20
0.8407385918148809
  10
56.20558064250824
  20
1.4256786588998724
  10
56.26287814679197
  20
1.8117421526506399
  10
56.29537904637231
  20
2.0398682705680065
  97
1
  330
1457
  75
0
  76
1
  47
0.4128176842155181
  98
1
  10
34.90568961886538
  20
22.81183545379326
  450
0
  451
0
  460
0
  461
0
  452
1
  462
1
  453
2
  463
0
  63
5
  421
255
  463
1
  63
7
  421
16777215
  470
LINEAR
  1001
ACAD
  1010
0
  1020
0
  1030
0
  0
LWPOLYLINE
  5
1457
  100
AcDbEntity
  8
Bottom-Silkscreen-Layer
  100
AcDbPolyline
  90
20
  70
1
  43
0.25400050800101603
  10
56.28865054381006
  20
2.0925161802032197
  10
56.00091936551975
  20
1.9498452369574157
  10
55.698532169326064
  20
1.7887694434385104
  10
55.41666850037915
  20
1.6350886260044797
  10
54.852947540212874
  20
1.3253001175415569
  10
54.46538579262682
  20
1.1035906025844353
  10
54.27747880590473
  20
0.9977928906072194
  10
53.84293871720625
  20
0.7519480542184364
  10
53.38551534206855
  20
0.48323215777333195
  10
53.25693397699018
  20
0.4017476532504357
  10
53.643889840459266
  20
0.21327105916960298
  10
54.95540573325807
  20
-0.42685814644575
  10
55.897734111534184
  20
-0.8675707675866616
  10
55.93150417889642
  20
-0.6864764434462306
  10
55.96908812733185
  20
-0.3759382724592387
  10
56.03797396256878
  20
0.11540833441748051
  10
56.13198804434152
  20
0.8407385918148809
  10
56.20558064250824
  20
1.4256786588998724
  10
56.26287814679197
  20
1.8117421526506399
  10
56.29537904637231
  20
2.0398682705680065
  0
HATCH
  5
1460
  100
AcDbEntity
  8
Bottom-Silkscreen-Layer
  100
AcDbHatch
  10
0
  20
0
  30
0
  210
0
  220
0
  230
1
  2
SOLID
  70
1
  71
0
  91
1
  92
7
  72
0
  73
1
  93
19
  10
54.63366213395874
  20
-1.8947227808606995
  10
54.240226499301734
  20
-1.3330413112385409
  10
53.72549924215277
  20
-0.611846903867992
  10
53.28431356135016
  20
0.011834197723516857
  10
53.155126312154806
  20
0.17378036213901324
  10
53.01165295325381
  20
-0.25322868218481515
  10
52.733603165380096
  20
-1.1363629008986194
  10
52.48786294526032
  20
-1.8850915233480887
  10
52.351449730754034
  20
-2.317945394130757
  10
52.291620268634084
  20
-2.5019303661394163
  10
52.27389018605297
  20
-2.5455251478356673
  10
52.36550624226798
  20
-2.5304048359095406
  10
52.645029285205084
  20
-2.4929534750673095
  10
53.18526107481515
  20
-2.4343336775284987
  10
53.80770815023572
  20
-2.3625121958794018
  10
54.27747880590473
  20
-2.3053599580275406
  10
54.6298036087927
  20
-2.2696811043396727
  10
54.8118430861714
  20
-2.246568627538309
  10
54.841199766071
  20
-2.2171729622936955
  97
1
  330
1459
  75
0
  76
1
  47
0.4128176842155181
  98
1
  10
34.90568961886538
  20
22.81183545379326
  450
0
  451
0
  460
0
  461
0
  452
1
  462
1
  453
2
  463
0
  63
5
  421
255
  463
1
  63
7
  421
16777215
  470
LINEAR
  1001
ACAD
  1010
0
  1020
0
  1030
0
  0
LWPOLYLINE
  5
1459
  100
AcDbEntity
  8
Bottom-Silkscreen-Layer
  100
AcDbPolyline
  90
19
  70
1
  43
0.25400050800101603
  10
54.63366213395874
  20
-1.8947227808606995
  10
54.240226499301734
  20
-1.3330413112385409
  10
53.72549924215277
  20
-0.611846903867992
  10
53.28431356135016
  20
0.011834197723516857
  10
53.155126312154806
  20
0.17378036213901324
  10
53.01165295325381
  20
-0.25322868218481515
  10
52.733603165380096
  20
-1.1363629008986194
  10
52.48786294526032
  20
-1.8850915233480887
  10
52.351449730754034
  20
-2.317945394130757
  10
52.291620268634084
  20
-2.5019303661394163
  10
52.27389018605297
  20
-2.5455251478356673
  10
52.36550624226798
  20
-2.5304048359095406
  10
52.645029285205084
  20
-2.4929534750673095
  10
53.18526107481515
  20
-2.4343336775284987
  10
53.80770815023572
  20
-2.3625121958794018
  10
54.27747880590473
  20
-2.3053599580275406
  10
54.6298036087927
  20
-2.2696811043396727
  10
54.8118430861714
  20
-2.246568627538309
  10
54.841199766071
  20
-2.2171729622936955
  0
HATCH
  5
1462
  100
AcDbEntity
  8
Bottom-Silkscreen-Layer
  100
AcDbHatch
  10
0
  20
0
  30
0
  210
0
  220
0
  230
1
  2
SOLID
  70
1
  71
0
  91
1
  92
7
  72
0
  73
1
  93
17
  10
55.83946081493575
  20
2.3121672997552727
  10
55.33445959229621
  20
2.4518650051937536
  10
54.852947540212874
  20
2.573005386625423
  10
54.618062212378376
  20
2.632984741623136
  10
54.090050148748674
  20
2.7830125425203924
  10
53.593977744675165
  20
2.911433544736659
  10
53.529071611427675
  20
2.7768945339553257
  10
53.44459223233794
  20
2.1861032873392587
  10
53.36378642431537
  20
1.577764855202198
  10
53.280786678016575
  20
1.0198952289227614
  10
53.22049801951323
  20
0.6058845703976123
  10
53.46125085669113
  20
0.7407412347908396
  10
54.07782404504075
  20
1.0975615370307001
  10
54.852947540212874
  20
1.5357837538543644
  10
55.357948762852416
  20
1.8175043891703853
  10
55.77745016999467
  20
2.0449951998639677
  10
56.059313838941584
  20
2.235257007243642
  97
1
  330
1461
  75
0
  76
1
  47
0.4128176842155181
  98
1
  10
34.90568961886538
  20
22.81183545379326
  450
0
  451
0
  460
0
  461
0
  452
1
  462
1
  453
2
  463
0
  63
5
  421
255
  463
1
  63
7
  421
16777215
  470
LINEAR
  1001
ACAD
  1010
0
  1020
0
  1030
0
  0
LWPOLYLINE
  5
1461
  100
AcDbEntity
  8
Bottom-Silkscreen-Layer
  100
AcDbPolyline
  90
17
  70
1
  43
0.25400050800101603
  10
55.83946081493575
  20
2.3121672997552727
  10
55.33445959229621
  20
2.4518650051937536
  10
54.852947540212874
  20
2.573005386625423
  10
54.618062212378376
  20
2.632984741623136
  10
54.090050148748674
  20
2.7830125425203924
  10
53.593977744675165
  20
2.911433544736659
  10
53.529071611427675
  20
2.7768945339553257
  10
53.44459223233794
  20
2.1861032873392587
  10
53.36378642431537
  20
1.577764855202198
  10
53.280786678016575
  20
1.0198952289227614
  10
53.22049801951323
  20
0.6058845703976123
  10
53.46125085669113
  20
0.7407412347908396
  10
54.07782404504075
  20
1.0975615370307001
  10
54.852947540212874
  20
1.5357837538543644
  10
55.357948762852416
  20
1.8175043891703853
  10
55.77745016999467
  20
2.0449951998639677
  10
56.059313838941584
  20
2.235257007243642
  0
HATCH
  5
1464
  100
AcDbEntity
  8
Bottom-Silkscreen-Layer
  100
AcDbHatch
  10
0
  20
0
  30
0
  210
0
  220
0
  230
1
  2
SOLID
  70
1
  71
0
  91
1
  92
7
  72
0
  73
1
  93
19
  10
56.174616775266756
  20
2.607261152132008
  10
56.109162157450214
  20
2.876332820622436
  10
56.015626405243516
  20
3.2740923203631183
  10
55.92427821358549
  20
3.6601558141138875
  10
55.81484278660369
  20
4.151508774062844
  10
55.694718288252865
  20
4.683800931512622
  10
55.63899608267329
  20
4.853434313335938
  10
55.3779875828056
  20
4.637010554480724
  10
54.570949938987475
  20
3.929227482604315
  10
53.83732631696475
  20
3.276970262086874
  10
53.666779504626035
  20
3.0994781299053167
  10
53.98974124988687
  20
2.997485908198582
  10
54.48887496318302
  20
2.863029487356341
  10
54.82945836965667
  20
2.771659602431319
  10
55.451899067349686
  20
2.606848202436545
  10
56.003878631101635
  20
2.46248734197547
  10
56.16617266399432
  20
2.4271388480439713
  10
56.23451639238973
  20
2.4136766879719302
  10
56.2222073782237
  20
2.4461218278907206
  97
1
  330
1463
  75
0
  76
1
  47
0.4128176842155181
  98
1
  10
34.90568961886538
  20
22.81183545379326
  450
0
  451
0
  460
0
  461
0
  452
1
  462
1
  453
2
  463
0
  63
5
  421
255
  463
1
  63
7
  421
16777215
  470
LINEAR
  1001
ACAD
  1010
0
  1020
0
  1030
0
  0
LWPOLYLINE
  5
1463
  100
AcDbEntity
  8
Bottom-Silkscreen-Layer
  100
AcDbPolyline
  90
19
  70
1
  43
0.25400050800101603
  10
56.174616775266756
  20
2.607261152132008
  10
56.109162157450214
  20
2.876332820622436
  10
56.015626405243516
  20
3.2740923203631183
  10
55.92427821358549
  20
3.6601558141138875
  10
55.81484278660369
  20
4.151508774062844
  10
55.694718288252865
  20
4.683800931512622
  10
55.63899608267329
  20
4.853434313335938
  10
55.3779875828056
  20
4.637010554480724
  10
54.570949938987475
  20
3.929227482604315
  10
53.83732631696475
  20
3.276970262086874
  10
53.666779504626035
  20
3.0994781299053167
  10
53.98974124988687
  20
2.997485908198582
  10
54.48887496318302
  20
2.863029487356341
  10
54.82945836965667
  20
2.771659602431319
  10
55.451899067349686
  20
2.606848202436545
  10
56.003878631101635
  20
2.46248734197547
  10
56.16617266399432
  20
2.4271388480439713
  10
56.23451639238973
  20
2.4136766879719302
  10
56.2222073782237
  20
2.4461218278907206
  0
HATCH
  5
1466
  100
AcDbEntity
  8
Bottom-Silkscreen-Layer
  100
AcDbHatch
  10
0
  20
0
  30
0
  210
0
  220
0
  230
1
  2
SOLID
  70
1
  71
0
  91
1
  92
7
  72
0
  73
1
  93
14
  10
55.56934492013071
  20
-0.9242211127317297
  10
54.65329277934891
  20
-0.47286074252015403
  10
53.772477583265186
  20
-0.05061650237472591
  10
53.516985817725796
  20
0.07256321524530036
  10
53.45826608019905
  20
0.08415121900717153
  10
53.5562152198684
  20
-0.06516503779944367
  10
54.096447009478474
  20
-0.8245287031751024
  10
54.76666964195484
  20
-1.7766128148864926
  10
55.01718040227989
  20
-2.1189163470628256
  10
55.048622599087416
  20
-2.144906765587945
  10
55.18737006187597
  20
-1.9623512348328054
  10
55.42376691113914
  20
-1.6394118668374946
  10
55.663390890541194
  20
-1.3001451031908615
  10
55.798930356373525
  20
-1.070227418902416
  97
1
  330
1465
  75
0
  76
1
  47
0.4128176842155181
  98
1
  10
34.90568961886538
  20
22.81183545379326
  450
0
  451
0
  460
0
  461
0
  452
1
  462
1
  453
2
  463
0
  63
5
  421
255
  463
1
  63
7
  421
16777215
  470
LINEAR
  1001
ACAD
  1010
0
  1020
0
  1030
0
  0
LWPOLYLINE
  5
1465
  100
AcDbEntity
  8
Bottom-Silkscreen-Layer
  100
AcDbPolyline
  90
14
  70
1
  43
0.25400050800101603
  10
55.56934492013071
  20
-0.9242211127317297
  10
54.65329277934891
  20
-0.47286074252015403
  10
53.772477583265186
  20
-0.05061650237472591
  10
53.516985817725796
  20
0.07256321524530036
  10
53.45826608019905
  20
0.08415121900717153
  10
53.5562152198684
  20
-0.06516503779944367
  10
54.096447009478474
  20
-0.8245287031751024
  10
54.76666964195484
  20
-1.7766128148864926
  10
55.01718040227989
  20
-2.1189163470628256
  10
55.048622599087416
  20
-2.144906765587945
  10
55.18737006187597
  20
-1.9623512348328054
  10
55.42376691113914
  20
-1.6394118668374946
  10
55.663390890541194
  20
-1.3001451031908615
  10
55.798930356373525
  20
-1.070227418902416
  0
HATCH
  5
1468
  100
AcDbEntity
  8
Bottom-Silkscreen-Layer
  100
AcDbHatch
  10
0
  20
0
  30
0
  210
0
  220
0
  230
1
  2
SOLID
  70
1
  71
0
  91
1
  92
7
  72
0
  73
1
  93
14
  10
52.86229932955432
  20
0.10547848250969523
  10
52.591622194725126
  20
-0.06644835839149235
  10
51.92220315591971
  20
-0.4972819522025174
  10
51.40417861362886
  20
-0.8365741281381015
  10
51.36124375178135
  20
-0.8673484100583332
  10
51.737759275255726
  20
-1.6246663861734012
  10
52.12481080463801
  20
-2.3924796376254247
  10
52.15851071699722
  20
-2.325359429432349
  10
52.257984133550345
  20
-2.002076995536193
  10
52.44600591936829
  20
-1.4171369284512012
  10
52.70366611227371
  20
-0.6216179289698348
  10
52.89289966632561
  20
-0.04837386787475804
  10
52.93740982687727
  20
0.1118569670365128
  10
52.938634350566325
  20
0.1551023297596813
  97
1
  330
1467
  75
0
  76
1
  47
0.4128176842155181
  98
1
  10
34.90568961886538
  20
22.81183545379326
  450
0
  451
0
  460
0
  461
0
  452
1
  462
1
  453
2
  463
0
  63
5
  421
255
  463
1
  63
7
  421
16777215
  470
LINEAR
  1001
ACAD
  1010
0
  1020
0
  1030
0
  0
LWPOLYLINE
  5
1467
  100
AcDbEntity
  8
Bottom-Silkscreen-Layer
  100
AcDbPolyline
  90
14
  70
1
  43
0.25400050800101603
  10
52.86229932955432
  20
0.10547848250969523
  10
52.591622194725126
  20
-0.06644835839149235
  10
51.92220315591971
  20
-0.4972819522025174
  10
51.40417861362886
  20
-0.8365741281381015
  10
51.36124375178135
  20
-0.8673484100583332
  10
51.737759275255726
  20
-1.6246663861734012
  10
52.12481080463801
  20
-2.3924796376254247
  10
52.15851071699722
  20
-2.325359429432349
  10
52.257984133550345
  20
-2.002076995536193
  10
52.44600591936829
  20
-1.4171369284512012
  10
52.70366611227371
  20
-0.6216179289698348
  10
52.89289966632561
  20
-0.04837386787475804
  10
52.93740982687727
  20
0.1118569670365128
  10
52.938634350566325
  20
0.1551023297596813
  0
HATCH
  5
1470
  100
AcDbEntity
  8
Bottom-Silkscreen-Layer
  100
AcDbHatch
  10
0
  20
0
  30
0
  210
0
  220
0
  230
1
  2
SOLID
  70
1
  71
0
  91
1
  92
7
  72
0
  73
1
  93
11
  10
59.639629773913406
  20
1.702450250942596
  10
59.50548065268635
  20
2.238592370168522
  10
59.233872369635286
  20
2.372178420114176
  10
58.816450101673404
  20
2.5620844554485265
  10
58.44991572181034
  20
2.7707638192457806
  10
58.07956108314653
  20
3.0263161500140257
  10
57.92993321716252
  20
3.129496396229242
  10
58.17736991280984
  20
2.874229953711702
  10
58.98771759722494
  20
1.9905557238576754
  10
59.66119287075036
  20
1.241827101408206
  10
59.7727584587329
  20
1.1439135520781831
  97
1
  330
1469
  75
0
  76
1
  47
0.4128176842155181
  98
1
  10
34.90568961886538
  20
22.81183545379326
  450
0
  451
0
  460
0
  461
0
  452
1
  462
1
  453
2
  463
0
  63
5
  421
255
  463
1
  63
7
  421
16777215
  470
LINEAR
  1001
ACAD
  1010
0
  1020
0
  1030
0
  0
LWPOLYLINE
  5
1469
  100
AcDbEntity
  8
Bottom-Silkscreen-Layer
  100
AcDbPolyline
  90
11
  70
1
  43
0.25400050800101603
  10
59.639629773913406
  20
1.702450250942596
  10
59.50548065268635
  20
2.238592370168522
  10
59.233872369635286
  20
2.372178420114176
  10
58.816450101673404
  20
2.5620844554485265
  10
58.44991572181034
  20
2.7707638192457806
  10
58.07956108314653
  20
3.0263161500140257
  10
57.92993321716252
  20
3.129496396229242
  10
58.17736991280984
  20
2.874229953711702
  10
58.98771759722494
  20
1.9905557238576754
  10
59.66119287075036
  20
1.241827101408206
  10
59.7727584587329
  20
1.1439135520781831
  0
HATCH
  5
1472
  100
AcDbEntity
  8
Bottom-Silkscreen-Layer
  100
AcDbHatch
  10
0
  20
0
  30
0
  210
0
  220
0
  230
1
  2
SOLID
  70
1
  71
0
  91
1
  92
7
  72
0
  73
1
  93
13
  10
59.92058142782108
  20
2.810019452603567
  10
59.46842605563733
  20
3.1892915121320558
  10
58.881215924914855
  20
3.7268249541780762
  10
58.35859941879005
  20
4.228730367114132
  10
58.20031059879699
  20
4.369755864650328
  10
58.28027454678333
  20
4.128110409010775
  10
58.48152373953409
  20
3.5899607189576823
  10
58.68588526332786
  20
3.0401213759869137
  10
58.79559493259418
  20
2.7806047281422392
  10
59.07957600708675
  20
2.7150918472253416
  10
59.66679251553678
  20
2.641650332155588
  10
60.073257847572634
  20
2.6077249264053717
  10
60.149592868584634
  20
2.617013118017135
  97
1
  330
1471
  75
0
  76
1
  47
0.4128176842155181
  98
1
  10
34.90568961886538
  20
22.81183545379326
  450
0
  451
0
  460
0
  461
0
  452
1
  462
1
  453
2
  463
0
  63
5
  421
255
  463
1
  63
7
  421
16777215
  470
LINEAR
  1001
ACAD
  1010
0
  1020
0
  1030
0
  0
LWPOLYLINE
  5
1471
  100
AcDbEntity
  8
Bottom-Silkscreen-Layer
  100
AcDbPolyline
  90
13
  70
1
  43
0.25400050800101603
  10
59.92058142782108
  20
2.810019452603567
  10
59.46842605563733
  20
3.1892915121320558
  10
58.881215924914855
  20
3.7268249541780762
  10
58.35859941879005
  20
4.228730367114132
  10
58.20031059879699
  20
4.369755864650328
  10
58.28027454678333
  20
4.128110409010775
  10
58.48152373953409
  20
3.5899607189576823
  10
58.68588526332786
  20
3.0401213759869137
  10
58.79559493259418
  20
2.7806047281422392
  10
59.07957600708675
  20
2.7150918472253416
  10
59.66679251553678
  20
2.641650332155588
  10
60.073257847572634
  20
2.6077249264053717
  10
60.149592868584634
  20
2.617013118017135
  0
HATCH
  5
1474
  100
AcDbEntity
  8
Bottom-Silkscreen-Layer
  100
AcDbHatch
  10
0
  20
0
  30
0
  210
0
  220
0
  230
1
  2
SOLID
  70
1
  71
0
  91
1
  92
7
  72
0
  73
1
  93
11
  10
57.090222475120264
  20
3.7566716875515787
  10
56.48539068318497
  20
4.2443081002413825
  10
55.97452195120204
  20
4.661215759707002
  10
55.851297877263285
  20
4.745139843969238
  10
55.942958577571126
  20
4.362087706459221
  10
56.06222846043064
  20
3.8590387405203472
  10
56.24169133588029
  20
3.098614112080963
  10
56.40517800382428
  20
2.4448512134431484
  10
56.49629021956307
  20
2.4916479435472825
  10
56.94135355871436
  20
3.0284190169247593
  10
57.30725654355026
  20
3.5331515470066663
  97
1
  330
1473
  75
0
  76
1
  47
0.4128176842155181
  98
1
  10
34.90568961886538
  20
22.81183545379326
  450
0
  451
0
  460
0
  461
0
  452
1
  462
1
  453
2
  463
0
  63
5
  421
255
  463
1
  63
7
  421
16777215
  470
LINEAR
  1001
ACAD
  1010
0
  1020
0
  1030
0
  0
LWPOLYLINE
  5
1473
  100
AcDbEntity
  8
Bottom-Silkscreen-Layer
  100
AcDbPolyline
  90
11
  70
1
  43
0.25400050800101603
  10
57.090222475120264
  20
3.7566716875515787
  10
56.48539068318497
  20
4.2443081002413825
  10
55.97452195120204
  20
4.661215759707002
  10
55.851297877263285
  20
4.745139843969238
  10
55.942958577571126
  20
4.362087706459221
  10
56.06222846043064
  20
3.8590387405203472
  10
56.24169133588029
  20
3.098614112080963
  10
56.40517800382428
  20
2.4448512134431484
  10
56.49629021956307
  20
2.4916479435472825
  10
56.94135355871436
  20
3.0284190169247593
  10
57.30725654355026
  20
3.5331515470066663
  0
HATCH
  5
1476
  100
AcDbEntity
  8
Bottom-Silkscreen-Layer
  100
AcDbHatch
  10
0
  20
0
  30
0
  210
0
  220
0
  230
1
  2
SOLID
  70
1
  71
0
  91
1
  92
7
  72
0
  73
1
  93
11
  10
58.71715526149161
  20
2.0340170910369313
  10
58.31780747339839
  20
2.4785733208817518
  10
57.933976696427415
  20
2.876332820622436
  10
57.67267482109256
  20
3.098614112080963
  10
57.73245326139213
  20
2.946527915778641
  10
57.94078173172024
  20
2.4457025251230218
  10
58.10609880747028
  20
2.007594663599639
  10
58.174908109976634
  20
1.9412812955807717
  10
58.83226686599036
  20
1.5546206130396423
  10
59.43359728550227
  20
1.203403720513581
  10
59.22855334486095
  20
1.4549282034830169
  97
1
  330
1475
  75
0
  76
1
  47
0.4128176842155181
  98
1
  10
34.90568961886538
  20
22.81183545379326
  450
0
  451
0
  460
0
  461
0
  452
1
  462
1
  453
2
  463
0
  63
5
  421
255
  463
1
  63
7
  421
16777215
  470
LINEAR
  1001
ACAD
  1010
0
  1020
0
  1030
0
  0
LWPOLYLINE
  5
1475
  100
AcDbEntity
  8
Bottom-Silkscreen-Layer
  100
AcDbPolyline
  90
11
  70
1
  43
0.25400050800101603
  10
58.71715526149161
  20
2.0340170910369313
  10
58.31780747339839
  20
2.4785733208817518
  10
57.933976696427415
  20
2.876332820622436
  10
57.67267482109256
  20
3.098614112080963
  10
57.73245326139213
  20
2.946527915778641
  10
57.94078173172024
  20
2.4457025251230218
  10
58.10609880747028
  20
2.007594663599639
  10
58.174908109976634
  20
1.9412812955807717
  10
58.83226686599036
  20
1.5546206130396423
  10
59.43359728550227
  20
1.203403720513581
  10
59.22855334486095
  20
1.4549282034830169
  0
HATCH
  5
1478
  100
AcDbEntity
  8
Bottom-Silkscreen-Layer
  100
AcDbHatch
  10
0
  20
0
  30
0
  210
0
  220
0
  230
1
  2
SOLID
  70
1
  71
0
  91
1
  92
7
  72
0
  73
1
  93
13
  10
59.96659673207386
  20
3.192201219217
  10
59.709159759632584
  20
3.6367574490618204
  10
59.565361136626684
  20
3.856567395419819
  10
59.397964921696264
  20
3.9582101981534694
  10
58.85093447452092
  20
4.22390203221335
  10
58.40613262219907
  20
4.4322764485431865
  10
58.448155469007325
  20
4.359800600453588
  10
58.82249618738812
  20
4.015508556666802
  10
59.42144771452492
  20
3.4731023082143375
  10
59.89121837019393
  20
3.051804675832352
  10
60.109496095495615
  20
2.8666316793152093
  10
60.15161460821709
  20
2.8321599093525385
  10
60.135032516594464
  20
2.877647906575675
  97
1
  330
1477
  75
0
  76
1
  47
0.4128176842155181
  98
1
  10
34.90568961886538
  20
22.81183545379326
  450
0
  451
0
  460
0
  461
0
  452
1
  462
1
  453
2
  463
0
  63
5
  421
255
  463
1
  63
7
  421
16777215
  470
LINEAR
  1001
ACAD
  1010
0
  1020
0
  1030
0
  0
LWPOLYLINE
  5
1477
  100
AcDbEntity
  8
Bottom-Silkscreen-Layer
  100
AcDbPolyline
  90
13
  70
1
  43
0.25400050800101603
  10
59.96659673207386
  20
3.192201219217
  10
59.709159759632584
  20
3.6367574490618204
  10
59.565361136626684
  20
3.856567395419819
  10
59.397964921696264
  20
3.9582101981534694
  10
58.85093447452092
  20
4.22390203221335
  10
58.40613262219907
  20
4.4322764485431865
  10
58.448155469007325
  20
4.359800600453588
  10
58.82249618738812
  20
4.015508556666802
  10
59.42144771452492
  20
3.4731023082143375
  10
59.89121837019393
  20
3.051804675832352
  10
60.109496095495615
  20
2.8666316793152093
  10
60.15161460821709
  20
2.8321599093525385
  10
60.135032516594464
  20
2.877647906575675
  0
HATCH
  5
1480
  100
AcDbEntity
  8
Bottom-Silkscreen-Layer
  100
AcDbHatch
  10
0
  20
0
  30
0
  210
0
  220
0
  230
1
  2
SOLID
  70
1
  71
0
  91
1
  92
7
  72
0
  73
1
  93
12
  10
50.23158875998993
  20
-3.76576608563523
  10
49.16145709939619
  20
-3.7956509374421623
  10
49.083712600596265
  20
-3.8094307511260985
  10
49.09882143715549
  20
-3.84751106611988
  10
49.196209336800685
  20
-4.178061414656157
  10
49.326857085604345
  20
-4.640164830021968
  10
49.40152114199899
  20
-4.809798211845284
  10
49.509668268016256
  20
-4.766019191054135
  10
49.979088148670165
  20
-4.505530523157068
  10
50.57804605353452
  20
-4.172902719999007
  10
51.00671225516205
  20
-3.915546116715209
  10
51.22397592178374
  20
-3.7618907115701314
  97
1
  330
1479
  75
0
  76
1
  47
0.4128176842155181
  98
1
  10
34.90568961886538
  20
22.81183545379326
  450
0
  451
0
  460
0
  461
0
  452
1
  462
1
  453
2
  463
0
  63
5
  421
255
  463
1
  63
7
  421
16777215
  470
LINEAR
  1001
ACAD
  1010
0
  1020
0
  1030
0
  0
LWPOLYLINE
  5
1479
  100
AcDbEntity
  8
Bottom-Silkscreen-Layer
  100
AcDbPolyline
  90
12
  70
1
  43
0.25400050800101603
  10
50.23158875998993
  20
-3.76576608563523
  10
49.16145709939619
  20
-3.7956509374421623
  10
49.083712600596265
  20
-3.8094307511260985
  10
49.09882143715549
  20
-3.84751106611988
  10
49.196209336800685
  20
-4.178061414656157
  10
49.326857085604345
  20
-4.640164830021968
  10
49.40152114199899
  20
-4.809798211845284
  10
49.509668268016256
  20
-4.766019191054135
  10
49.979088148670165
  20
-4.505530523157068
  10
50.57804605353452
  20
-4.172902719999007
  10
51.00671225516205
  20
-3.915546116715209
  10
51.22397592178374
  20
-3.7618907115701314
  0
HATCH
  5
1482
  100
AcDbEntity
  8
Bottom-Silkscreen-Layer
  100
AcDbHatch
  10
0
  20
0
  30
0
  210
0
  220
0
  230
1
  2
SOLID
  70
1
  71
0
  91
1
  92
7
  72
0
  73
1
  93
12
  10
50.93244999560288
  20
-4.832770921057415
  10
49.981256576036195
  20
-4.938708400623866
  10
49.45466036792196
  20
-5.018668167809674
  10
49.48484615240269
  20
-5.247785364996148
  10
49.586551773597314
  20
-5.634560402837558
  10
49.6546085042531
  20
-5.815896143723028
  10
49.844620141065754
  20
-5.730923802541541
  10
50.413628237368634
  20
-5.418568652894519
  10
51.07130587975973
  20
-5.053838775718512
  10
51.440805902932226
  20
-4.857287426823349
  10
51.551931427714
  20
-4.798095852783131
  10
51.466374212668796
  20
-4.790611933686923
  97
1
  330
1481
  75
0
  76
1
  47
0.4128176842155181
  98
1
  10
34.90568961886538
  20
22.81183545379326
  450
0
  451
0
  460
0
  461
0
  452
1
  462
1
  453
2
  463
0
  63
5
  421
255
  463
1
  63
7
  421
16777215
  470
LINEAR
  1001
ACAD
  1010
0
  1020
0
  1030
0
  0
LWPOLYLINE
  5
1481
  100
AcDbEntity
  8
Bottom-Silkscreen-Layer
  100
AcDbPolyline
  90
12
  70
1
  43
0.25400050800101603
  10
50.93244999560288
  20
-4.832770921057415
  10
49.981256576036195
  20
-4.938708400623866
  10
49.45466036792196
  20
-5.018668167809674
  10
49.48484615240269
  20
-5.247785364996148
  10
49.586551773597314
  20
-5.634560402837558
  10
49.6546085042531
  20
-5.815896143723028
  10
49.844620141065754
  20
-5.730923802541541
  10
50.413628237368634
  20
-5.418568652894519
  10
51.07130587975973
  20
-5.053838775718512
  10
51.440805902932226
  20
-4.857287426823349
  10
51.551931427714
  20
-4.798095852783131
  10
51.466374212668796
  20
-4.790611933686923
  0
HATCH
  5
1484
  100
AcDbEntity
  8
Bottom-Silkscreen-Layer
  100
AcDbHatch
  10
0
  20
0
  30
0
  210
0
  220
0
  230
1
  2
SOLID
  70
1
  71
0
  91
1
  92
7
  72
0
  73
1
  93
12
  10
55.19217249071898
  20
4.796625141384922
  10
54.696693215307356
  20
4.627595301424202
  10
54.3525382814073
  20
4.514167549689309
  10
54.26872218598247
  20
4.350385347397069
  10
54.058767395129834
  20
3.952625847656386
  10
53.88076501928848
  20
3.6281553892517486
  10
53.835916839176825
  20
3.5307627918452287
  10
54.136543782567486
  20
3.781690086024306
  10
54.58282526768029
  20
4.174932551403864
  10
54.91166727773961
  20
4.456996252620732
  10
55.223098091595176
  20
4.720534395191977
  10
55.35092688482299
  20
4.844825900453627
  97
1
  330
1483
  75
0
  76
1
  47
0.4128176842155181
  98
1
  10
34.90568961886538
  20
22.81183545379326
  450
0
  451
0
  460
0
  461
0
  452
1
  462
1
  453
2
  463
0
  63
5
  421
255
  463
1
  63
7
  421
16777215
  470
LINEAR
  1001
ACAD
  1010
0
  1020
0
  1030
0
  0
LWPOLYLINE
  5
1483
  100
AcDbEntity
  8
Bottom-Silkscreen-Layer
  100
AcDbPolyline
  90
12
  70
1
  43
0.25400050800101603
  10
55.19217249071898
  20
4.796625141384922
  10
54.696693215307356
  20
4.627595301424202
  10
54.3525382814073
  20
4.514167549689309
  10
54.26872218598247
  20
4.350385347397069
  10
54.058767395129834
  20
3.952625847656386
  10
53.88076501928848
  20
3.6281553892517486
  10
53.835916839176825
  20
3.5307627918452287
  10
54.136543782567486
  20
3.781690086024306
  10
54.58282526768029
  20
4.174932551403864
  10
54.91166727773961
  20
4.456996252620732
  10
55.223098091595176
  20
4.720534395191977
  10
55.35092688482299
  20
4.844825900453627
  0
HATCH
  5
1486
  100
AcDbEntity
  8
Bottom-Silkscreen-Layer
  100
AcDbHatch
  10
0
  20
0
  30
0
  210
0
  220
0
  230
1
  2
SOLID
  70
1
  71
0
  91
1
  92
7
  72
0
  73
1
  93
11
  10
51.2526246739256
  20
-3.3394050546796654
  10
50.88683648818556
  20
-2.93267501693911
  10
50.70380846303705
  20
-2.728493628286268
  10
50.49502717405309
  20
-2.8683311013139834
  10
50.27532083778083
  20
-3.0081749274139358
  10
50.08064070440365
  20
-3.120853016624765
  10
49.63513092432406
  20
-3.395775864646269
  10
49.373376230333356
  20
-3.558020623456944
  10
49.44722393760197
  20
-3.5744369621195955
  10
50.47822186196631
  20
-3.576482651380188
  10
51.43537207906204
  20
-3.5520296763366335
  97
1
  330
1485
  75
0
  76
1
  47
0.4128176842155181
  98
1
  10
34.90568961886538
  20
22.81183545379326
  450
0
  451
0
  460
0
  461
0
  452
1
  462
1
  453
2
  463
0
  63
5
  421
255
  463
1
  63
7
  421
16777215
  470
LINEAR
  1001
ACAD
  1010
0
  1020
0
  1030
0
  0
LWPOLYLINE
  5
1485
  100
AcDbEntity
  8
Bottom-Silkscreen-Layer
  100
AcDbPolyline
  90
11
  70
1
  43
0.25400050800101603
  10
51.2526246739256
  20
-3.3394050546796654
  10
50.88683648818556
  20
-2.93267501693911
  10
50.70380846303705
  20
-2.728493628286268
  10
50.49502717405309
  20
-2.8683311013139834
  10
50.27532083778083
  20
-3.0081749274139358
  10
50.08064070440365
  20
-3.120853016624765
  10
49.63513092432406
  20
-3.395775864646269
  10
49.373376230333356
  20
-3.558020623456944
  10
49.44722393760197
  20
-3.5744369621195955
  10
50.47822186196631
  20
-3.576482651380188
  10
51.43537207906204
  20
-3.5520296763366335
  0
HATCH
  5
1488
  100
AcDbEntity
  8
Bottom-Silkscreen-Layer
  100
AcDbHatch
  10
0
  20
0
  30
0
  210
0
  220
0
  230
1
  2
SOLID
  70
1
  71
0
  91
1
  92
7
  72
0
  73
1
  93
14
  10
57.50714090260592
  20
4.670739014991565
  10
56.86121103435671
  20
4.735775415490622
  10
56.26603512192781
  20
4.808587976408827
  10
56.07966516754458
  20
4.824006882730132
  10
56.356088634893766
  20
4.571224491457601
  10
56.89478339216497
  20
4.142010931067232
  10
57.25679596319709
  20
3.855392077055812
  10
57.404178869084504
  20
3.75374927432216
  10
57.450519437442196
  20
3.8177374179019683
  10
57.50598653391988
  20
3.9522764286833
  10
57.58507035550472
  20
4.151508774062844
  10
57.67986252003821
  20
4.408878083491119
  10
57.72258053914912
  20
4.596065003907665
  10
57.71853705988421
  20
4.6545577400017155
  97
1
  330
1487
  75
0
  76
1
  47
0.4128176842155181
  98
1
  10
34.90568961886538
  20
22.81183545379326
  450
0
  451
0
  460
0
  461
0
  452
1
  462
1
  453
2
  463
0
  63
5
  421
255
  463
1
  63
7
  421
16777215
  470
LINEAR
  1001
ACAD
  1010
0
  1020
0
  1030
0
  0
LWPOLYLINE
  5
1487
  100
AcDbEntity
  8
Bottom-Silkscreen-Layer
  100
AcDbPolyline
  90
14
  70
1
  43
0.25400050800101603
  10
57.50714090260592
  20
4.670739014991565
  10
56.86121103435671
  20
4.735775415490622
  10
56.26603512192781
  20
4.808587976408827
  10
56.07966516754458
  20
4.824006882730132
  10
56.356088634893766
  20
4.571224491457601
  10
56.89478339216497
  20
4.142010931067232
  10
57.25679596319709
  20
3.855392077055812
  10
57.404178869084504
  20
3.75374927432216
  10
57.450519437442196
  20
3.8177374179019683
  10
57.50598653391988
  20
3.9522764286833
  10
57.58507035550472
  20
4.151508774062844
  10
57.67986252003821
  20
4.408878083491119
  10
57.72258053914912
  20
4.596065003907665
  10
57.71853705988421
  20
4.6545577400017155
  0
HATCH
  5
1490
  100
AcDbEntity
  8
Bottom-Silkscreen-Layer
  100
AcDbHatch
  10
0
  20
0
  30
0
  210
0
  220
0
  230
1
  2
SOLID
  70
1
  71
0
  91
1
  92
7
  72
0
  73
1
  93
9
  10
51.24628521274372
  20
-1.089566170794485
  10
51.22397592178374
  20
-1.0954427626145131
  10
51.08112120245481
  20
-1.5926405490223077
  10
50.88185548297122
  20
-2.281281814246019
  10
50.83756216515617
  20
-2.490666369061677
  10
51.21886098429091
  20
-2.519649084610831
  10
51.79362816856888
  20
-2.5383906477125415
  10
51.99920783832417
  20
-2.5402203325170483
  10
51.63389798215016
  20
-1.8148964281918853
  97
1
  330
1489
  75
0
  76
1
  47
0.4128176842155181
  98
1
  10
34.90568961886538
  20
22.81183545379326
  450
0
  451
0
  460
0
  461
0
  452
1
  462
1
  453
2
  463
0
  63
5
  421
255
  463
1
  63
7
  421
16777215
  470
LINEAR
  1001
ACAD
  1010
0
  1020
0
  1030
0
  0
LWPOLYLINE
  5
1489
  100
AcDbEntity
  8
Bottom-Silkscreen-Layer
  100
AcDbPolyline
  90
9
  70
1
  43
0.25400050800101603
  10
51.24628521274372
  20
-1.089566170794485
  10
51.22397592178374
  20
-1.0954427626145131
  10
51.08112120245481
  20
-1.5926405490223077
  10
50.88185548297122
  20
-2.281281814246019
  10
50.83756216515617
  20
-2.490666369061677
  10
51.21886098429091
  20
-2.519649084610831
  10
51.79362816856888
  20
-2.5383906477125415
  10
51.99920783832417
  20
-2.5402203325170483
  10
51.63389798215016
  20
-1.8148964281918853
  0
HATCH
  5
1492
  100
AcDbEntity
  8
Bottom-Silkscreen-Layer
  100
AcDbHatch
  10
0
  20
0
  30
0
  210
0
  220
0
  230
1
  2
SOLID
  70
1
  71
0
  91
1
  92
7
  72
0
  73
1
  93
14
  10
58.389690840582475
  20
3.334745101018045
  10
58.19177082161133
  20
3.8752581339436256
  10
58.0987580430635
  20
4.10923543139207
  10
58.01642158042961
  20
4.315290976355082
  10
57.953441520901364
  20
4.496620364168313
  10
57.922114123189694
  20
4.549268273803526
  10
57.83727759135732
  20
4.332838161876075
  10
57.75138873447966
  20
4.081313678906641
  10
57.66151379788503
  20
3.8590387405203472
  10
57.589222256137916
  20
3.6307855611582247
  10
57.71266317281328
  20
3.4967039715780177
  10
58.169767661573616
  20
3.16925392229382
  10
58.51621857739066
  20
2.934831909788726
  10
58.52889112202687
  20
2.942830427736202
  97
1
  330
1491
  75
0
  76
1
  47
0.4128176842155181
  98
1
  10
34.90568961886538
  20
22.81183545379326
  450
0
  451
0
  460
0
  461
0
  452
1
  462
1
  453
2
  463
0
  63
5
  421
255
  463
1
  63
7
  421
16777215
  470
LINEAR
  1001
ACAD
  1010
0
  1020
0
  1030
0
  0
LWPOLYLINE
  5
1491
  100
AcDbEntity
  8
Bottom-Silkscreen-Layer
  100
AcDbPolyline
  90
14
  70
1
  43
0.25400050800101603
  10
58.389690840582475
  20
3.334745101018045
  10
58.19177082161133
  20
3.8752581339436256
  10
58.0987580430635
  20
4.10923543139207
  10
58.01642158042961
  20
4.315290976355082
  10
57.953441520901364
  20
4.496620364168313
  10
57.922114123189694
  20
4.549268273803526
  10
57.83727759135732
  20
4.332838161876075
  10
57.75138873447966
  20
4.081313678906641
  10
57.66151379788503
  20
3.8590387405203472
  10
57.589222256137916
  20
3.6307855611582247
  10
57.71266317281328
  20
3.4967039715780177
  10
58.169767661573616
  20
3.16925392229382
  10
58.51621857739066
  20
2.934831909788726
  10
58.52889112202687
  20
2.942830427736202
  0
HATCH
  5
1494
  100
AcDbEntity
  8
Bottom-Silkscreen-Layer
  100
AcDbHatch
  10
0
  20
0
  30
0
  210
0
  220
0
  230
1
  2
SOLID
  70
1
  71
0
  91
1
  92
7
  72
0
  73
1
  93
14
  10
57.648949674617114
  20
5.573987060410463
  10
57.18437686689904
  20
5.605911248405749
  10
56.52257283478493
  20
5.637098480021446
  10
56.30923147060475
  20
5.652415737186944
  10
56.19390302336939
  20
5.492750325704842
  10
55.98838075316203
  20
5.213939397473761
  10
55.89818055246249
  20
5.070950800616065
  10
56.03324168872878
  20
5.0325845973715815
  10
56.350335924646224
  20
4.99423745334381
  10
56.7026607275342
  20
4.947929909801988
  10
57.14306832557607
  20
4.889646825091787
  10
57.55165744088512
  20
4.853650317792026
  10
57.69013066138915
  20
4.853434313335938
  10
57.677592049031425
  20
5.205686756636774
  97
1
  330
1493
  75
0
  76
1
  47
0.4128176842155181
  98
1
  10
34.90568961886538
  20
22.81183545379326
  450
0
  451
0
  460
0
  461
0
  452
1
  462
1
  453
2
  463
0
  63
5
  421
255
  463
1
  63
7
  421
16777215
  470
LINEAR
  1001
ACAD
  1010
0
  1020
0
  1030
0
  0
LWPOLYLINE
  5
1493
  100
AcDbEntity
  8
Bottom-Silkscreen-Layer
  100
AcDbPolyline
  90
14
  70
1
  43
0.25400050800101603
  10
57.648949674617114
  20
5.573987060410463
  10
57.18437686689904
  20
5.605911248405749
  10
56.52257283478493
  20
5.637098480021446
  10
56.30923147060475
  20
5.652415737186944
  10
56.19390302336939
  20
5.492750325704842
  10
55.98838075316203
  20
5.213939397473761
  10
55.89818055246249
  20
5.070950800616065
  10
56.03324168872878
  20
5.0325845973715815
  10
56.350335924646224
  20
4.99423745334381
  10
56.7026607275342
  20
4.947929909801988
  10
57.14306832557607
  20
4.889646825091787
  10
57.55165744088512
  20
4.853650317792026
  10
57.69013066138915
  20
4.853434313335938
  10
57.677592049031425
  20
5.205686756636774
  0
HATCH
  5
1496
  100
AcDbEntity
  8
Bottom-Silkscreen-Layer
  100
AcDbHatch
  10
0
  20
0
  30
0
  210
0
  220
0
  230
1
  2
SOLID
  70
1
  71
0
  91
1
  92
7
  72
0
  73
1
  93
13
  10
53.39665723209345
  20
-2.936613921726589
  10
52.7154967968737
  20
-2.820867298624871
  10
52.4722694014075
  20
-2.7756842488691538
  10
52.32700390106575
  20
-2.763073400476986
  10
52.413249910686055
  20
-3.014458115857189
  10
52.56946596922628
  20
-3.366958328975299
  10
52.61995843821718
  20
-3.480068427098303
  10
52.69121678810164
  20
-3.46991621766219
  10
53.10305216673221
  20
-3.3724473833888178
  10
53.572822822401214
  20
-3.242495290763226
  10
53.866427887762455
  20
-3.149823026029443
  10
54.06608264862642
  20
-3.086190654494957
  10
54.03084570392834
  20
-3.0521890118778865
  97
1
  330
1495
  75
0
  76
1
  47
0.4128176842155181
  98
1
  10
34.90568961886538
  20
22.81183545379326
  450
0
  451
0
  460
0
  461
0
  452
1
  462
1
  453
2
  463
0
  63
5
  421
255
  463
1
  63
7
  421
16777215
  470
LINEAR
  1001
ACAD
  1010
0
  1020
0
  1030
0
  0
LWPOLYLINE
  5
1495
  100
AcDbEntity
  8
Bottom-Silkscreen-Layer
  100
AcDbPolyline
  90
13
  70
1
  43
0.25400050800101603
  10
53.39665723209345
  20
-2.936613921726589
  10
52.7154967968737
  20
-2.820867298624871
  10
52.4722694014075
  20
-2.7756842488691538
  10
52.32700390106575
  20
-2.763073400476986
  10
52.413249910686055
  20
-3.014458115857189
  10
52.56946596922628
  20
-3.366958328975299
  10
52.61995843821718
  20
-3.480068427098303
  10
52.69121678810164
  20
-3.46991621766219
  10
53.10305216673221
  20
-3.3724473833888178
  10
53.572822822401214
  20
-3.242495290763226
  10
53.866427887762455
  20
-3.149823026029443
  10
54.06608264862642
  20
-3.086190654494957
  10
54.03084570392834
  20
-3.0521890118778865
  0
HATCH
  5
1498
  100
AcDbEntity
  8
Bottom-Silkscreen-Layer
  100
AcDbHatch
  10
0
  20
0
  30
0
  210
0
  220
0
  230
1
  2
SOLID
  70
1
  71
0
  91
1
  92
7
  72
0
  73
1
  93
15
  10
51.46078094560994
  20
-4.334092868818196
  10
51.10531830076876
  20
-4.131264684552019
  10
50.8978763345697
  20
-4.210627262947468
  10
50.589787449948844
  20
-4.377274700818987
  10
50.36664989625622
  20
-4.505219222617412
  10
50.17183583060055
  20
-4.619345812298475
  10
50.03090718499087
  20
-4.693549696036774
  10
49.967346752255835
  20
-4.730435633449836
  10
49.92036841114342
  20
-4.766578261411068
  10
50.0378078861969
  20
-4.751699366229981
  10
50.31967155514382
  20
-4.715925216458545
  10
50.75421164384228
  20
-4.670710401341639
  10
51.29444343345235
  20
-4.622420699261603
  10
51.664383519825606
  20
-4.585699941726726
  10
51.76421408912136
  20
-4.554938365950968
  97
1
  330
1497
  75
0
  76
1
  47
0.4128176842155181
  98
1
  10
34.90568961886538
  20
22.81183545379326
  450
0
  451
0
  460
0
  461
0
  452
1
  462
1
  453
2
  463
0
  63
5
  421
255
  463
1
  63
7
  421
16777215
  470
LINEAR
  1001
ACAD
  1010
0
  1020
0
  1030
0
  0
LWPOLYLINE
  5
1497
  100
AcDbEntity
  8
Bottom-Silkscreen-Layer
  100
AcDbPolyline
  90
15
  70
1
  43
0.25400050800101603
  10
51.46078094560994
  20
-4.334092868818196
  10
51.10531830076876
  20
-4.131264684552019
  10
50.8978763345697
  20
-4.210627262947468
  10
50.589787449948844
  20
-4.377274700818987
  10
50.36664989625622
  20
-4.505219222617412
  10
50.17183583060055
  20
-4.619345812298475
  10
50.03090718499087
  20
-4.693549696036774
  10
49.967346752255835
  20
-4.730435633449836
  10
49.92036841114342
  20
-4.766578261411068
  10
50.0378078861969
  20
-4.751699366229981
  10
50.31967155514382
  20
-4.715925216458545
  10
50.75421164384228
  20
-4.670710401341639
  10
51.29444343345235
  20
-4.622420699261603
  10
51.664383519825606
  20
-4.585699941726726
  10
51.76421408912136
  20
-4.554938365950968
  0
HATCH
  5
1500
  100
AcDbEntity
  8
Bottom-Silkscreen-Layer
  100
AcDbHatch
  10
0
  20
0
  30
0
  210
0
  220
0
  230
1
  2
SOLID
  70
1
  71
0
  91
1
  92
7
  72
0
  73
1
  93
12
  10
53.29383550857807
  20
2.934831909788728
  10
53.2025893605608
  20
2.905582365205582
  10
53.091457458051465
  20
2.642355523173994
  10
52.912594088991256
  20
2.179781980462579
  10
52.821194875512845
  20
1.8936777253024268
  10
52.93980147470745
  20
1.3743331290734235
  10
53.06684580744696
  20
0.9041041343153778
  10
53.08839614882883
  20
0.9384170774721043
  10
53.150087907392546
  20
1.3554899168159065
  10
53.27755317015017
  20
2.267994388485377
  10
53.358939351379526
  20
2.8704879941635997
  10
53.36142666512292
  20
2.934831909788728
  97
1
  330
1499
  75
0
  76
1
  47
0.4128176842155181
  98
1
  10
34.90568961886538
  20
22.81183545379326
  450
0
  451
0
  460
0
  461
0
  452
1
  462
1
  453
2
  463
0
  63
5
  421
255
  463
1
  63
7
  421
16777215
  470
LINEAR
  1001
ACAD
  1010
0
  1020
0
  1030
0
  0
LWPOLYLINE
  5
1499
  100
AcDbEntity
  8
Bottom-Silkscreen-Layer
  100
AcDbPolyline
  90
12
  70
1
  43
0.25400050800101603
  10
53.29383550857807
  20
2.934831909788728
  10
53.2025893605608
  20
2.905582365205582
  10
53.091457458051465
  20
2.642355523173994
  10
52.912594088991256
  20
2.179781980462579
  10
52.821194875512845
  20
1.8936777253024268
  10
52.93980147470745
  20
1.3743331290734235
  10
53.06684580744696
  20
0.9041041343153778
  10
53.08839614882883
  20
0.9384170774721043
  10
53.150087907392546
  20
1.3554899168159065
  10
53.27755317015017
  20
2.267994388485377
  10
53.358939351379526
  20
2.8704879941635997
  10
53.36142666512292
  20
2.934831909788728
  0
HATCH
  5
1502
  100
AcDbEntity
  8
Bottom-Silkscreen-Layer
  100
AcDbHatch
  10
0
  20
0
  30
0
  210
0
  220
0
  230
1
  2
SOLID
  70
1
  71
0
  91
1
  92
7
  72
0
  73
1
  93
14
  10
54.74137557450279
  20
-2.4466014600198247
  10
54.47712718904115
  20
-2.469726642965665
  10
53.854686491348126
  20
-2.5407857559462164
  10
53.23223941592756
  20
-2.613248897891341
  10
52.98561269167873
  20
-2.651221210657079
  10
52.926892954151995
  20
-2.6646388992234566
  10
53.009101862234935
  20
-2.6813220669200986
  10
53.51410308487448
  20
-2.771719931792725
  10
54.12480238615316
  20
-2.8795506268860582
  10
54.424096384486475
  20
-2.9141240460045372
  10
54.53547701837015
  20
-2.9145878202779025
  10
54.63775025731647
  20
-2.756650444444502
  10
54.77763295560842
  20
-2.54022033251705
  10
54.81647969409819
  20
-2.464180410902007
  97
1
  330
1501
  75
0
  76
1
  47
0.4128176842155181
  98
1
  10
34.90568961886538
  20
22.81183545379326
  450
0
  451
0
  460
0
  461
0
  452
1
  462
1
  453
2
  463
0
  63
5
  421
255
  463
1
  63
7
  421
16777215
  470
LINEAR
  1001
ACAD
  1010
0
  1020
0
  1030
0
  0
LWPOLYLINE
  5
1501
  100
AcDbEntity
  8
Bottom-Silkscreen-Layer
  100
AcDbPolyline
  90
14
  70
1
  43
0.25400050800101603
  10
54.74137557450279
  20
-2.4466014600198247
  10
54.47712718904115
  20
-2.469726642965665
  10
53.854686491348126
  20
-2.5407857559462164
  10
53.23223941592756
  20
-2.613248897891341
  10
52.98561269167873
  20
-2.651221210657079
  10
52.926892954151995
  20
-2.6646388992234566
  10
53.009101862234935
  20
-2.6813220669200986
  10
53.51410308487448
  20
-2.771719931792725
  10
54.12480238615316
  20
-2.8795506268860582
  10
54.424096384486475
  20
-2.9141240460045372
  10
54.53547701837015
  20
-2.9145878202779025
  10
54.63775025731647
  20
-2.756650444444502
  10
54.77763295560842
  20
-2.54022033251705
  10
54.81647969409819
  20
-2.464180410902007
  0
HATCH
  5
1504
  100
AcDbEntity
  8
Bottom-Silkscreen-Layer
  100
AcDbHatch
  10
0
  20
0
  30
0
  210
0
  220
0
  230
1
  2
SOLID
  70
1
  71
0
  91
1
  92
7
  72
0
  73
1
  93
10
  10
51.92275801821631
  20
-2.7176362278317523
  10
51.389809593465095
  20
-2.6934056103165216
  10
50.90970064144214
  20
-2.6798290949441994
  10
50.956041209799835
  20
-2.732864541985923
  10
51.177080491129445
  20
-2.984776562361867
  10
51.482458841542744
  20
-3.3197232368867495
  10
51.613125723529045
  20
-3.45578698500517
  10
51.70456958110028
  20
-3.284628865844766
  10
51.88581184253558
  20
-2.938627845625993
  10
51.975610246399654
  20
-2.7460471668794995
  97
1
  330
1503
  75
0
  76
1
  47
0.4128176842155181
  98
1
  10
34.90568961886538
  20
22.81183545379326
  450
0
  451
0
  460
0
  461
0
  452
1
  462
1
  453
2
  463
0
  63
5
  421
255
  463
1
  63
7
  421
16777215
  470
LINEAR
  1001
ACAD
  1010
0
  1020
0
  1030
0
  0
LWPOLYLINE
  5
1503
  100
AcDbEntity
  8
Bottom-Silkscreen-Layer
  100
AcDbPolyline
  90
10
  70
1
  43
0.25400050800101603
  10
51.92275801821631
  20
-2.7176362278317523
  10
51.389809593465095
  20
-2.6934056103165216
  10
50.90970064144214
  20
-2.6798290949441994
  10
50.956041209799835
  20
-2.732864541985923
  10
51.177080491129445
  20
-2.984776562361867
  10
51.482458841542744
  20
-3.3197232368867495
  10
51.613125723529045
  20
-3.45578698500517
  10
51.70456958110028
  20
-3.284628865844766
  10
51.88581184253558
  20
-2.938627845625993
  10
51.975610246399654
  20
-2.7460471668794995
  0
HATCH
  5
1506
  100
AcDbEntity
  8
Bottom-Silkscreen-Layer
  100
AcDbHatch
  10
0
  20
0
  30
0
  210
0
  220
0
  230
1
  2
SOLID
  70
1
  71
0
  91
1
  92
7
  72
0
  73
1
  93
12
  10
52.37220923392005
  20
-3.347441691060569
  10
52.2482963654062
  20
-3.054971657518073
  10
52.148108643367806
  20
-2.858502898562001
  10
51.91584456155518
  20
-3.2754105580276196
  10
51.7034088346867
  20
-3.6899104031150864
  10
51.628113383264875
  20
-3.7374059711653875
  10
51.55281793184306
  20
-3.7912990829592226
  10
51.72310963507989
  20
-3.753110765737398
  10
52.0343299839264
  20
-3.664555291813755
  10
52.280956708175225
  20
-3.5939980715399917
  10
52.417637787238505
  20
-3.556978719609934
  10
52.43219176150113
  20
-3.4937910631320985
  97
1
  330
1505
  75
0
  76
1
  47
0.4128176842155181
  98
1
  10
34.90568961886538
  20
22.81183545379326
  450
0
  451
0
  460
0
  461
0
  452
1
  462
1
  453
2
  463
0
  63
5
  421
255
  463
1
  63
7
  421
16777215
  470
LINEAR
  1001
ACAD
  1010
0
  1020
0
  1030
0
  0
LWPOLYLINE
  5
1505
  100
AcDbEntity
  8
Bottom-Silkscreen-Layer
  100
AcDbPolyline
  90
12
  70
1
  43
0.25400050800101603
  10
52.37220923392005
  20
-3.347441691060569
  10
52.2482963654062
  20
-3.054971657518073
  10
52.148108643367806
  20
-2.858502898562001
  10
51.91584456155518
  20
-3.2754105580276196
  10
51.7034088346867
  20
-3.6899104031150864
  10
51.628113383264875
  20
-3.7374059711653875
  10
51.55281793184306
  20
-3.7912990829592226
  10
51.72310963507989
  20
-3.753110765737398
  10
52.0343299839264
  20
-3.664555291813755
  10
52.280956708175225
  20
-3.5939980715399917
  10
52.417637787238505
  20
-3.556978719609934
  10
52.43219176150113
  20
-3.4937910631320985
  0
HATCH
  5
1508
  100
AcDbEntity
  8
Bottom-Silkscreen-Layer
  100
AcDbHatch
  10
0
  20
0
  30
0
  210
0
  220
0
  230
1
  2
SOLID
  70
1
  71
0
  91
1
  92
7
  72
0
  73
1
  93
11
  10
53.62214178952343
  20
4.91127903606173
  10
53.36230041379688
  20
4.619457015887496
  10
53.147096753172924
  20
4.373783712449137
  10
53.159692765078574
  20
4.291619429196788
  10
53.29269389534713
  20
3.8470631993519677
  10
53.43112884948587
  20
3.4655421522512757
  10
53.49922384650694
  20
3.7814105508458398
  10
53.59733242936497
  20
4.455674813595255
  10
53.65421538135812
  20
4.8183399422939575
  10
53.66492358590981
  20
4.899583030071813
  10
53.666779504626035
  20
4.957427752797604
  97
1
  330
1507
  75
0
  76
1
  47
0.4128176842155181
  98
1
  10
34.90568961886538
  20
22.81183545379326
  450
0
  451
0
  460
0
  461
0
  452
1
  462
1
  453
2
  463
0
  63
5
  421
255
  463
1
  63
7
  421
16777215
  470
LINEAR
  1001
ACAD
  1010
0
  1020
0
  1030
0
  0
LWPOLYLINE
  5
1507
  100
AcDbEntity
  8
Bottom-Silkscreen-Layer
  100
AcDbPolyline
  90
11
  70
1
  43
0.25400050800101603
  10
53.62214178952343
  20
4.91127903606173
  10
53.36230041379688
  20
4.619457015887496
  10
53.147096753172924
  20
4.373783712449137
  10
53.159692765078574
  20
4.291619429196788
  10
53.29269389534713
  20
3.8470631993519677
  10
53.43112884948587
  20
3.4655421522512757
  10
53.49922384650694
  20
3.7814105508458398
  10
53.59733242936497
  20
4.455674813595255
  10
53.65421538135812
  20
4.8183399422939575
  10
53.66492358590981
  20
4.899583030071813
  10
53.666779504626035
  20
4.957427752797604
  0
HATCH
  5
1510
  100
AcDbEntity
  8
Bottom-Silkscreen-Layer
  100
AcDbHatch
  10
0
  20
0
  30
0
  210
0
  220
0
  230
1
  2
SOLID
  70
1
  71
0
  91
1
  92
7
  72
0
  73
1
  93
12
  10
52.3455503327729
  20
-3.7606772747726995
  10
52.10479749559501
  20
-3.8311582581796078
  10
51.77595548553569
  20
-3.9200250326429056
  10
51.49409819431633
  20
-4.0025577940850505
  10
51.37054885627266
  20
-4.048274501908749
  10
51.57019723940908
  20
-4.190138604980343
  10
51.88856064310841
  20
-4.392687254068055
  10
52.01925941373245
  20
-4.458829089136501
  10
52.084395145171634
  20
-4.371086808459304
  10
52.23370412477829
  20
-4.0961639604378
  10
52.37726677186495
  20
-3.8387946510095254
  10
52.4202207668951
  20
-3.7526851098974614
  97
1
  330
1509
  75
0
  76
1
  47
0.4128176842155181
  98
1
  10
34.90568961886538
  20
22.81183545379326
  450
0
  451
0
  460
0
  461
0
  452
1
  462
1
  453
2
  463
0
  63
5
  421
255
  463
1
  63
7
  421
16777215
  470
LINEAR
  1001
ACAD
  1010
0
  1020
0
  1030
0
  0
LWPOLYLINE
  5
1509
  100
AcDbEntity
  8
Bottom-Silkscreen-Layer
  100
AcDbPolyline
  90
12
  70
1
  43
0.25400050800101603
  10
52.3455503327729
  20
-3.7606772747726995
  10
52.10479749559501
  20
-3.8311582581796078
  10
51.77595548553569
  20
-3.9200250326429056
  10
51.49409819431633
  20
-4.0025577940850505
  10
51.37054885627266
  20
-4.048274501908749
  10
51.57019723940908
  20
-4.190138604980343
  10
51.88856064310841
  20
-4.392687254068055
  10
52.01925941373245
  20
-4.458829089136501
  10
52.084395145171634
  20
-4.371086808459304
  10
52.23370412477829
  20
-4.0961639604378
  10
52.37726677186495
  20
-3.8387946510095254
  10
52.4202207668951
  20
-3.7526851098974614
  0
HATCH
  5
1512
  100
AcDbEntity
  8
Bottom-Silkscreen-Layer
  100
AcDbHatch
  10
0
  20
0
  30
0
  210
0
  220
0
  230
1
  2
SOLID
  70
1
  71
0
  91
1
  92
7
  72
0
  73
1
  93
11
  10
54.052160069390965
  20
4.7983341178169105
  10
53.89061860834885
  20
5.0135190275857395
  10
53.860439201595675
  20
5.044915910585284
  10
53.82091642398589
  20
4.767845724147381
  10
53.760653276392745
  20
4.338689341407154
  10
53.71398744393014
  20
3.9877265717706054
  10
53.680816882957345
  20
3.7369072798195737
  10
53.6911424238562
  20
3.695790196296092
  10
53.89687515907262
  20
4.040196595383159
  10
54.13324011969806
  20
4.46737717265741
  10
54.18248255408972
  20
4.587755185420534
  97
1
  330
1511
  75
0
  76
1
  47
0.4128176842155181
  98
1
  10
34.90568961886538
  20
22.81183545379326
  450
0
  451
0
  460
0
  461
0
  452
1
  462
1
  453
2
  463
0
  63
5
  421
255
  463
1
  63
7
  421
16777215
  470
LINEAR
  1001
ACAD
  1010
0
  1020
0
  1030
0
  0
LWPOLYLINE
  5
1511
  100
AcDbEntity
  8
Bottom-Silkscreen-Layer
  100
AcDbPolyline
  90
11
  70
1
  43
0.25400050800101603
  10
54.052160069390965
  20
4.7983341178169105
  10
53.89061860834885
  20
5.0135190275857395
  10
53.860439201595675
  20
5.044915910585284
  10
53.82091642398589
  20
4.767845724147381
  10
53.760653276392745
  20
4.338689341407154
  10
53.71398744393014
  20
3.9877265717706054
  10
53.680816882957345
  20
3.7369072798195737
  10
53.6911424238562
  20
3.695790196296092
  10
53.89687515907262
  20
4.040196595383159
  10
54.13324011969806
  20
4.46737717265741
  10
54.18248255408972
  20
4.587755185420534
  0
HATCH
  5
1514
  100
AcDbEntity
  8
Bottom-Silkscreen-Layer
  100
AcDbHatch
  10
0
  20
0
  30
0
  210
0
  220
0
  230
1
  2
SOLID
  70
1
  71
0
  91
1
  92
7
  72
0
  73
1
  93
9
  10
57.303346996563846
  20
5.882930610265752
  10
56.95923670675661
  20
6.1344614463074265
  10
56.71724659043457
  20
6.304088475058501
  10
56.665127800919144
  20
6.2514469184955255
  10
56.535927796268695
  20
6.018524231038568
  10
56.45877004840311
  20
5.82636920813201
  10
56.922143843342305
  20
5.790334582398821
  10
57.395568936895835
  20
5.766065846450166
  10
57.42488735043015
  20
5.7834923235986375
  97
1
  330
1513
  75
0
  76
1
  47
0.4128176842155181
  98
1
  10
34.90568961886538
  20
22.81183545379326
  450
0
  451
0
  460
0
  461
0
  452
1
  462
1
  453
2
  463
0
  63
5
  421
255
  463
1
  63
7
  421
16777215
  470
LINEAR
  1001
ACAD
  1010
0
  1020
0
  1030
0
  0
LWPOLYLINE
  5
1513
  100
AcDbEntity
  8
Bottom-Silkscreen-Layer
  100
AcDbPolyline
  90
9
  70
1
  43
0.25400050800101603
  10
57.303346996563846
  20
5.882930610265752
  10
56.95923670675661
  20
6.1344614463074265
  10
56.71724659043457
  20
6.304088475058501
  10
56.665127800919144
  20
6.2514469184955255
  10
56.535927796268695
  20
6.018524231038568
  10
56.45877004840311
  20
5.82636920813201
  10
56.922143843342305
  20
5.790334582398821
  10
57.395568936895835
  20
5.766065846450166
  10
57.42488735043015
  20
5.7834923235986375
  0
HATCH
  5
1516
  100
AcDbEntity
  8
Bottom-Silkscreen-Layer
  100
AcDbHatch
  10
0
  20
0
  30
0
  210
0
  220
0
  230
1
  2
SOLID
  70
1
  71
0
  91
1
  92
7
  72
0
  73
1
  93
13
  10
52.74131383798461
  20
4.10471204395871
  10
52.53579156777726
  20
4.015025723176724
  10
52.26441288291788
  20
3.8956387896827085
  10
52.18914294240626
  20
3.8659381769706735
  10
52.199557771490774
  20
3.803995722651461
  10
52.246281003501295
  20
3.520909176804297
  10
52.28995568174428
  20
3.292427286841607
  10
52.38309601484306
  20
3.413770966584887
  10
52.46886369489732
  20
3.5567468572981107
  10
52.51392871774558
  20
3.6340828056496792
  10
52.634531545662455
  20
3.836574277087248
  10
52.73039516842387
  20
3.9982536124687544
  10
52.750727363844234
  20
4.062597528093883
  97
1
  330
1515
  75
0
  76
1
  47
0.4128176842155181
  98
1
  10
34.90568961886538
  20
22.81183545379326
  450
0
  451
0
  460
0
  461
0
  452
1
  462
1
  453
2
  463
0
  63
5
  421
255
  463
1
  63
7
  421
16777215
  470
LINEAR
  1001
ACAD
  1010
0
  1020
0
  1030
0
  0
LWPOLYLINE
  5
1515
  100
AcDbEntity
  8
Bottom-Silkscreen-Layer
  100
AcDbPolyline
  90
13
  70
1
  43
0.25400050800101603
  10
52.74131383798461
  20
4.10471204395871
  10
52.53579156777726
  20
4.015025723176724
  10
52.26441288291788
  20
3.8956387896827085
  10
52.18914294240626
  20
3.8659381769706735
  10
52.199557771490774
  20
3.803995722651461
  10
52.246281003501295
  20
3.520909176804297
  10
52.28995568174428
  20
3.292427286841607
  10
52.38309601484306
  20
3.413770966584887
  10
52.46886369489732
  20
3.5567468572981107
  10
52.51392871774558
  20
3.6340828056496792
  10
52.634531545662455
  20
3.836574277087248
  10
52.73039516842387
  20
3.9982536124687544
  10
52.750727363844234
  20
4.062597528093883
  0
HATCH
  5
1518
  100
AcDbEntity
  8
Bottom-Silkscreen-Layer
  100
AcDbHatch
  10
0
  20
0
  30
0
  210
0
  220
0
  230
1
  2
SOLID
  70
1
  71
0
  91
1
  92
7
  72
0
  73
1
  93
11
  10
53.01069629412173
  20
3.4567622064185426
  10
52.96130079426894
  20
3.7069525442180256
  10
52.92210965849162
  20
3.9024175177605143
  10
52.80433216387815
  20
3.762033680520343
  10
52.657606163928094
  20
3.508069617811566
  10
52.53045340982028
  20
3.3033418649462662
  10
52.44393315791546
  20
3.1688028541649325
  10
52.55855367739309
  20
3.1688028541649325
  10
52.85287942596715
  20
3.1536761891665686
  10
53.03259103279114
  20
3.138543171095967
  10
53.03259103279114
  20
3.2486037945447936
  97
1
  330
1517
  75
0
  76
1
  47
0.4128176842155181
  98
1
  10
34.90568961886538
  20
22.81183545379326
  450
0
  451
0
  460
0
  461
0
  452
1
  462
1
  453
2
  463
0
  63
5
  421
255
  463
1
  63
7
  421
16777215
  470
LINEAR
  1001
ACAD
  1010
0
  1020
0
  1030
0
  0
LWPOLYLINE
  5
1517
  100
AcDbEntity
  8
Bottom-Silkscreen-Layer
  100
AcDbPolyline
  90
11
  70
1
  43
0.25400050800101603
  10
53.01069629412173
  20
3.4567622064185426
  10
52.96130079426894
  20
3.7069525442180256
  10
52.92210965849162
  20
3.9024175177605143
  10
52.80433216387815
  20
3.762033680520343
  10
52.657606163928094
  20
3.508069617811566
  10
52.53045340982028
  20
3.3033418649462662
  10
52.44393315791546
  20
3.1688028541649325
  10
52.55855367739309
  20
3.1688028541649325
  10
52.85287942596715
  20
3.1536761891665686
  10
53.03259103279114
  20
3.138543171095967
  10
53.03259103279114
  20
3.2486037945447936
  0
HATCH
  5
1520
  100
AcDbEntity
  8
Bottom-Silkscreen-Layer
  100
AcDbHatch
  10
0
  20
0
  30
0
  210
0
  220
0
  230
1
  2
SOLID
  70
1
  71
0
  91
1
  92
7
  72
0
  73
1
  93
10
  10
55.830921037750095
  20
-1.3832115227009867
  10
55.69087889626947
  20
-1.5809191307434416
  10
55.41778460269991
  20
-1.9535585828555957
  10
55.272927276921166
  20
-2.1591630596897198
  10
55.33729768105469
  20
-2.1452117130553625
  10
55.574389702620515
  20
-2.070105693059287
  10
55.75560007541809
  20
-2.0174006057739327
  10
55.77776905637203
  20
-1.8985981549258002
  10
55.82215804010029
  20
-1.6394118668374946
  10
55.847796504839884
  20
-1.4300018997328856
  97
1
  330
1519
  75
0
  76
1
  47
0.4128176842155181
  98
1
  10
34.90568961886538
  20
22.81183545379326
  450
0
  451
0
  460
0
  461
0
  452
1
  462
1
  453
2
  463
0
  63
5
  421
255
  463
1
  63
7
  421
16777215
  470
LINEAR
  1001
ACAD
  1010
0
  1020
0
  1030
0
  0
LWPOLYLINE
  5
1519
  100
AcDbEntity
  8
Bottom-Silkscreen-Layer
  100
AcDbPolyline
  90
10
  70
1
  43
0.25400050800101603
  10
55.830921037750095
  20
-1.3832115227009867
  10
55.69087889626947
  20
-1.5809191307434416
  10
55.41778460269991
  20
-1.9535585828555957
  10
55.272927276921166
  20
-2.1591630596897198
  10
55.33729768105469
  20
-2.1452117130553625
  10
55.574389702620515
  20
-2.070105693059287
  10
55.75560007541809
  20
-2.0174006057739327
  10
55.77776905637203
  20
-1.8985981549258002
  10
55.82215804010029
  20
-1.6394118668374946
  10
55.847796504839884
  20
-1.4300018997328856
  0
HATCH
  5
1522
  100
AcDbEntity
  8
Bottom-Silkscreen-Layer
  100
AcDbHatch
  10
0
  20
0
  30
0
  210
0
  220
0
  230
1
  2
SOLID
  70
1
  71
0
  91
1
  92
7
  72
0
  73
1
  93
11
  10
53.26747636062565
  20
5.111292809326532
  10
52.94658099909009
  20
5.060646117446246
  10
52.825340398418504
  20
5.038156241724192
  10
52.928965715604825
  20
4.820252217037555
  10
53.03259103279114
  20
4.575805056541105
  10
53.04745113797604
  20
4.549268273803528
  10
53.10772704102428
  20
4.601909830366506
  10
53.274900035490546
  20
4.79487804651951
  10
53.48342621537262
  20
5.028848990895717
  10
53.57018882092424
  20
5.122512334898605
  10
53.51865678234316
  20
5.130987333263922
  97
1
  330
1521
  75
0
  76
1
  47
0.4128176842155181
  98
1
  10
34.90568961886538
  20
22.81183545379326
  450
0
  451
0
  460
0
  461
0
  452
1
  462
1
  453
2
  463
0
  63
5
  421
255
  463
1
  63
7
  421
16777215
  470
LINEAR
  1001
ACAD
  1010
0
  1020
0
  1030
0
  0
LWPOLYLINE
  5
1521
  100
AcDbEntity
  8
Bottom-Silkscreen-Layer
  100
AcDbPolyline
  90
11
  70
1
  43
0.25400050800101603
  10
53.26747636062565
  20
5.111292809326532
  10
52.94658099909009
  20
5.060646117446246
  10
52.825340398418504
  20
5.038156241724192
  10
52.928965715604825
  20
4.820252217037555
  10
53.03259103279114
  20
4.575805056541105
  10
53.04745113797604
  20
4.549268273803528
  10
53.10772704102428
  20
4.601909830366506
  10
53.274900035490546
  20
4.79487804651951
  10
53.48342621537262
  20
5.028848990895717
  10
53.57018882092424
  20
5.122512334898605
  10
53.51865678234316
  20
5.130987333263922
  0
HATCH
  5
1524
  100
AcDbEntity
  8
Bottom-Silkscreen-Layer
  100
AcDbHatch
  10
0
  20
0
  30
0
  210
0
  220
0
  230
1
  2
SOLID
  70
1
  71
0
  91
1
  92
7
  72
0
  73
1
  93
9
  10
49.058316489503454
  20
-4.271648521792191
  10
48.99090390932993
  20
-4.052721652475257
  10
48.94625343877224
  20
-4.16970712466336
  10
48.88534614069682
  20
-4.443175119142392
  10
48.85164622833761
  20
-4.63187407075155
  10
48.85164622833761
  20
-4.684153502196967
  10
48.99844876101823
  20
-4.735511738167893
  10
49.17294976443618
  20
-4.7866349104660175
  10
49.154467110004504
  20
-4.628462470959815
  97
1
  330
1523
  75
0
  76
1
  47
0.4128176842155181
  98
1
  10
34.90568961886538
  20
22.81183545379326
  450
0
  451
0
  460
0
  461
0
  452
1
  462
1
  453
2
  463
0
  63
5
  421
255
  463
1
  63
7
  421
16777215
  470
LINEAR
  1001
ACAD
  1010
0
  1020
0
  1030
0
  0
LWPOLYLINE
  5
1523
  100
AcDbEntity
  8
Bottom-Silkscreen-Layer
  100
AcDbPolyline
  90
9
  70
1
  43
0.25400050800101603
  10
49.058316489503454
  20
-4.271648521792191
  10
48.99090390932993
  20
-4.052721652475257
  10
48.94625343877224
  20
-4.16970712466336
  10
48.88534614069682
  20
-4.443175119142392
  10
48.85164622833761
  20
-4.63187407075155
  10
48.85164622833761
  20
-4.684153502196967
  10
48.99844876101823
  20
-4.735511738167893
  10
49.17294976443618
  20
-4.7866349104660175
  10
49.154467110004504
  20
-4.628462470959815
  0
HATCH
  5
1526
  100
AcDbEntity
  8
Bottom-Silkscreen-Layer
  100
AcDbHatch
  10
0
  20
0
  30
0
  210
0
  220
0
  230
1
  2
SOLID
  70
1
  71
0
  91
1
  92
7
  72
0
  73
1
  93
8
  10
51.92955667578159
  20
3.343372573117073
  10
51.75404161368364
  20
3.4714378032880178
  10
51.71874726943763
  20
3.297490685415189
  10
51.67970919912144
  20
3.0688499686465547
  10
51.66394345662485
  20
2.9805930891180896
  10
51.766924623328904
  20
3.0240608093695833
  10
51.98147775574305
  20
3.0998783734563014
  10
52.093049721453134
  20
3.1569924928747346
  97
1
  330
1525
  75
0
  76
1
  47
0.4128176842155181
  98
1
  10
34.90568961886538
  20
22.81183545379326
  450
0
  451
0
  460
0
  461
0
  452
1
  462
1
  453
2
  463
0
  63
5
  421
255
  463
1
  63
7
  421
16777215
  470
LINEAR
  1001
ACAD
  1010
0
  1020
0
  1030
0
  0
LWPOLYLINE
  5
1525
  100
AcDbEntity
  8
Bottom-Silkscreen-Layer
  100
AcDbPolyline
  90
8
  70
1
  43
0.25400050800101603
  10
51.92955667578159
  20
3.343372573117073
  10
51.75404161368364
  20
3.4714378032880178
  10
51.71874726943763
  20
3.297490685415189
  10
51.67970919912144
  20
3.0688499686465547
  10
51.66394345662485
  20
2.9805930891180896
  10
51.766924623328904
  20
3.0240608093695833
  10
51.98147775574305
  20
3.0998783734563014
  10
52.093049721453134
  20
3.1569924928747346
  0
HATCH
  5
1528
  100
AcDbEntity
  8
Bottom-Silkscreen-Layer
  100
AcDbHatch
  10
0
  20
0
  30
0
  210
0
  220
0
  230
1
  2
SOLID
  70
1
  71
0
  91
1
  92
7
  72
0
  73
1
  93
8
  10
60.0734428016715
  20
2.3235202398443424
  10
59.88553581494941
  20
2.441033017028189
  10
59.62697636245983
  20
2.4781349588973396
  10
59.46842605563733
  20
2.4806952470091996
  10
59.65161352397453
  20
2.375647197556051
  10
59.98433319238253
  20
2.235002884354127
  10
60.155428489290294
  20
2.186103287339257
  10
60.169166114426886
  20
2.2066681821732352
  97
1
  330
1527
  75
0
  76
1
  47
0.4128176842155181
  98
1
  10
34.90568961886538
  20
22.81183545379326
  450
0
  451
0
  460
0
  461
0
  452
1
  462
1
  453
2
  463
0
  63
5
  421
255
  463
1
  63
7
  421
16777215
  470
LINEAR
  1001
ACAD
  1010
0
  1020
0
  1030
0
  0
LWPOLYLINE
  5
1527
  100
AcDbEntity
  8
Bottom-Silkscreen-Layer
  100
AcDbPolyline
  90
8
  70
1
  43
0.25400050800101603
  10
60.0734428016715
  20
2.3235202398443424
  10
59.88553581494941
  20
2.441033017028189
  10
59.62697636245983
  20
2.4781349588973396
  10
59.46842605563733
  20
2.4806952470091996
  10
59.65161352397453
  20
2.375647197556051
  10
59.98433319238253
  20
2.235002884354127
  10
60.155428489290294
  20
2.186103287339257
  10
60.169166114426886
  20
2.2066681821732352
  0
HATCH
  5
1530
  100
AcDbEntity
  8
Bottom-Silkscreen-Layer
  100
AcDbHatch
  10
0
  20
0
  30
0
  210
0
  220
0
  230
1
  2
SOLID
  70
1
  71
0
  91
1
  92
7
  72
0
  73
1
  93
7
  10
55.87784197931458
  20
-2.3296414001206736
  10
55.860724158577995
  20
-2.2477502989745552
  10
55.71278639039398
  20
-2.4666199906413486
  10
55.584708865791825
  20
-2.7045171336605565
  10
55.73739804099848
  20
-2.7956710141294874
  10
55.898971390678334
  20
-2.867791090173766
  10
55.91133780439228
  20
-2.639664972256398
  97
1
  330
1529
  75
0
  76
1
  47
0.4128176842155181
  98
1
  10
34.90568961886538
  20
22.81183545379326
  450
0
  451
0
  460
0
  461
0
  452
1
  462
1
  453
2
  463
0
  63
5
  421
255
  463
1
  63
7
  421
16777215
  470
LINEAR
  1001
ACAD
  1010
0
  1020
0
  1030
0
  0
LWPOLYLINE
  5
1529
  100
AcDbEntity
  8
Bottom-Silkscreen-Layer
  100
AcDbPolyline
  90
7
  70
1
  43
0.25400050800101603
  10
55.87784197931458
  20
-2.3296414001206736
  10
55.860724158577995
  20
-2.2477502989745552
  10
55.71278639039398
  20
-2.4666199906413486
  10
55.584708865791825
  20
-2.7045171336605565
  10
55.73739804099848
  20
-2.7956710141294874
  10
55.898971390678334
  20
-2.867791090173766
  10
55.91133780439228
  20
-2.639664972256398
  0
HATCH
  5
1532
  100
AcDbEntity
  8
Bottom-Silkscreen-Layer
  100
AcDbHatch
  10
0
  20
0
  30
0
  210
0
  220
0
  230
1
  2
SOLID
  70
1
  71
0
  91
1
  92
7
  72
0
  73
1
  93
8
  10
55.96277417706017
  20
5.68059161256189
  10
55.75137801978186
  20
5.695546744609832
  10
55.66329522462798
  20
5.661087680791632
  10
55.689711772128334
  20
5.456359927926336
  10
55.726925812366034
  20
5.251193813076624
  10
55.82088887231841
  20
5.3096929022429125
  10
55.99507098935901
  20
5.5165235220189475
  10
56.08608753918458
  20
5.647797053670013
  97
1
  330
1531
  75
0
  76
1
  47
0.4128176842155181
  98
1
  10
34.90568961886538
  20
22.81183545379326
  450
0
  451
0
  460
0
  461
0
  452
1
  462
1
  453
2
  463
0
  63
5
  421
255
  463
1
  63
7
  421
16777215
  470
LINEAR
  1001
ACAD
  1010
0
  1020
0
  1030
0
  0
LWPOLYLINE
  5
1531
  100
AcDbEntity
  8
Bottom-Silkscreen-Layer
  100
AcDbPolyline
  90
8
  70
1
  43
0.25400050800101603
  10
55.96277417706017
  20
5.68059161256189
  10
55.75137801978186
  20
5.695546744609832
  10
55.66329522462798
  20
5.661087680791632
  10
55.689711772128334
  20
5.456359927926336
  10
55.726925812366034
  20
5.251193813076624
  10
55.82088887231841
  20
5.3096929022429125
  10
55.99507098935901
  20
5.5165235220189475
  10
56.08608753918458
  20
5.647797053670013
  0
HATCH
  5
1534
  100
AcDbEntity
  8
Bottom-Silkscreen-Layer
  100
AcDbHatch
  10
0
  20
0
  30
0
  210
0
  220
0
  230
1
  2
SOLID
  70
1
  71
0
  91
1
  92
7
  72
0
  73
1
  93
7
  10
51.993225529884924
  20
2.8912053627312866
  10
51.805318543162834
  20
2.8304636390650284
  10
51.67025740689654
  20
2.7557388034032244
  10
51.729283275345544
  20
2.592636379840437
  10
51.79929796835831
  20
2.47062562751218
  10
51.928159953448755
  20
2.6789555723363514
  10
52.04605862488563
  20
2.8918597291717867
  97
1
  330
1533
  75
0
  76
1
  47
0.4128176842155181
  98
1
  10
34.90568961886538
  20
22.81183545379326
  450
0
  451
0
  460
0
  461
0
  452
1
  462
1
  453
2
  463
0
  63
5
  421
255
  463
1
  63
7
  421
16777215
  470
LINEAR
  1001
ACAD
  1010
0
  1020
0
  1030
0
  0
LWPOLYLINE
  5
1533
  100
AcDbEntity
  8
Bottom-Silkscreen-Layer
  100
AcDbPolyline
  90
7
  70
1
  43
0.25400050800101603
  10
51.993225529884924
  20
2.8912053627312866
  10
51.805318543162834
  20
2.8304636390650284
  10
51.67025740689654
  20
2.7557388034032244
  10
51.729283275345544
  20
2.592636379840437
  10
51.79929796835831
  20
2.47062562751218
  10
51.928159953448755
  20
2.6789555723363514
  10
52.04605862488563
  20
2.8918597291717867
  0
HATCH
  5
1536
  100
AcDbEntity
  8
Bottom-Silkscreen-Layer
  100
AcDbHatch
  10
0
  20
0
  30
0
  210
0
  220
0
  230
1
  2
SOLID
  70
1
  71
0
  91
1
  92
7
  72
0
  73
1
  93
7
  10
55.018200838687434
  20
-2.9266904228910415
  10
54.81862898828159
  20
-3.0044075555768806
  10
54.927299087957714
  20
-3.1017683876222093
  10
55.0753006334172
  20
-3.213271158469032
  10
55.11553771651226
  20
-3.2428828281697357
  10
55.187076686408794
  20
-3.061184962166708
  10
55.23865974681026
  20
-2.8719650586340473
  97
1
  330
1535
  75
0
  76
1
  47
0.4128176842155181
  98
1
  10
34.90568961886538
  20
22.81183545379326
  450
0
  451
0
  460
0
  461
0
  452
1
  462
1
  453
2
  463
0
  63
5
  421
255
  463
1
  63
7
  421
16777215
  470
LINEAR
  1001
ACAD
  1010
0
  1020
0
  1030
0
  0
LWPOLYLINE
  5
1535
  100
AcDbEntity
  8
Bottom-Silkscreen-Layer
  100
AcDbPolyline
  90
7
  70
1
  43
0.25400050800101603
  10
55.018200838687434
  20
-2.9266904228910415
  10
54.81862898828159
  20
-3.0044075555768806
  10
54.927299087957714
  20
-3.1017683876222093
  10
55.0753006334172
  20
-3.213271158469032
  10
55.11553771651226
  20
-3.2428828281697357
  10
55.187076686408794
  20
-3.061184962166708
  10
55.23865974681026
  20
-2.8719650586340473
  0
HATCH
  5
1538
  100
AcDbEntity
  8
Bottom-Silkscreen-Layer
  100
AcDbHatch
  10
0
  20
0
  30
0
  210
0
  220
0
  230
1
  2
SOLID
  70
1
  71
0
  91
1
  92
7
  72
0
  73
1
  93
7
  10
52.75801710643064
  20
4.765698385730982
  10
52.66784241664129
  20
4.923629408492145
  10
52.57146857567609
  20
4.746353280766673
  10
52.49971276304295
  20
4.557539973857233
  10
52.69031115078995
  20
4.53251522231227
  10
52.86933396303884
  20
4.519027649951276
  10
52.85224803093999
  20
4.563397506460549
  97
1
  330
1537
  75
0
  76
1
  47
0.4128176842155181
  98
1
  10
34.90568961886538
  20
22.81183545379326
  450
0
  451
0
  460
0
  461
0
  452
1
  462
1
  453
2
  463
0
  63
5
  421
255
  463
1
  63
7
  421
16777215
  470
LINEAR
  1001
ACAD
  1010
0
  1020
0
  1030
0
  0
LWPOLYLINE
  5
1537
  100
AcDbEntity
  8
Bottom-Silkscreen-Layer
  100
AcDbPolyline
  90
7
  70
1
  43
0.25400050800101603
  10
52.75801710643064
  20
4.765698385730982
  10
52.66784241664129
  20
4.923629408492145
  10
52.57146857567609
  20
4.746353280766673
  10
52.49971276304295
  20
4.557539973857233
  10
52.69031115078995
  20
4.53251522231227
  10
52.86933396303884
  20
4.519027649951276
  10
52.85224803093999
  20
4.563397506460549
  0
HATCH
  5
1540
  100
AcDbEntity
  8
Bottom-Silkscreen-Layer
  100
AcDbHatch
  10
0
  20
0
  30
0
  210
0
  220
0
  230
1
  2
SOLID
  70
1
  71
0
  91
1
  92
7
  72
0
  73
1
  93
8
  10
49.38275148982768
  20
-5.535122116170448
  10
49.304082220533424
  20
-5.289448812732088
  10
49.287793504377966
  20
-5.359637554816054
  10
49.22976256142632
  20
-5.597636346991069
  10
49.18802033463013
  20
-5.765433690937641
  10
49.288603475776455
  20
-5.790668093866453
  10
49.42576926213331
  20
-5.815896143723028
  10
49.46187995550535
  20
-5.798348958202036
  97
1
  330
1539
  75
0
  76
1
  47
0.4128176842155181
  98
1
  10
34.90568961886538
  20
22.81183545379326
  450
0
  451
0
  460
0
  461
0
  452
1
  462
1
  453
2
  463
0
  63
5
  421
255
  463
1
  63
7
  421
16777215
  470
LINEAR
  1001
ACAD
  1010
0
  1020
0
  1030
0
  0
LWPOLYLINE
  5
1539
  100
AcDbEntity
  8
Bottom-Silkscreen-Layer
  100
AcDbPolyline
  90
8
  70
1
  43
0.25400050800101603
  10
49.38275148982768
  20
-5.535122116170448
  10
49.304082220533424
  20
-5.289448812732088
  10
49.287793504377966
  20
-5.359637554816054
  10
49.22976256142632
  20
-5.597636346991069
  10
49.18802033463013
  20
-5.765433690937641
  10
49.288603475776455
  20
-5.790668093866453
  10
49.42576926213331
  20
-5.815896143723028
  10
49.46187995550535
  20
-5.798348958202036
  0
HATCH
  5
1542
  100
AcDbEntity
  8
Bottom-Silkscreen-Layer
  100
AcDbHatch
  10
0
  20
0
  30
0
  210
0
  220
0
  230
1
  2
SOLID
  70
1
  71
0
  91
1
  92
7
  72
0
  73
1
  93
9
  10
55.56347103305977
  20
-2.2684994329034307
  10
55.35297413536562
  20
-2.321636529100959
  10
55.195329465854826
  20
-2.3602695613794356
  10
55.26400483608269
  20
-2.44664593152549
  10
55.37107412614448
  20
-2.564768603644171
  10
55.40946804597841
  20
-2.5965085525445613
  10
55.428977514545174
  20
-2.5625132629997287
  10
55.532405122177536
  20
-2.4116087381336473
  10
55.61631688351557
  20
-2.2743442593622705
  97
1
  330
1541
  75
0
  76
1
  47
0.4128176842155181
  98
1
  10
34.90568961886538
  20
22.81183545379326
  450
0
  451
0
  460
0
  461
0
  452
1
  462
1
  453
2
  463
0
  63
5
  421
255
  463
1
  63
7
  421
16777215
  470
LINEAR
  1001
ACAD
  1010
0
  1020
0
  1030
0
  0
LWPOLYLINE
  5
1541
  100
AcDbEntity
  8
Bottom-Silkscreen-Layer
  100
AcDbPolyline
  90
9
  70
1
  43
0.25400050800101603
  10
55.56347103305977
  20
-2.2684994329034307
  10
55.35297413536562
  20
-2.321636529100959
  10
55.195329465854826
  20
-2.3602695613794356
  10
55.26400483608269
  20
-2.44664593152549
  10
55.37107412614448
  20
-2.564768603644171
  10
55.40946804597841
  20
-2.5965085525445613
  10
55.428977514545174
  20
-2.5625132629997287
  10
55.532405122177536
  20
-2.4116087381336473
  10
55.61631688351557
  20
-2.2743442593622705
  0
HATCH
  5
1544
  100
AcDbEntity
  8
Bottom-Silkscreen-Layer
  100
AcDbHatch
  10
0
  20
0
  30
0
  210
0
  220
0
  230
1
  2
SOLID
  70
1
  71
0
  91
1
  92
7
  72
0
  73
1
  93
7
  10
56.456034003285374
  20
6.280289866455449
  10
56.27775100743195
  20
6.235291055794626
  10
56.09280328629174
  20
6.178189642520671
  10
56.16111512604942
  20
6.053561424430409
  10
56.27041024302517
  20
5.941429699432041
  10
56.37966709363563
  20
6.08181353667221
  10
56.46119358487103
  20
6.2514469184955255
  97
1
  330
1543
  75
0
  76
1
  47
0.4128176842155181
  98
1
  10
34.90568961886538
  20
22.81183545379326
  450
0
  451
0
  460
0
  461
0
  452
1
  462
1
  453
2
  463
0
  63
5
  421
255
  463
1
  63
7
  421
16777215
  470
LINEAR
  1001
ACAD
  1010
0
  1020
0
  1030
0
  0
LWPOLYLINE
  5
1543
  100
AcDbEntity
  8
Bottom-Silkscreen-Layer
  100
AcDbPolyline
  90
7
  70
1
  43
0.25400050800101603
  10
56.456034003285374
  20
6.280289866455449
  10
56.27775100743195
  20
6.235291055794626
  10
56.09280328629174
  20
6.178189642520671
  10
56.16111512604942
  20
6.053561424430409
  10
56.27041024302517
  20
5.941429699432041
  10
56.37966709363563
  20
6.08181353667221
  10
56.46119358487103
  20
6.2514469184955255
  0
HATCH
  5
1546
  100
AcDbEntity
  8
Bottom-Silkscreen-Layer
  100
AcDbHatch
  10
0
  20
0
  30
0
  210
0
  220
0
  230
1
  2
SOLID
  70
1
  71
0
  91
1
  92
7
  72
0
  73
1
  93
9
  10
49.09894261397889
  20
-5.304378532491078
  10
48.957822636542794
  20
-5.489615059730597
  10
48.82778714958366
  20
-5.663809947420703
  10
48.86769259084627
  20
-5.693059492003848
  10
48.96024617301072
  20
-5.722302683514754
  10
49.02371093983255
  20
-5.681357132941695
  10
49.059764233656665
  20
-5.535122116170448
  10
49.094784335618144
  20
-5.3830359198681235
  10
49.107291059338124
  20
-5.314797570961181
  97
1
  330
1545
  75
0
  76
1
  47
0.4128176842155181
  98
1
  10
34.90568961886538
  20
22.81183545379326
  450
0
  451
0
  460
0
  461
0
  452
1
  462
1
  453
2
  463
0
  63
5
  421
255
  463
1
  63
7
  421
16777215
  470
LINEAR
  1001
ACAD
  1010
0
  1020
0
  1030
0
  0
LWPOLYLINE
  5
1545
  100
AcDbEntity
  8
Bottom-Silkscreen-Layer
  100
AcDbPolyline
  90
9
  70
1
  43
0.25400050800101603
  10
49.09894261397889
  20
-5.304378532491078
  10
48.957822636542794
  20
-5.489615059730597
  10
48.82778714958366
  20
-5.663809947420703
  10
48.86769259084627
  20
-5.693059492003848
  10
48.96024617301072
  20
-5.722302683514754
  10
49.02371093983255
  20
-5.681357132941695
  10
49.059764233656665
  20
-5.535122116170448
  10
49.094784335618144
  20
-5.3830359198681235
  10
49.107291059338124
  20
-5.314797570961181
  0
HATCH
  5
1548
  100
AcDbEntity
  8
Bottom-Silkscreen-Layer
  100
AcDbHatch
  10
0
  20
0
  30
0
  210
0
  220
0
  230
1
  2
SOLID
  70
1
  71
0
  91
1
  92
7
  72
0
  73
1
  93
6
  10
55.15172494261486
  20
-2.5695588201115243
  10
55.03889018685044
  20
-2.487667718965404
  10
54.92798150480526
  20
-2.632524119061035
  10
54.852851874299674
  20
-2.770207900600112
  10
55.05184335149873
  20
-2.7378389975481734
  10
55.2398013600412
  20
-2.6820463171552165
  97
1
  330
1547
  75
0
  76
1
  47
0.4128176842155181
  98
1
  10
34.90568961886538
  20
22.81183545379326
  450
0
  451
0
  460
0
  461
0
  452
1
  462
1
  453
2
  463
0
  63
5
  421
255
  463
1
  63
7
  421
16777215
  470
LINEAR
  1001
ACAD
  1010
0
  1020
0
  1030
0
  0
LWPOLYLINE
  5
1547
  100
AcDbEntity
  8
Bottom-Silkscreen-Layer
  100
AcDbPolyline
  90
6
  70
1
  43
0.25400050800101603
  10
55.15172494261486
  20
-2.5695588201115243
  10
55.03889018685044
  20
-2.487667718965404
  10
54.92798150480526
  20
-2.632524119061035
  10
54.852851874299674
  20
-2.770207900600112
  10
55.05184335149873
  20
-2.7378389975481734
  10
55.2398013600412
  20
-2.6820463171552165
  0
HATCH
  5
1550
  100
AcDbEntity
  8
Bottom-Silkscreen-Layer
  100
AcDbHatch
  10
0
  20
0
  30
0
  210
0
  220
0
  230
1
  2
SOLID
  70
1
  71
0
  91
1
  92
7
  72
0
  73
1
  93
8
  10
48.72469118378376
  20
-4.224851791688055
  10
48.65113047425477
  20
-4.335992437417319
  10
48.54126136179978
  20
-4.523211123195055
  10
48.49543738937341
  20
-4.599295516315763
  10
48.55022844673109
  20
-4.620209830122825
  10
48.62850229691744
  20
-4.619021805614343
  10
48.691182603250965
  20
-4.463530362592522
  10
48.73228705729243
  20
-4.277499701323268
  97
1
  330
1549
  75
0
  76
1
  47
0.4128176842155181
  98
1
  10
34.90568961886538
  20
22.81183545379326
  450
0
  451
0
  460
0
  461
0
  452
1
  462
1
  453
2
  463
0
  63
5
  421
255
  463
1
  63
7
  421
16777215
  470
LINEAR
  1001
ACAD
  1010
0
  1020
0
  1030
0
  0
LWPOLYLINE
  5
1549
  100
AcDbEntity
  8
Bottom-Silkscreen-Layer
  100
AcDbPolyline
  90
8
  70
1
  43
0.25400050800101603
  10
48.72469118378376
  20
-4.224851791688055
  10
48.65113047425477
  20
-4.335992437417319
  10
48.54126136179978
  20
-4.523211123195055
  10
48.49543738937341
  20
-4.599295516315763
  10
48.55022844673109
  20
-4.620209830122825
  10
48.62850229691744
  20
-4.619021805614343
  10
48.691182603250965
  20
-4.463530362592522
  10
48.73228705729243
  20
-4.277499701323268
  0
HATCH
  5
1552
  100
AcDbEntity
  8
Bottom-Silkscreen-Layer
  100
AcDbHatch
  10
0
  20
0
  30
0
  210
0
  220
0
  230
1
  2
SOLID
  70
1
  71
0
  91
1
  92
7
  72
0
  73
1
  93
7
  10
52.227371041323956
  20
2.7944417194763176
  10
52.19406017034512
  20
2.7534961689032564
  10
52.110320607650856
  20
2.6114668859534795
  10
52.04968117413242
  20
2.5023020456901914
  10
52.21384388119642
  20
2.566842906554693
  10
52.36986860791024
  20
2.6394585222335243
  10
52.307794185693695
  20
2.7169469443188015
  97
1
  330
1551
  75
0
  76
1
  47
0.4128176842155181
  98
1
  10
34.90568961886538
  20
22.81183545379326
  450
0
  451
0
  460
0
  461
0
  452
1
  462
1
  453
2
  463
0
  63
5
  421
255
  463
1
  63
7
  421
16777215
  470
LINEAR
  1001
ACAD
  1010
0
  1020
0
  1030
0
  0
LWPOLYLINE
  5
1551
  100
AcDbEntity
  8
Bottom-Silkscreen-Layer
  100
AcDbPolyline
  90
7
  70
1
  43
0.25400050800101603
  10
52.227371041323956
  20
2.7944417194763176
  10
52.19406017034512
  20
2.7534961689032564
  10
52.110320607650856
  20
2.6114668859534795
  10
52.04968117413242
  20
2.5023020456901914
  10
52.21384388119642
  20
2.566842906554693
  10
52.36986860791024
  20
2.6394585222335243
  10
52.307794185693695
  20
2.7169469443188015
  0
HATCH
  5
1554
  100
AcDbEntity
  8
Bottom-Silkscreen-Layer
  100
AcDbHatch
  10
0
  20
0
  30
0
  210
0
  220
0
  230
1
  2
SOLID
  70
1
  71
0
  91
1
  92
7
  72
0
  73
1
  93
8
  10
53.24157640905661
  20
3.4622703200487743
  10
53.17209744515781
  20
3.6484598081239743
  10
53.18562460528535
  20
3.543170341925785
  10
53.212978678735126
  20
3.279943499894197
  10
53.226811969784926
  20
3.1220124771330338
  10
53.28343981267619
  20
3.1220124771330338
  10
53.340067655567466
  20
3.1220124771330338
  10
53.32555832539767
  20
3.1990434780171846
  97
1
  330
1553
  75
0
  76
1
  47
0.4128176842155181
  98
1
  10
34.90568961886538
  20
22.81183545379326
  450
0
  451
0
  460
0
  461
0
  452
1
  462
1
  453
2
  463
0
  63
5
  421
255
  463
1
  63
7
  421
16777215
  470
LINEAR
  1001
ACAD
  1010
0
  1020
0
  1030
0
  0
LWPOLYLINE
  5
1553
  100
AcDbEntity
  8
Bottom-Silkscreen-Layer
  100
AcDbPolyline
  90
8
  70
1
  43
0.25400050800101603
  10
53.24157640905661
  20
3.4622703200487743
  10
53.17209744515781
  20
3.6484598081239743
  10
53.18562460528535
  20
3.543170341925785
  10
53.212978678735126
  20
3.279943499894197
  10
53.226811969784926
  20
3.1220124771330338
  10
53.28343981267619
  20
3.1220124771330338
  10
53.340067655567466
  20
3.1220124771330338
  10
53.32555832539767
  20
3.1990434780171846
  0
HATCH
  5
1556
  100
AcDbEntity
  8
Bottom-Silkscreen-Layer
  100
AcDbHatch
  10
0
  20
0
  30
0
  210
0
  220
0
  230
1
  2
SOLID
  70
1
  71
0
  91
1
  92
7
  72
0
  73
1
  93
7
  10
56.01532027432125
  20
5.96526642646852
  10
55.92282409170473
  20
6.08110199258157
  10
55.82847836809953
  20
5.989325511033328
  10
55.75584880679243
  20
5.884175812424371
  10
55.80940258500596
  20
5.873134172874958
  10
55.97452195120204
  20
5.847683765490057
  10
56.08608753918458
  20
5.848039537535377
  97
1
  330
1555
  75
0
  76
1
  47
0.4128176842155181
  98
1
  10
34.90568961886538
  20
22.81183545379326
  450
0
  451
0
  460
0
  461
0
  452
1
  462
1
  453
2
  463
0
  63
5
  421
255
  463
1
  63
7
  421
16777215
  470
LINEAR
  1001
ACAD
  1010
0
  1020
0
  1030
0
  0
LWPOLYLINE
  5
1555
  100
AcDbEntity
  8
Bottom-Silkscreen-Layer
  100
AcDbPolyline
  90
7
  70
1
  43
0.25400050800101603
  10
56.01532027432125
  20
5.96526642646852
  10
55.92282409170473
  20
6.08110199258157
  10
55.82847836809953
  20
5.989325511033328
  10
55.75584880679243
  20
5.884175812424371
  10
55.80940258500596
  20
5.873134172874958
  10
55.97452195120204
  20
5.847683765490057
  10
56.08608753918458
  20
5.848039537535377
  0
HATCH
  5
1558
  100
AcDbEntity
  8
Bottom-Silkscreen-Layer
  100
AcDbHatch
  10
0
  20
0
  30
0
  210
0
  220
0
  230
1
  2
SOLID
  70
1
  71
0
  91
1
  92
7
  72
0
  73
1
  93
7
  10
52.04803572042525
  20
3.655232183129541
  10
52.01558584266528
  20
3.7685201672752044
  10
51.91864438394839
  20
3.751195339282539
  10
51.83471986715526
  20
3.708102450293079
  10
51.951362126265344
  20
3.566568706977854
  10
52.06796611901014
  20
3.437880875727598
  10
52.06774289854599
  20
3.496373611821651
  97
1
  330
1557
  75
0
  76
1
  47
0.4128176842155181
  98
1
  10
34.90568961886538
  20
22.81183545379326
  450
0
  451
0
  460
0
  461
0
  452
1
  462
1
  453
2
  463
0
  63
5
  421
255
  463
1
  63
7
  421
16777215
  470
LINEAR
  1001
ACAD
  1010
0
  1020
0
  1030
0
  0
LWPOLYLINE
  5
1557
  100
AcDbEntity
  8
Bottom-Silkscreen-Layer
  100
AcDbPolyline
  90
7
  70
1
  43
0.25400050800101603
  10
52.04803572042525
  20
3.655232183129541
  10
52.01558584266528
  20
3.7685201672752044
  10
51.91864438394839
  20
3.751195339282539
  10
51.83471986715526
  20
3.708102450293079
  10
51.951362126265344
  20
3.566568706977854
  10
52.06796611901014
  20
3.437880875727598
  10
52.06774289854599
  20
3.496373611821651
  0
HATCH
  5
1560
  100
AcDbEntity
  8
Bottom-Silkscreen-Layer
  100
AcDbHatch
  10
0
  20
0
  30
0
  210
0
  220
0
  230
1
  2
SOLID
  70
1
  71
0
  91
1
  92
7
  72
0
  73
1
  93
6
  10
52.454137521990916
  20
4.267401517826036
  10
52.33585618690121
  20
4.315290976355084
  10
52.27953447493221
  20
4.2066915595209675
  10
52.23926550319942
  20
4.092425202250672
  10
52.404270070299646
  20
4.148198823426917
  10
52.562820377122144
  20
4.214575722168163
  97
1
  330
1559
  75
0
  76
1
  47
0.4128176842155181
  98
1
  10
34.90568961886538
  20
22.81183545379326
  450
0
  451
0
  460
0
  461
0
  452
1
  462
1
  453
2
  463
0
  63
5
  421
255
  463
1
  63
7
  421
16777215
  470
LINEAR
  1001
ACAD
  1010
0
  1020
0
  1030
0
  0
LWPOLYLINE
  5
1559
  100
AcDbEntity
  8
Bottom-Silkscreen-Layer
  100
AcDbPolyline
  90
6
  70
1
  43
0.25400050800101603
  10
52.454137521990916
  20
4.267401517826036
  10
52.33585618690121
  20
4.315290976355084
  10
52.27953447493221
  20
4.2066915595209675
  10
52.23926550319942
  20
4.092425202250672
  10
52.404270070299646
  20
4.148198823426917
  10
52.562820377122144
  20
4.214575722168163
  0
HATCH
  5
1562
  100
AcDbEntity
  8
Bottom-Silkscreen-Layer
  100
AcDbHatch
  10
0
  20
0
  30
0
  210
0
  220
0
  230
1
  2
SOLID
  70
1
  71
0
  91
1
  92
7
  72
0
  73
1
  93
7
  10
55.45263888374515
  20
-3.066667663507988
  10
55.40798841318747
  20
-2.9730805563719556
  10
55.3477380210494
  20
-3.1082802866660244
  10
55.2874812511838
  20
-3.254966371566161
  10
55.352074875781476
  20
-3.2510592321398724
  10
55.457772954420626
  20
-3.2146942466503146
  10
55.4980801925187
  20
-3.176988762918568
  97
1
  330
1561
  75
0
  76
1
  47
0.4128176842155181
  98
1
  10
34.90568961886538
  20
22.81183545379326
  450
0
  451
0
  460
0
  461
0
  452
1
  462
1
  453
2
  463
0
  63
5
  421
255
  463
1
  63
7
  421
16777215
  470
LINEAR
  1001
ACAD
  1010
0
  1020
0
  1030
0
  0
LWPOLYLINE
  5
1561
  100
AcDbEntity
  8
Bottom-Silkscreen-Layer
  100
AcDbPolyline
  90
7
  70
1
  43
0.25400050800101603
  10
55.45263888374515
  20
-3.066667663507988
  10
55.40798841318747
  20
-2.9730805563719556
  10
55.3477380210494
  20
-3.1082802866660244
  10
55.2874812511838
  20
-3.254966371566161
  10
55.352074875781476
  20
-3.2510592321398724
  10
55.457772954420626
  20
-3.2146942466503146
  10
55.4980801925187
  20
-3.176988762918568
  0
HATCH
  5
1564
  100
AcDbEntity
  8
Bottom-Silkscreen-Layer
  100
AcDbHatch
  10
0
  20
0
  30
0
  210
0
  220
0
  230
1
  2
SOLID
  70
1
  71
0
  91
1
  92
7
  72
0
  73
1
  93
7
  10
52.45712229848299
  20
2.9816222868206252
  10
52.35142421984384
  20
2.9653330096027326
  10
52.41333919887171
  20
2.8600435434045433
  10
52.49085409947994
  20
2.7710433544242505
  10
52.53463082136368
  20
2.799123933715627
  10
52.562820377122144
  20
2.9044133999138144
  10
52.562820377122144
  20
2.9816222868206252
  97
1
  330
1563
  75
0
  76
1
  47
0.4128176842155181
  98
1
  10
34.90568961886538
  20
22.81183545379326
  450
0
  451
0
  460
0
  461
0
  452
1
  462
1
  453
2
  463
0
  63
5
  421
255
  463
1
  63
7
  421
16777215
  470
LINEAR
  1001
ACAD
  1010
0
  1020
0
  1030
0
  0
LWPOLYLINE
  5
1563
  100
AcDbEntity
  8
Bottom-Silkscreen-Layer
  100
AcDbPolyline
  90
7
  70
1
  43
0.25400050800101603
  10
52.45712229848299
  20
2.9816222868206252
  10
52.35142421984384
  20
2.9653330096027326
  10
52.41333919887171
  20
2.8600435434045433
  10
52.49085409947994
  20
2.7710433544242505
  10
52.53463082136368
  20
2.799123933715627
  10
52.562820377122144
  20
2.9044133999138144
  10
52.562820377122144
  20
2.9816222868206252
  0
HATCH
  5
1566
  100
AcDbEntity
  8
Bottom-Silkscreen-Layer
  100
AcDbHatch
  10
0
  20
0
  30
0
  210
0
  220
0
  230
1
  2
SOLID
  70
1
  71
0
  91
1
  92
7
  72
0
  73
1
  93
7
  10
49.14194763082942
  20
-5.986863670716296
  10
49.11094549722266
  20
-6.070031739382228
  10
49.089841596769084
  20
-6.1433398399349874
  10
49.14103561579017
  20
-6.116364695212999
  10
49.248576857690445
  20
-6.052954681206837
  10
49.30492408056965
  20
-6.016526164994902
  10
49.22838497227613
  20
-5.996768110335132
  97
1
  330
1565
  75
0
  76
1
  47
0.4128176842155181
  98
1
  10
34.90568961886538
  20
22.81183545379326
  450
0
  451
0
  460
0
  461
0
  452
1
  462
1
  453
2
  463
0
  63
5
  421
255
  463
1
  63
7
  421
16777215
  470
LINEAR
  1001
ACAD
  1010
0
  1020
0
  1030
0
  0
LWPOLYLINE
  5
1565
  100
AcDbEntity
  8
Bottom-Silkscreen-Layer
  100
AcDbPolyline
  90
7
  70
1
  43
0.25400050800101603
  10
49.14194763082942
  20
-5.986863670716296
  10
49.11094549722266
  20
-6.070031739382228
  10
49.089841596769084
  20
-6.1433398399349874
  10
49.14103561579017
  20
-6.116364695212999
  10
49.248576857690445
  20
-6.052954681206837
  10
49.30492408056965
  20
-6.016526164994902
  10
49.22838497227613
  20
-5.996768110335132
  0
HATCH
  5
1568
  100
AcDbEntity
  8
Bottom-Silkscreen-Layer
  100
AcDbHatch
  10
0
  20
0
  30
0
  210
0
  220
0
  230
1
  2
SOLID
  70
1
  71
0
  91
1
  92
7
  72
0
  73
1
  93
6
  10
52.25936172270053
  20
4.698019107180973
  10
52.164014695870435
  20
4.613612189428658
  10
52.22026625283641
  20
4.5960650039076665
  10
52.30821511571181
  20
4.666253745991632
  10
52.3610737216227
  20
4.736448841147838
  10
52.368471885577414
  20
4.750660663743948
  97
1
  330
1567
  75
0
  76
1
  47
0.4128176842155181
  98
1
  10
34.90568961886538
  20
22.81183545379326
  450
0
  451
0
  460
0
  461
0
  452
1
  462
1
  453
2
  463
0
  63
5
  421
255
  463
1
  63
7
  421
16777215
  470
LINEAR
  1001
ACAD
  1010
0
  1020
0
  1030
0
  0
LWPOLYLINE
  5
1567
  100
AcDbEntity
  8
Bottom-Silkscreen-Layer
  100
AcDbPolyline
  90
6
  70
1
  43
0.25400050800101603
  10
52.25936172270053
  20
4.698019107180973
  10
52.164014695870435
  20
4.613612189428658
  10
52.22026625283641
  20
4.5960650039076665
  10
52.30821511571181
  20
4.666253745991632
  10
52.3610737216227
  20
4.736448841147838
  10
52.368471885577414
  20
4.750660663743948
  0
HATCH
  5
1570
  100
AcDbEntity
  8
Bottom-Silkscreen-Layer
  100
AcDbHatch
  10
0
  20
0
  30
0
  210
0
  220
0
  230
1
  2
SOLID
  70
1
  71
0
  91
1
  92
7
  72
0
  73
1
  93
8
  10
55.653862565585726
  20
-2.956943752887768
  10
55.60919933957294
  20
-2.9325416024221185
  10
55.6271653980733
  20
-2.9762062679129855
  10
55.6569557634461
  20
-3.06082283704915
  10
55.69657420696908
  20
-3.1017683876222093
  10
55.75341251486941
  20
-3.0728301435787198
  10
55.7824566861192
  20
-3.0438982526074687
  10
55.7404976165864
  20
-3.0126220779804442
  97
1
  330
1569
  75
0
  76
1
  47
0.4128176842155181
  98
1
  10
34.90568961886538
  20
22.81183545379326
  450
0
  451
0
  460
0
  461
0
  452
1
  462
1
  453
2
  463
0
  63
5
  421
255
  463
1
  63
7
  421
16777215
  470
LINEAR
  1001
ACAD
  1010
0
  1020
0
  1030
0
  0
LWPOLYLINE
  5
1569
  100
AcDbEntity
  8
Bottom-Silkscreen-Layer
  100
AcDbPolyline
  90
8
  70
1
  43
0.25400050800101603
  10
55.653862565585726
  20
-2.956943752887768
  10
55.60919933957294
  20
-2.9325416024221185
  10
55.6271653980733
  20
-2.9762062679129855
  10
55.6569557634461
  20
-3.06082283704915
  10
55.69657420696908
  20
-3.1017683876222093
  10
55.75341251486941
  20
-3.0728301435787198
  10
55.7824566861192
  20
-3.0438982526074687
  10
55.7404976165864
  20
-3.0126220779804442
  0
HATCH
  5
1572
  100
AcDbEntity
  8
Bottom-Silkscreen-Layer
  100
AcDbHatch
  10
0
  20
0
  30
0
  210
0
  220
0
  230
1
  2
SOLID
  70
1
  71
0
  91
1
  92
7
  72
0
  73
1
  93
6
  10
52.075434437967864
  20
4.43918223806575
  10
52.001172178408694
  20
4.442028414428315
  10
52.02254394341924
  20
4.338803696707436
  10
52.0697327495407
  20
4.245095881198881
  10
52.111360177241046
  20
4.297743790834094
  10
52.138440008406306
  20
4.388605429980082
  97
1
  330
1571
  75
0
  76
1
  47
0.4128176842155181
  98
1
  10
34.90568961886538
  20
22.81183545379326
  450
0
  451
0
  460
0
  461
0
  452
1
  462
1
  453
2
  463
0
  63
5
  421
255
  463
1
  63
7
  421
16777215
  470
LINEAR
  1001
ACAD
  1010
0
  1020
0
  1030
0
  0
LWPOLYLINE
  5
1571
  100
AcDbEntity
  8
Bottom-Silkscreen-Layer
  100
AcDbPolyline
  90
6
  70
1
  43
0.25400050800101603
  10
52.075434437967864
  20
4.43918223806575
  10
52.001172178408694
  20
4.442028414428315
  10
52.02254394341924
  20
4.338803696707436
  10
52.0697327495407
  20
4.245095881198881
  10
52.111360177241046
  20
4.297743790834094
  10
52.138440008406306
  20
4.388605429980082
  0
HATCH
  5
1574
  100
AcDbEntity
  8
Bottom-Silkscreen-Layer
  100
AcDbHatch
  10
0
  20
0
  30
0
  210
0
  220
0
  230
1
  2
SOLID
  70
1
  71
0
  91
1
  92
7
  72
0
  73
1
  93
6
  10
48.52280421827828
  20
-4.809798211845284
  10
48.475825877165875
  20
-4.843367845550179
  10
48.50190440510623
  20
-4.9428061322172905
  10
48.527976555319036
  20
-5.008674785179507
  10
48.547230914783924
  20
-4.9618780550753705
  10
48.568130727955975
  20
-4.86243976840826
  97
1
  330
1573
  75
0
  76
1
  47
0.4128176842155181
  98
1
  10
34.90568961886538
  20
22.81183545379326
  450
0
  451
0
  460
0
  461
0
  452
1
  462
1
  453
2
  463
0
  63
5
  421
255
  463
1
  63
7
  421
16777215
  470
LINEAR
  1001
ACAD
  1010
0
  1020
0
  1030
0
  0
LWPOLYLINE
  5
1573
  100
AcDbEntity
  8
Bottom-Silkscreen-Layer
  100
AcDbPolyline
  90
6
  70
1
  43
0.25400050800101603
  10
48.52280421827828
  20
-4.809798211845284
  10
48.475825877165875
  20
-4.843367845550179
  10
48.50190440510623
  20
-4.9428061322172905
  10
48.527976555319036
  20
-5.008674785179507
  10
48.547230914783924
  20
-4.9618780550753705
  10
48.568130727955975
  20
-4.86243976840826
  0
HATCH
  5
1576
  100
AcDbEntity
  8
Bottom-Silkscreen-Layer
  100
AcDbHatch
  10
0
  20
0
  30
0
  210
0
  220
0
  230
1
  2
SOLID
  70
1
  71
0
  91
1
  92
7
  72
0
  73
1
  93
6
  10
52.762468760258564
  20
4.360899681950741
  10
52.66851845576129
  20
4.360429554605139
  10
52.727238193288024
  20
4.326986982345001
  10
52.83489423428416
  20
4.292724863766177
  10
52.89983863389693
  20
4.307845175692304
  10
52.886139275125615
  20
4.342583774688967
  97
1
  330
1575
  75
0
  76
1
  47
0.4128176842155181
  98
1
  10
34.90568961886538
  20
22.81183545379326
  450
0
  451
0
  460
0
  461
0
  452
1
  462
1
  453
2
  463
0
  63
5
  421
255
  463
1
  63
7
  421
16777215
  470
LINEAR
  1001
ACAD
  1010
0
  1020
0
  1030
0
  0
LWPOLYLINE
  5
1575
  100
AcDbEntity
  8
Bottom-Silkscreen-Layer
  100
AcDbPolyline
  90
6
  70
1
  43
0.25400050800101603
  10
52.762468760258564
  20
4.360899681950741
  10
52.66851845576129
  20
4.360429554605139
  10
52.727238193288024
  20
4.326986982345001
  10
52.83489423428416
  20
4.292724863766177
  10
52.89983863389693
  20
4.307845175692304
  10
52.886139275125615
  20
4.342583774688967
  0
HATCH
  5
1578
  100
AcDbEntity
  8
Bottom-Silkscreen-Layer
  100
AcDbHatch
  10
0
  20
0
  30
0
  210
0
  220
0
  230
1
  2
SOLID
  70
1
  71
0
  91
1
  92
7
  72
0
  73
1
  93
7
  10
48.93577483241224
  20
-5.909483250859063
  10
48.888796491299836
  20
-5.895284134407428
  10
48.85164622833761
  20
-5.920219942941059
  10
48.87882172541607
  20
-6.009944382156471
  10
48.90599722249454
  20
-6.060527543314376
  10
48.92414823509377
  20
-6.014251765133746
  10
48.94394470140017
  20
-5.938732795442207
  97
1
  330
1577
  75
0
  76
1
  47
0.4128176842155181
  98
1
  10
34.90568961886538
  20
22.81183545379326
  450
0
  451
0
  460
0
  461
0
  452
1
  462
1
  453
2
  463
0
  63
5
  421
255
  463
1
  63
7
  421
16777215
  470
LINEAR
  1001
ACAD
  1010
0
  1020
0
  1030
0
  0
LWPOLYLINE
  5
1577
  100
AcDbEntity
  8
Bottom-Silkscreen-Layer
  100
AcDbPolyline
  90
7
  70
1
  43
0.25400050800101603
  10
48.93577483241224
  20
-5.909483250859063
  10
48.888796491299836
  20
-5.895284134407428
  10
48.85164622833761
  20
-5.920219942941059
  10
48.87882172541607
  20
-6.009944382156471
  10
48.90599722249454
  20
-6.060527543314376
  10
48.92414823509377
  20
-6.014251765133746
  10
48.94394470140017
  20
-5.938732795442207
  0
HATCH
  5
1580
  100
AcDbEntity
  8
Bottom-Silkscreen-Layer
  100
AcDbHatch
  10
0
  20
0
  30
0
  210
0
  220
0
  230
1
  2
SOLID
  70
1
  71
0
  91
1
  92
7
  72
0
  73
1
  93
6
  10
48.78117871666899
  20
-5.043769156221491
  10
48.71071120500038
  20
-5.043769156221491
  10
48.71071120500038
  20
-5.089835283018272
  10
48.751815659041846
  20
-5.121295696740194
  10
48.82228317071047
  20
-5.084073046498526
  10
48.85164622833761
  20
-5.0526062797043645
  97
1
  330
1579
  75
0
  76
1
  47
0.4128176842155181
  98
1
  10
34.90568961886538
  20
22.81183545379326
  450
0
  451
0
  460
0
  461
0
  452
1
  462
1
  453
2
  463
0
  63
5
  421
255
  463
1
  63
7
  421
16777215
  470
LINEAR
  1001
ACAD
  1010
0
  1020
0
  1030
0
  0
LWPOLYLINE
  5
1579
  100
AcDbEntity
  8
Bottom-Silkscreen-Layer
  100
AcDbPolyline
  90
6
  70
1
  43
0.25400050800101603
  10
48.78117871666899
  20
-5.043769156221491
  10
48.71071120500038
  20
-5.043769156221491
  10
48.71071120500038
  20
-5.089835283018272
  10
48.751815659041846
  20
-5.121295696740194
  10
48.82228317071047
  20
-5.084073046498526
  10
48.85164622833761
  20
-5.0526062797043645
  0
HATCH
  5
1582
  100
AcDbEntity
  8
Bottom-Silkscreen-Layer
  100
AcDbHatch
  10
0
  20
0
  30
0
  210
0
  220
0
  230
1
  2
SOLID
  70
1
  71
0
  91
1
  92
7
  72
0
  73
1
  93
47
  10
44.54882305045777
  20
-8.552507422473662
  10
44.46661414237482
  20
-8.60021899498005
  10
44.43580971832202
  20
-8.60021899498005
  10
44.43580971832202
  20
-9.174828966606269
  10
44.414004267838266
  20
-9.906004050462506
  10
44.36375415249416
  20
-10.284850454151057
  10
44.27788442879914
  20
-10.72940033092364
  10
44.201900182802234
  20
-11.021876717538373
  10
44.111177008443825
  20
-11.29693933314911
  10
43.974074999362436
  20
-11.647902102785658
  10
43.83981745676709
  20
-11.922685183217927
  10
43.683441955038184
  20
-12.180054492646203
  10
43.42225487879917
  20
-12.473477487024379
  10
43.08445853926363
  20
-12.71795641288202
  10
42.92080605040341
  20
-12.7976938225395
  10
42.732899063681316
  20
-12.798862787831268
  10
42.54499207695922
  20
-12.8000254000508
  10
42.39068933668313
  20
-12.724843143187869
  10
42.12580955619432
  20
-12.552693944758357
  10
41.91245543655905
  20
-12.31204592146015
  10
41.738955736365995
  20
-12.01425201338232
  10
41.59516349108764
  20
-11.628188519631554
  10
41.4529975663338
  20
-11.052924181564835
  10
41.357433696767096
  20
-10.2340068170314
  10
41.35818626861766
  20
-9.407434000451332
  10
41.432187041347404
  20
-8.787399562324358
  10
41.536871061306556
  20
-8.278848835827493
  10
41.678807387868694
  20
-7.787502228950774
  10
41.85601892549419
  20
-7.341624560080477
  10
42.035239447297045
  20
-7.003742766181699
  10
42.31270248423641
  20
-6.659596843056385
  10
42.64910210143913
  20
-6.374007186747501
  10
42.94636798241244
  20
-6.260058483089098
  10
43.09864898305607
  20
-6.231437892657503
  10
43.20937908872994
  20
-6.260776380251978
  10
43.4254628757554
  20
-6.349687626220942
  10
43.645673052503874
  20
-6.516188943430989
  10
43.8603856281067
  20
-6.7635013395067185
  10
44.057342610218214
  20
-7.087666850443938
  10
44.210561136811286
  20
-7.438629620080485
  10
44.30289149851157
  20
-7.757903265394546
  10
44.363970995230765
  20
-8.033976019491105
  10
44.38883775493716
  20
-8.227007766366489
  10
44.38883775493716
  20
-8.296046602375402
  10
44.46258341856502
  20
-8.296046602375402
  10
44.567535303081144
  20
-8.336992152948461
  10
44.59948771809243
  20
-8.441373129816634
  97
1
  330
1581
  75
0
  76
1
  47
0.4128176842155181
  98
1
  10
34.90568961886538
  20
22.81183545379326
  450
0
  451
0
  460
0
  461
0
  452
1
  462
1
  453
2
  463
0
  63
5
  421
255
  463
1
  63
7
  421
16777215
  470
LINEAR
  1001
ACAD
  1010
0
  1020
0
  1030
0
  0
LWPOLYLINE
  5
1581
  100
AcDbEntity
  8
Bottom-Silkscreen-Layer
  100
AcDbPolyline
  90
47
  70
1
  43
0.25400050800101603
  10
44.54882305045777
  20
-8.552507422473662
  10
44.46661414237482
  20
-8.60021899498005
  10
44.43580971832202
  20
-8.60021899498005
  10
44.43580971832202
  20
-9.174828966606269
  10
44.414004267838266
  20
-9.906004050462506
  10
44.36375415249416
  20
-10.284850454151057
  10
44.27788442879914
  20
-10.72940033092364
  10
44.201900182802234
  20
-11.021876717538373
  10
44.111177008443825
  20
-11.29693933314911
  10
43.974074999362436
  20
-11.647902102785658
  10
43.83981745676709
  20
-11.922685183217927
  10
43.683441955038184
  20
-12.180054492646203
  10
43.42225487879917
  20
-12.473477487024379
  10
43.08445853926363
  20
-12.71795641288202
  10
42.92080605040341
  20
-12.7976938225395
  10
42.732899063681316
  20
-12.798862787831268
  10
42.54499207695922
  20
-12.8000254000508
  10
42.39068933668313
  20
-12.724843143187869
  10
42.12580955619432
  20
-12.552693944758357
  10
41.91245543655905
  20
-12.31204592146015
  10
41.738955736365995
  20
-12.01425201338232
  10
41.59516349108764
  20
-11.628188519631554
  10
41.4529975663338
  20
-11.052924181564835
  10
41.357433696767096
  20
-10.2340068170314
  10
41.35818626861766
  20
-9.407434000451332
  10
41.432187041347404
  20
-8.787399562324358
  10
41.536871061306556
  20
-8.278848835827493
  10
41.678807387868694
  20
-7.787502228950774
  10
41.85601892549419
  20
-7.341624560080477
  10
42.035239447297045
  20
-7.003742766181699
  10
42.31270248423641
  20
-6.659596843056385
  10
42.64910210143913
  20
-6.374007186747501
  10
42.94636798241244
  20
-6.260058483089098
  10
43.09864898305607
  20
-6.231437892657503
  10
43.20937908872994
  20
-6.260776380251978
  10
43.4254628757554
  20
-6.349687626220942
  10
43.645673052503874
  20
-6.516188943430989
  10
43.8603856281067
  20
-6.7635013395067185
  10
44.057342610218214
  20
-7.087666850443938
  10
44.210561136811286
  20
-7.438629620080485
  10
44.30289149851157
  20
-7.757903265394546
  10
44.363970995230765
  20
-8.033976019491105
  10
44.38883775493716
  20
-8.227007766366489
  10
44.38883775493716
  20
-8.296046602375402
  10
44.46258341856502
  20
-8.296046602375402
  10
44.567535303081144
  20
-8.336992152948461
  10
44.59948771809243
  20
-8.441373129816634
  0
HATCH
  5
1584
  100
AcDbEntity
  8
Bottom-Silkscreen-Layer
  100
AcDbHatch
  10
0
  20
0
  30
0
  210
0
  220
0
  230
1
  2
SOLID
  70
1
  71
0
  91
1
  92
7
  72
0
  73
1
  93
78
  10
44.205057157938086
  20
-8.8634394839394
  10
44.186415060317714
  20
-8.834196292428494
  10
44.14218551977814
  20
-8.866412721746723
  10
44.0979623569661
  20
-8.898622797992715
  10
44.126113646359286
  20
-9.082836480601939
  10
44.15410549256379
  20
-9.496516779370719
  10
44.129793595154
  20
-9.835783543017351
  10
44.080583049400076
  20
-10.062569162692528
  10
44.00854023902732
  20
-10.341697744535502
  10
43.85604239564708
  20
-10.751159603338337
  10
43.67160489271065
  20
-11.16760984160283
  10
43.500490462620235
  20
-11.47178223420748
  10
43.29121808861514
  20
-11.715784679647278
  10
43.076894554392695
  20
-11.874154064392854
  10
42.87977812909249
  20
-11.936954183464179
  10
42.63894875918404
  20
-11.8976159601673
  10
42.35587332200317
  20
-11.702455934092232
  10
42.149962010415436
  20
-11.44525180454214
  10
42.00368882912123
  20
-11.111035733324613
  10
41.86562378318022
  20
-10.629161557154557
  10
41.78186508730331
  20
-10.06754361825478
  10
41.753650020634666
  20
-9.76835203428462
  10
41.78071071861728
  20
-9.482603551169788
  10
41.865732204548515
  20
-8.902352051396342
  10
41.99106092857784
  20
-8.375904720405403
  10
42.08585309311134
  20
-8.07377166398911
  10
42.17505836831352
  20
-7.874888737582649
  10
42.32332140060244
  20
-7.617513075082137
  10
42.52691121936301
  20
-7.379857348807967
  10
42.74717879565941
  20
-7.2184194301715
  10
43.00556604950522
  20
-7.154844236287155
  10
43.24457776706273
  20
-7.171292340310996
  10
43.43550779664218
  20
-7.280330119129526
  10
43.64182090506539
  20
-7.507217387960509
  10
43.80313914564335
  20
-7.804693642426445
  10
43.93814288236172
  20
-8.214155501229282
  10
44.024535579715604
  20
-8.537202871452637
  10
44.03807549529824
  20
-8.602874579175479
  10
44.09014326299328
  20
-8.587334964481654
  10
44.17073860600679
  20
-8.545055268738642
  10
44.19926618132526
  20
-8.518308834617217
  10
44.166618594011325
  20
-8.319438614355231
  10
44.10793712284987
  20
-8.00636556754533
  10
44.01267938420543
  20
-7.682898894554275
  10
43.862005570903676
  20
-7.300393121256713
  10
43.687931875231385
  20
-6.991284391523241
  10
43.50021622033571
  20
-6.769828999455635
  10
43.32738618153511
  20
-6.64244990108638
  10
43.073482470154964
  20
-6.600767394133728
  10
42.8973168798472
  20
-6.6008944555784845
  10
42.77440531455825
  20
-6.664838127652628
  10
42.514455517463404
  20
-6.863130218340967
  10
42.28293762977379
  20
-7.137862474195334
  10
42.10387017343208
  20
-7.4537308727898965
  10
41.94469484930996
  20
-7.816396001488598
  10
41.82546323281573
  20
-8.15566276513523
  10
41.73417244070562
  20
-8.534045394550416
  10
41.6523589517306
  20
-9.092239027513981
  10
41.61719853976309
  20
-9.90802432743415
  10
41.6508027862091
  20
-10.660101018952973
  10
41.72239915565356
  20
-11.115463824674407
  10
41.808919407558385
  20
-11.454730588321041
  10
41.95458670473561
  20
-11.803139422917964
  10
42.18091949992937
  20
-12.151078130169287
  10
42.44833761598195
  20
-12.387215472178605
  10
42.586568482839176
  20
-12.471724039086727
  10
42.73020128492886
  20
-12.47177486366463
  10
42.99127356207202
  20
-12.41530240454222
  10
43.28543348972987
  20
-12.181680879139098
  10
43.567954064614135
  20
-11.828920190059232
  10
43.76958592101772
  20
-11.454559055370618
  10
43.91406058314362
  20
-11.115463824674407
  10
44.00888463631487
  20
-10.811297785141997
  10
44.070665683064234
  20
-10.5656181286314
  10
44.1093338451827
  20
-10.355039196235026
  10
44.157919373636986
  20
-10.03917079764046
  10
44.1992725590528
  20
-9.407434000451333
  10
44.219394289464105
  20
-8.927783399564529
  97
1
  330
1583
  75
0
  76
1
  47
0.4128176842155181
  98
1
  10
34.90568961886538
  20
22.81183545379326
  450
0
  451
0
  460
0
  461
0
  452
1
  462
1
  453
2
  463
0
  63
5
  421
255
  463
1
  63
7
  421
16777215
  470
LINEAR
  1001
ACAD
  1010
0
  1020
0
  1030
0
  0
LWPOLYLINE
  5
1583
  100
AcDbEntity
  8
Bottom-Silkscreen-Layer
  100
AcDbPolyline
  90
78
  70
1
  43
0.25400050800101603
  10
44.205057157938086
  20
-8.8634394839394
  10
44.186415060317714
  20
-8.834196292428494
  10
44.14218551977814
  20
-8.866412721746723
  10
44.0979623569661
  20
-8.898622797992715
  10
44.126113646359286
  20
-9.082836480601939
  10
44.15410549256379
  20
-9.496516779370719
  10
44.129793595154
  20
-9.835783543017351
  10
44.080583049400076
  20
-10.062569162692528
  10
44.00854023902732
  20
-10.341697744535502
  10
43.85604239564708
  20
-10.751159603338337
  10
43.67160489271065
  20
-11.16760984160283
  10
43.500490462620235
  20
-11.47178223420748
  10
43.29121808861514
  20
-11.715784679647278
  10
43.076894554392695
  20
-11.874154064392854
  10
42.87977812909249
  20
-11.936954183464179
  10
42.63894875918404
  20
-11.8976159601673
  10
42.35587332200317
  20
-11.702455934092232
  10
42.149962010415436
  20
-11.44525180454214
  10
42.00368882912123
  20
-11.111035733324613
  10
41.86562378318022
  20
-10.629161557154557
  10
41.78186508730331
  20
-10.06754361825478
  10
41.753650020634666
  20
-9.76835203428462
  10
41.78071071861728
  20
-9.482603551169788
  10
41.865732204548515
  20
-8.902352051396342
  10
41.99106092857784
  20
-8.375904720405403
  10
42.08585309311134
  20
-8.07377166398911
  10
42.17505836831352
  20
-7.874888737582649
  10
42.32332140060244
  20
-7.617513075082137
  10
42.52691121936301
  20
-7.379857348807967
  10
42.74717879565941
  20
-7.2184194301715
  10
43.00556604950522
  20
-7.154844236287155
  10
43.24457776706273
  20
-7.171292340310996
  10
43.43550779664218
  20
-7.280330119129526
  10
43.64182090506539
  20
-7.507217387960509
  10
43.80313914564335
  20
-7.804693642426445
  10
43.93814288236172
  20
-8.214155501229282
  10
44.024535579715604
  20
-8.537202871452637
  10
44.03807549529824
  20
-8.602874579175479
  10
44.09014326299328
  20
-8.587334964481654
  10
44.17073860600679
  20
-8.545055268738642
  10
44.19926618132526
  20
-8.518308834617217
  10
44.166618594011325
  20
-8.319438614355231
  10
44.10793712284987
  20
-8.00636556754533
  10
44.01267938420543
  20
-7.682898894554275
  10
43.862005570903676
  20
-7.300393121256713
  10
43.687931875231385
  20
-6.991284391523241
  10
43.50021622033571
  20
-6.769828999455635
  10
43.32738618153511
  20
-6.64244990108638
  10
43.073482470154964
  20
-6.600767394133728
  10
42.8973168798472
  20
-6.6008944555784845
  10
42.77440531455825
  20
-6.664838127652628
  10
42.514455517463404
  20
-6.863130218340967
  10
42.28293762977379
  20
-7.137862474195334
  10
42.10387017343208
  20
-7.4537308727898965
  10
41.94469484930996
  20
-7.816396001488598
  10
41.82546323281573
  20
-8.15566276513523
  10
41.73417244070562
  20
-8.534045394550416
  10
41.6523589517306
  20
-9.092239027513981
  10
41.61719853976309
  20
-9.90802432743415
  10
41.6508027862091
  20
-10.660101018952973
  10
41.72239915565356
  20
-11.115463824674407
  10
41.808919407558385
  20
-11.454730588321041
  10
41.95458670473561
  20
-11.803139422917964
  10
42.18091949992937
  20
-12.151078130169287
  10
42.44833761598195
  20
-12.387215472178605
  10
42.586568482839176
  20
-12.471724039086727
  10
42.73020128492886
  20
-12.47177486366463
  10
42.99127356207202
  20
-12.41530240454222
  10
43.28543348972987
  20
-12.181680879139098
  10
43.567954064614135
  20
-11.828920190059232
  10
43.76958592101772
  20
-11.454559055370618
  10
43.91406058314362
  20
-11.115463824674407
  10
44.00888463631487
  20
-10.811297785141997
  10
44.070665683064234
  20
-10.5656181286314
  10
44.1093338451827
  20
-10.355039196235026
  10
44.157919373636986
  20
-10.03917079764046
  10
44.1992725590528
  20
-9.407434000451333
  10
44.219394289464105
  20
-8.927783399564529
  0
HATCH
  5
1586
  100
AcDbEntity
  8
Bottom-Silkscreen-Layer
  100
AcDbHatch
  10
0
  20
0
  30
0
  210
0
  220
0
  230
1
  2
SOLID
  70
1
  71
0
  91
1
  92
7
  72
0
  73
1
  93
39
  10
43.62044276232729
  20
-7.912727635831393
  10
43.45319323513047
  20
-7.681170858905575
  10
43.249648060462725
  20
-7.521009907788921
  10
43.05511461481913
  20
-7.4776438366932325
  10
42.8672012503695
  20
-7.5134688110425705
  10
42.71211404960511
  20
-7.612907097709683
  10
42.54118457361356
  20
-7.813981834038208
  10
42.366485860641646
  20
-8.105905503368247
  10
42.24065967386365
  20
-8.414645754911923
  10
42.14903086219355
  20
-8.732985498607016
  10
42.075840060862284
  20
-9.134283659584193
  10
42.03999085431968
  20
-9.746700764097964
  10
42.074768602634364
  20
-10.349346843509894
  10
42.1568946002592
  20
-10.740740564868235
  10
42.28920693595266
  20
-11.068304969452713
  10
42.46771952999779
  20
-11.365374627295424
  10
42.65245040840139
  20
-11.55840637417081
  10
42.833494960282735
  20
-11.618512790613279
  10
43.02777967455199
  20
-11.55128458019216
  10
43.217249204523135
  20
-11.393353557430997
  10
43.38754090775996
  20
-11.174267861308115
  10
43.472785614155356
  20
-11.017645571427954
  10
43.22858880410199
  20
-11.00317327287009
  10
42.87039011414308
  20
-10.988408732989285
  10
42.67893073317721
  20
-10.901085755079787
  10
42.52101182138189
  20
-10.721509815204206
  10
42.384432785959376
  20
-10.436930297381144
  10
42.301930502409256
  20
-10.156162622900801
  10
42.26065384972401
  20
-9.828591865244086
  10
42.27313506253381
  20
-9.365700668920775
  10
42.36052268538506
  20
-8.87434770897182
  10
42.490366840517765
  20
-8.503645943892217
  10
42.65829878456214
  20
-8.27316918924684
  10
42.82685574590613
  20
-8.137105441128416
  10
42.8973168798472
  20
-8.09984467245332
  10
43.22615888990652
  20
-8.09880276860631
  10
43.633670169260114
  20
-8.117385504902074
  10
43.712345816281925
  20
-8.137003791972612
  10
43.695221617817786
  20
-8.081986186392673
  97
1
  330
1585
  75
0
  76
1
  47
0.4128176842155181
  98
1
  10
34.90568961886538
  20
22.81183545379326
  450
0
  451
0
  460
0
  461
0
  452
1
  462
1
  453
2
  463
0
  63
5
  421
255
  463
1
  63
7
  421
16777215
  470
LINEAR
  1001
ACAD
  1010
0
  1020
0
  1030
0
  0
LWPOLYLINE
  5
1585
  100
AcDbEntity
  8
Bottom-Silkscreen-Layer
  100
AcDbPolyline
  90
39
  70
1
  43
0.25400050800101603
  10
43.62044276232729
  20
-7.912727635831393
  10
43.45319323513047
  20
-7.681170858905575
  10
43.249648060462725
  20
-7.521009907788921
  10
43.05511461481913
  20
-7.4776438366932325
  10
42.8672012503695
  20
-7.5134688110425705
  10
42.71211404960511
  20
-7.612907097709683
  10
42.54118457361356
  20
-7.813981834038208
  10
42.366485860641646
  20
-8.105905503368247
  10
42.24065967386365
  20
-8.414645754911923
  10
42.14903086219355
  20
-8.732985498607016
  10
42.075840060862284
  20
-9.134283659584193
  10
42.03999085431968
  20
-9.746700764097964
  10
42.074768602634364
  20
-10.349346843509894
  10
42.1568946002592
  20
-10.740740564868235
  10
42.28920693595266
  20
-11.068304969452713
  10
42.46771952999779
  20
-11.365374627295424
  10
42.65245040840139
  20
-11.55840637417081
  10
42.833494960282735
  20
-11.618512790613279
  10
43.02777967455199
  20
-11.55128458019216
  10
43.217249204523135
  20
-11.393353557430997
  10
43.38754090775996
  20
-11.174267861308115
  10
43.472785614155356
  20
-11.017645571427954
  10
43.22858880410199
  20
-11.00317327287009
  10
42.87039011414308
  20
-10.988408732989285
  10
42.67893073317721
  20
-10.901085755079787
  10
42.52101182138189
  20
-10.721509815204206
  10
42.384432785959376
  20
-10.436930297381144
  10
42.301930502409256
  20
-10.156162622900801
  10
42.26065384972401
  20
-9.828591865244086
  10
42.27313506253381
  20
-9.365700668920775
  10
42.36052268538506
  20
-8.87434770897182
  10
42.490366840517765
  20
-8.503645943892217
  10
42.65829878456214
  20
-8.27316918924684
  10
42.82685574590613
  20
-8.137105441128416
  10
42.8973168798472
  20
-8.09984467245332
  10
43.22615888990652
  20
-8.09880276860631
  10
43.633670169260114
  20
-8.117385504902074
  10
43.712345816281925
  20
-8.137003791972612
  10
43.695221617817786
  20
-8.081986186392673
  0
HATCH
  5
1588
  100
AcDbEntity
  8
Bottom-Silkscreen-Layer
  100
AcDbHatch
  10
0
  20
0
  30
0
  210
0
  220
0
  230
1
  2
SOLID
  70
1
  71
0
  91
1
  92
7
  72
0
  73
1
  93
20
  10
43.88383653229762
  20
-8.964307211860033
  10
43.813598618820706
  20
-8.647695503813638
  10
43.70537496007288
  20
-8.452751482194655
  10
43.56345138896584
  20
-8.329451056202112
  10
43.446247889831604
  20
-8.308708275345472
  10
43.33424223864831
  20
-8.390828087092155
  10
43.20664942133975
  20
-8.573675859170237
  10
43.09573436156702
  20
-8.83787472125422
  10
43.01525381764936
  20
-9.15005833795082
  10
42.96739535013544
  20
-9.51272346664952
  10
42.97777829058223
  20
-9.911766286982253
  10
43.03851976774141
  20
-10.251033050628886
  10
43.14636714056395
  20
-10.536368584048256
  10
43.28487862743326
  20
-10.72940033092364
  10
43.407592483168244
  20
-10.776197061027776
  10
43.56267968393263
  20
-10.692342860560155
  10
43.71710997875966
  20
-10.511007119674687
  10
43.82144322370372
  20
-10.249749730036836
  10
43.891949001737615
  20
-9.992374067536323
  10
43.91622901050967
  20
-9.536121831701587
  97
1
  330
1587
  75
0
  76
1
  47
0.4128176842155181
  98
1
  10
34.90568961886538
  20
22.81183545379326
  450
0
  451
0
  460
0
  461
0
  452
1
  462
1
  453
2
  463
0
  63
5
  421
255
  463
1
  63
7
  421
16777215
  470
LINEAR
  1001
ACAD
  1010
0
  1020
0
  1030
0
  0
LWPOLYLINE
  5
1587
  100
AcDbEntity
  8
Bottom-Silkscreen-Layer
  100
AcDbPolyline
  90
20
  70
1
  43
0.25400050800101603
  10
43.88383653229762
  20
-8.964307211860033
  10
43.813598618820706
  20
-8.647695503813638
  10
43.70537496007288
  20
-8.452751482194655
  10
43.56345138896584
  20
-8.329451056202112
  10
43.446247889831604
  20
-8.308708275345472
  10
43.33424223864831
  20
-8.390828087092155
  10
43.20664942133975
  20
-8.573675859170237
  10
43.09573436156702
  20
-8.83787472125422
  10
43.01525381764936
  20
-9.15005833795082
  10
42.96739535013544
  20
-9.51272346664952
  10
42.97777829058223
  20
-9.911766286982253
  10
43.03851976774141
  20
-10.251033050628886
  10
43.14636714056395
  20
-10.536368584048256
  10
43.28487862743326
  20
-10.72940033092364
  10
43.407592483168244
  20
-10.776197061027776
  10
43.56267968393263
  20
-10.692342860560155
  10
43.71710997875966
  20
-10.511007119674687
  10
43.82144322370372
  20
-10.249749730036836
  10
43.891949001737615
  20
-9.992374067536323
  10
43.91622901050967
  20
-9.536121831701587
  0
HATCH
  5
1590
  100
AcDbEntity
  8
Bottom-Silkscreen-Layer
  100
AcDbHatch
  10
0
  20
0
  30
0
  210
0
  220
0
  230
1
  2
SOLID
  70
1
  71
0
  91
1
  92
7
  72
0
  73
1
  93
15
  10
43.78939514277921
  20
-9.77347261050834
  10
43.69458384506308
  20
-10.026255001780875
  10
43.57153834749564
  20
-10.215913267297951
  10
43.42673842126483
  20
-10.26145208909899
  10
43.28857770941062
  20
-10.206879198575702
  10
43.188708873749576
  20
-10.015118066147892
  10
43.127112781099065
  20
-9.67513340533838
  10
43.143675739539056
  20
-9.311204015264344
  10
43.231777667875576
  20
-9.025290352271329
  10
43.363841272194705
  20
-8.855745913459343
  10
43.48504998422855
  20
-8.81088051731552
  10
43.619632790928804
  20
-8.882301755413632
  10
43.73912589425247
  20
-9.02853677218488
  10
43.79832396134525
  20
-9.168710958041201
  10
43.82219579555428
  20
-9.44948498559378
  97
1
  330
1589
  75
0
  76
1
  47
0.4128176842155181
  98
1
  10
34.90568961886538
  20
22.81183545379326
  450
0
  451
0
  460
0
  461
0
  452
1
  462
1
  453
2
  463
0
  63
5
  421
255
  463
1
  63
7
  421
16777215
  470
LINEAR
  1001
ACAD
  1010
0
  1020
0
  1030
0
  0
LWPOLYLINE
  5
1589
  100
AcDbEntity
  8
Bottom-Silkscreen-Layer
  100
AcDbPolyline
  90
15
  70
1
  43
0.25400050800101603
  10
43.78939514277921
  20
-9.77347261050834
  10
43.69458384506308
  20
-10.026255001780875
  10
43.57153834749564
  20
-10.215913267297951
  10
43.42673842126483
  20
-10.26145208909899
  10
43.28857770941062
  20
-10.206879198575702
  10
43.188708873749576
  20
-10.015118066147892
  10
43.127112781099065
  20
-9.67513340533838
  10
43.143675739539056
  20
-9.311204015264344
  10
43.231777667875576
  20
-9.025290352271329
  10
43.363841272194705
  20
-8.855745913459343
  10
43.48504998422855
  20
-8.81088051731552
  10
43.619632790928804
  20
-8.882301755413632
  10
43.73912589425247
  20
-9.02853677218488
  10
43.79832396134525
  20
-9.168710958041201
  10
43.82219579555428
  20
-9.44948498559378
  0
HATCH
  5
1592
  100
AcDbEntity
  8
Bottom-Silkscreen-Layer
  100
AcDbHatch
  10
0
  20
0
  30
0
  210
0
  220
0
  230
1
  2
SOLID
  70
1
  71
0
  91
1
  92
7
  72
0
  73
1
  93
10
  10
43.51236579131305
  20
-9.198824520448696
  10
43.48148483452969
  20
-9.156748123017294
  10
43.44599915845726
  20
-9.211899143114229
  10
43.37997054516148
  20
-9.377866802256294
  10
43.35994448066339
  20
-9.68839862017105
  10
43.39960119055165
  20
-9.916848744772548
  10
43.428734649987085
  20
-9.945583690504426
  10
43.45663083027839
  20
-9.898786960400288
  10
43.51210430448362
  20
-9.781795135139948
  10
43.541467362110765
  20
-9.476250478931918
  97
1
  330
1591
  75
0
  76
1
  47
0.4128176842155181
  98
1
  10
34.90568961886538
  20
22.81183545379326
  450
0
  451
0
  460
0
  461
0
  452
1
  462
1
  453
2
  463
0
  63
5
  421
255
  463
1
  63
7
  421
16777215
  470
LINEAR
  1001
ACAD
  1010
0
  1020
0
  1030
0
  0
LWPOLYLINE
  5
1591
  100
AcDbEntity
  8
Bottom-Silkscreen-Layer
  100
AcDbPolyline
  90
10
  70
1
  43
0.25400050800101603
  10
43.51236579131305
  20
-9.198824520448696
  10
43.48148483452969
  20
-9.156748123017294
  10
43.44599915845726
  20
-9.211899143114229
  10
43.37997054516148
  20
-9.377866802256294
  10
43.35994448066339
  20
-9.68839862017105
  10
43.39960119055165
  20
-9.916848744772548
  10
43.428734649987085
  20
-9.945583690504426
  10
43.45663083027839
  20
-9.898786960400288
  10
43.51210430448362
  20
-9.781795135139948
  10
43.541467362110765
  20
-9.476250478931918
  0
HATCH
  5
1594
  100
AcDbEntity
  8
Bottom-Silkscreen-Layer
  100
AcDbHatch
  10
0
  20
0
  30
0
  210
0
  220
0
  230
1
  2
SOLID
  70
1
  71
0
  91
1
  92
7
  72
0
  73
1
  93
19
  10
43.01899116599199
  20
-8.296046602375402
  10
42.86602774850081
  20
-8.380008805071064
  10
42.698459334926625
  20
-8.608134922988434
  10
42.57931700661806
  20
-8.946925206217227
  10
42.51229346782491
  20
-9.368083071009977
  10
42.513728456523026
  20
-9.834284217969214
  10
42.56793914067392
  20
-10.22768551015472
  10
42.66703627130175
  20
-10.510212985644953
  10
42.80877488830992
  20
-10.707602940075514
  10
42.93337017367132
  20
-10.776197061027776
  10
42.97952578793014
  20
-10.76889102795423
  10
42.932547446817736
  20
-10.664719702469904
  10
42.84949667869856
  20
-10.432197258563932
  10
42.7794692302307
  20
-10.062569162692528
  10
42.745169811482064
  20
-9.618012932847709
  10
42.78042588936278
  20
-9.188824784746291
  10
42.87549867390836
  20
-8.79093822356085
  10
43.00279811574975
  20
-8.483100108274952
  10
43.0720538591844
  20
-8.325296146958545
  97
1
  330
1593
  75
0
  76
1
  47
0.4128176842155181
  98
1
  10
34.90568961886538
  20
22.81183545379326
  450
0
  451
0
  460
0
  461
0
  452
1
  462
1
  453
2
  463
0
  63
5
  421
255
  463
1
  63
7
  421
16777215
  470
LINEAR
  1001
ACAD
  1010
0
  1020
0
  1030
0
  0
LWPOLYLINE
  5
1593
  100
AcDbEntity
  8
Bottom-Silkscreen-Layer
  100
AcDbPolyline
  90
19
  70
1
  43
0.25400050800101603
  10
43.01899116599199
  20
-8.296046602375402
  10
42.86602774850081
  20
-8.380008805071064
  10
42.698459334926625
  20
-8.608134922988434
  10
42.57931700661806
  20
-8.946925206217227
  10
42.51229346782491
  20
-9.368083071009977
  10
42.513728456523026
  20
-9.834284217969214
  10
42.56793914067392
  20
-10.22768551015472
  10
42.66703627130175
  20
-10.510212985644953
  10
42.80877488830992
  20
-10.707602940075514
  10
42.93337017367132
  20
-10.776197061027776
  10
42.97952578793014
  20
-10.76889102795423
  10
42.932547446817736
  20
-10.664719702469904
  10
42.84949667869856
  20
-10.432197258563932
  10
42.7794692302307
  20
-10.062569162692528
  10
42.745169811482064
  20
-9.618012932847709
  10
42.78042588936278
  20
-9.188824784746291
  10
42.87549867390836
  20
-8.79093822356085
  10
43.00279811574975
  20
-8.483100108274952
  10
43.0720538591844
  20
-8.325296146958545
  0
HATCH
  5
1596
  100
AcDbEntity
  8
Bottom-Silkscreen-Layer
  100
AcDbHatch
  10
0
  20
0
  30
0
  210
0
  220
0
  230
1
  2
SOLID
  70
1
  71
0
  91
1
  92
7
  72
0
  73
1
  93
37
  10
38.748471178138544
  20
6.51466740745488
  10
38.68376275444502
  20
6.19879900886032
  10
38.55354231338702
  20
5.870573884763101
  10
38.35623455626042
  20
5.554705486168538
  10
38.12665549774515
  20
5.309692902242916
  10
37.92620352093779
  20
5.152943550917997
  10
37.65102371046031
  20
4.995514420863623
  10
37.2914474313512
  20
4.853942559114972
  10
37.12010340306909
  20
4.806643936304044
  10
36.80253721531316
  20
4.807476188767204
  10
36.35578377836187
  20
4.840791699582584
  10
36.156129017497896
  20
4.895701302934477
  10
35.97996980491769
  20
4.960070630848558
  10
35.74508447708318
  20
5.088459867703635
  10
35.49360430217095
  20
5.28449661774753
  10
35.25649952515004
  20
5.539070575391143
  10
35.070448457144174
  20
5.814806616659092
  10
34.95111479700918
  20
6.083878285149518
  10
34.874110114604726
  20
6.3625875642247935
  10
34.84453021424098
  20
6.7603470639654795
  10
34.89535432506434
  20
7.199954250537003
  10
35.01667145846649
  20
7.535625175296997
  10
35.19059208867765
  20
7.833044252112791
  10
35.420049970369504
  20
8.097147818113207
  10
35.6611535825625
  20
8.303660784277348
  10
35.933788679748666
  20
8.468770778667302
  10
36.2525985243763
  20
8.600857503564816
  10
36.4145035158886
  20
8.654223310362907
  10
36.76682831877658
  20
8.654890382947888
  10
37.24834674858746
  20
8.623842918921424
  10
37.61241294788977
  20
8.481438804709612
  10
38.0374821111807
  20
8.22748744814531
  10
38.32346579212308
  20
7.9604297035542855
  10
38.50229727254557
  20
7.69915960777196
  10
38.64247334630468
  20
7.406683221157226
  10
38.724541944381585
  20
7.146404204644008
  10
38.75683237895288
  20
6.853934171101515
  97
1
  330
1595
  75
0
  76
1
  47
0.4128176842155181
  98
1
  10
34.90568961886538
  20
22.81183545379326
  450
0
  451
0
  460
0
  461
0
  452
1
  462
1
  453
2
  463
0
  63
5
  421
255
  463
1
  63
7
  421
16777215
  470
LINEAR
  1001
ACAD
  1010
0
  1020
0
  1030
0
  0
LWPOLYLINE
  5
1595
  100
AcDbEntity
  8
Bottom-Silkscreen-Layer
  100
AcDbPolyline
  90
37
  70
1
  43
0.25400050800101603
  10
38.748471178138544
  20
6.51466740745488
  10
38.68376275444502
  20
6.19879900886032
  10
38.55354231338702
  20
5.870573884763101
  10
38.35623455626042
  20
5.554705486168538
  10
38.12665549774515
  20
5.309692902242916
  10
37.92620352093779
  20
5.152943550917997
  10
37.65102371046031
  20
4.995514420863623
  10
37.2914474313512
  20
4.853942559114972
  10
37.12010340306909
  20
4.806643936304044
  10
36.80253721531316
  20
4.807476188767204
  10
36.35578377836187
  20
4.840791699582584
  10
36.156129017497896
  20
4.895701302934477
  10
35.97996980491769
  20
4.960070630848558
  10
35.74508447708318
  20
5.088459867703635
  10
35.49360430217095
  20
5.28449661774753
  10
35.25649952515004
  20
5.539070575391143
  10
35.070448457144174
  20
5.814806616659092
  10
34.95111479700918
  20
6.083878285149518
  10
34.874110114604726
  20
6.3625875642247935
  10
34.84453021424098
  20
6.7603470639654795
  10
34.89535432506434
  20
7.199954250537003
  10
35.01667145846649
  20
7.535625175296997
  10
35.19059208867765
  20
7.833044252112791
  10
35.420049970369504
  20
8.097147818113207
  10
35.6611535825625
  20
8.303660784277348
  10
35.933788679748666
  20
8.468770778667302
  10
36.2525985243763
  20
8.600857503564816
  10
36.4145035158886
  20
8.654223310362907
  10
36.76682831877658
  20
8.654890382947888
  10
37.24834674858746
  20
8.623842918921424
  10
37.61241294788977
  20
8.481438804709612
  10
38.0374821111807
  20
8.22748744814531
  10
38.32346579212308
  20
7.9604297035542855
  10
38.50229727254557
  20
7.69915960777196
  10
38.64247334630468
  20
7.406683221157226
  10
38.724541944381585
  20
7.146404204644008
  10
38.75683237895288
  20
6.853934171101515
  0
HATCH
  5
1598
  100
AcDbEntity
  8
Bottom-Silkscreen-Layer
  100
AcDbHatch
  10
0
  20
0
  30
0
  210
0
  220
0
  230
1
  2
SOLID
  70
1
  71
0
  91
1
  92
7
  72
0
  73
1
  93
36
  10
38.52845871094403
  20
7.115604510434821
  10
38.468240207443706
  20
7.349232388910188
  10
38.40511346018188
  20
7.497017555307473
  10
38.28052455254802
  20
7.707952259749168
  10
38.02067042136639
  20
8.000631944675515
  10
37.65939128900217
  20
8.261527209195805
  10
37.29531871197233
  20
8.411243709553407
  10
37.119159499392104
  20
8.464056799066805
  10
36.82555443403087
  20
8.46621684362768
  10
36.4145035158886
  20
8.436230342664942
  10
36.19184429176201
  20
8.370342630486013
  10
35.93316366244904
  20
8.256260512310615
  10
35.62006188397612
  20
8.032410012009331
  10
35.34877248730241
  20
7.722380086801367
  10
35.18853846040746
  20
7.450576597248658
  10
35.10085108436151
  20
7.23014404981135
  10
35.04039660494194
  20
6.94728621456475
  10
35.04019251766043
  20
6.582772341844824
  10
35.10007300160075
  20
6.257298098026608
  10
35.22945158262252
  20
5.941429699432044
  10
35.437244323836666
  20
5.6110381777017135
  10
35.702430235247746
  20
5.356972465837128
  10
35.991558135870875
  20
5.175166597606059
  10
36.2031073586103
  20
5.082335506066329
  10
36.402762119474275
  20
5.027972266926893
  10
36.790317489332786
  20
4.9954890085746735
  10
37.177879236918855
  20
5.026866832357503
  10
37.444525647938235
  20
5.106998132493734
  10
37.74987848744135
  20
5.260488357760629
  10
38.04999521262824
  20
5.501244383286877
  10
38.26774358654351
  20
5.763416615326976
  10
38.39040642045812
  20
5.973995547723354
  10
38.44651766741807
  20
6.105211901724281
  10
38.48241151805351
  20
6.19879900886032
  10
38.52910923915384
  20
6.374283570214707
  10
38.56127211917419
  20
6.7252463398512585
  97
1
  330
1597
  75
0
  76
1
  47
0.4128176842155181
  98
1
  10
34.90568961886538
  20
22.81183545379326
  450
0
  451
0
  460
0
  461
0
  452
1
  462
1
  453
2
  463
0
  63
5
  421
255
  463
1
  63
7
  421
16777215
  470
LINEAR
  1001
ACAD
  1010
0
  1020
0
  1030
0
  0
LWPOLYLINE
  5
1597
  100
AcDbEntity
  8
Bottom-Silkscreen-Layer
  100
AcDbPolyline
  90
36
  70
1
  43
0.25400050800101603
  10
38.52845871094403
  20
7.115604510434821
  10
38.468240207443706
  20
7.349232388910188
  10
38.40511346018188
  20
7.497017555307473
  10
38.28052455254802
  20
7.707952259749168
  10
38.02067042136639
  20
8.000631944675515
  10
37.65939128900217
  20
8.261527209195805
  10
37.29531871197233
  20
8.411243709553407
  10
37.119159499392104
  20
8.464056799066805
  10
36.82555443403087
  20
8.46621684362768
  10
36.4145035158886
  20
8.436230342664942
  10
36.19184429176201
  20
8.370342630486013
  10
35.93316366244904
  20
8.256260512310615
  10
35.62006188397612
  20
8.032410012009331
  10
35.34877248730241
  20
7.722380086801367
  10
35.18853846040746
  20
7.450576597248658
  10
35.10085108436151
  20
7.23014404981135
  10
35.04039660494194
  20
6.94728621456475
  10
35.04019251766043
  20
6.582772341844824
  10
35.10007300160075
  20
6.257298098026608
  10
35.22945158262252
  20
5.941429699432044
  10
35.437244323836666
  20
5.6110381777017135
  10
35.702430235247746
  20
5.356972465837128
  10
35.991558135870875
  20
5.175166597606059
  10
36.2031073586103
  20
5.082335506066329
  10
36.402762119474275
  20
5.027972266926893
  10
36.790317489332786
  20
4.9954890085746735
  10
37.177879236918855
  20
5.026866832357503
  10
37.444525647938235
  20
5.106998132493734
  10
37.74987848744135
  20
5.260488357760629
  10
38.04999521262824
  20
5.501244383286877
  10
38.26774358654351
  20
5.763416615326976
  10
38.39040642045812
  20
5.973995547723354
  10
38.44651766741807
  20
6.105211901724281
  10
38.48241151805351
  20
6.19879900886032
  10
38.52910923915384
  20
6.374283570214707
  10
38.56127211917419
  20
6.7252463398512585
  0
HATCH
  5
1600
  100
AcDbEntity
  8
Bottom-Silkscreen-Layer
  100
AcDbHatch
  10
0
  20
0
  30
0
  210
0
  220
0
  230
1
  2
SOLID
  70
1
  71
0
  91
1
  92
7
  72
0
  73
1
  93
35
  10
38.34120225243175
  20
6.444478665370916
  10
38.294313199505
  20
6.245595738964454
  10
38.22950273217072
  20
6.0936556633236
  10
38.109709875652335
  20
5.883076730927225
  10
37.93048297612194
  20
5.663514554386504
  10
37.69462185597272
  20
5.463100537570714
  10
37.45302078103106
  20
5.325188045431075
  10
37.20638767905467
  20
5.238455903239697
  10
36.90711919163155
  20
5.189181474962796
  10
36.5665357851579
  20
5.202865992563165
  10
36.320546833663784
  20
5.255012009491585
  10
36.2031073586103
  20
5.297387001318165
  10
36.03950589157046
  20
5.371069933132957
  10
35.77305081237749
  20
5.565956777101801
  10
35.524357704403386
  20
5.846730804654381
  10
35.37631151485106
  20
6.09350954266213
  10
35.30299315896887
  20
6.268994104016521
  10
35.250517216710804
  20
6.465094384782798
  10
35.23535098060364
  20
6.792665142439512
  10
35.28857311698473
  20
7.146404204644008
  10
35.40941829854839
  20
7.459299365431252
  10
35.659157353840236
  20
7.788407566569532
  10
35.968630205338826
  20
8.03824848539593
  10
36.238337925580836
  20
8.169725315358614
  10
36.491999283314186
  20
8.244577212465174
  10
36.82083491564597
  20
8.268661709318934
  10
37.154390066362645
  20
8.235854444282584
  10
37.38907768464319
  20
8.165538640753857
  10
37.62396301247768
  20
8.054626705625159
  10
37.88559652964499
  20
7.880882886063939
  10
38.09952464475952
  20
7.6560921310714525
  10
38.20501863611715
  20
7.485670968290642
  10
38.27737395513973
  20
7.298490400946335
  10
38.35085175421061
  20
7.019272876092029
  10
38.37315466744303
  20
6.738498848539449
  97
1
  330
1599
  75
0
  76
1
  47
0.4128176842155181
  98
1
  10
34.90568961886538
  20
22.81183545379326
  450
0
  451
0
  460
0
  461
0
  452
1
  462
1
  453
2
  463
0
  63
5
  421
255
  463
1
  63
7
  421
16777215
  470
LINEAR
  1001
ACAD
  1010
0
  1020
0
  1030
0
  0
LWPOLYLINE
  5
1599
  100
AcDbEntity
  8
Bottom-Silkscreen-Layer
  100
AcDbPolyline
  90
35
  70
1
  43
0.25400050800101603
  10
38.34120225243175
  20
6.444478665370916
  10
38.294313199505
  20
6.245595738964454
  10
38.22950273217072
  20
6.0936556633236
  10
38.109709875652335
  20
5.883076730927225
  10
37.93048297612194
  20
5.663514554386504
  10
37.69462185597272
  20
5.463100537570714
  10
37.45302078103106
  20
5.325188045431075
  10
37.20638767905467
  20
5.238455903239697
  10
36.90711919163155
  20
5.189181474962796
  10
36.5665357851579
  20
5.202865992563165
  10
36.320546833663784
  20
5.255012009491585
  10
36.2031073586103
  20
5.297387001318165
  10
36.03950589157046
  20
5.371069933132957
  10
35.77305081237749
  20
5.565956777101801
  10
35.524357704403386
  20
5.846730804654381
  10
35.37631151485106
  20
6.09350954266213
  10
35.30299315896887
  20
6.268994104016521
  10
35.250517216710804
  20
6.465094384782798
  10
35.23535098060364
  20
6.792665142439512
  10
35.28857311698473
  20
7.146404204644008
  10
35.40941829854839
  20
7.459299365431252
  10
35.659157353840236
  20
7.788407566569532
  10
35.968630205338826
  20
8.03824848539593
  10
36.238337925580836
  20
8.169725315358614
  10
36.491999283314186
  20
8.244577212465174
  10
36.82083491564597
  20
8.268661709318934
  10
37.154390066362645
  20
8.235854444282584
  10
37.38907768464319
  20
8.165538640753857
  10
37.62396301247768
  20
8.054626705625159
  10
37.88559652964499
  20
7.880882886063939
  10
38.09952464475952
  20
7.6560921310714525
  10
38.20501863611715
  20
7.485670968290642
  10
38.27737395513973
  20
7.298490400946335
  10
38.35085175421061
  20
7.019272876092029
  10
38.37315466744303
  20
6.738498848539449
  0
HATCH
  5
1602
  100
AcDbEntity
  8
Bottom-Silkscreen-Layer
  100
AcDbHatch
  10
0
  20
0
  30
0
  210
0
  220
0
  230
1
  2
SOLID
  70
1
  71
0
  91
1
  92
7
  72
0
  73
1
  93
67
  10
38.16251745974286
  20
6.9490777809358235
  10
38.100978766640274
  20
7.199407886324544
  10
38.044134081012395
  20
7.32362315471934
  10
38.02346386603204
  20
7.307003517745079
  10
37.96226319248945
  20
7.214019952471637
  10
37.901062518946866
  20
7.15038758093715
  10
37.926885937785336
  20
7.072352794639417
  10
37.97484007121246
  20
6.818839800059527
  10
37.96626840538907
  20
6.4976729392185835
  10
37.8698307871484
  20
6.216898911666003
  10
37.656661621611995
  20
5.938932942042561
  10
37.38380968168923
  20
5.734935792484617
  10
37.15354182859887
  20
5.6347097248600075
  10
36.755086922362246
  20
5.587017211570333
  10
36.342326773237346
  20
5.564914873254791
  10
36.223178067201225
  20
5.551408241677085
  10
36.15011482042092
  20
5.612645504977893
  10
36.05108784479611
  20
5.752279679693996
  10
36.031903640334235
  20
5.854519671218006
  10
35.92849516588451
  20
5.984236700170798
  10
35.76187703371486
  20
6.1795428469073395
  10
35.65480136592552
  20
6.404409838766681
  10
35.604430073758024
  20
6.696879872309178
  10
35.63708403879951
  20
6.975055493316471
  10
35.70947124645982
  20
7.173932066650691
  10
35.74646206623336
  20
7.418557113169806
  10
35.74343264564846
  20
7.585420555497407
  10
35.8154180564733
  20
7.645755682540442
  10
35.963043316007514
  20
7.720181923807064
  10
36.09740927997115
  20
7.712246936581969
  10
36.156129017497896
  20
7.690227188205516
  10
36.25210743935517
  20
7.745861041792526
  10
36.53185370275642
  20
7.848310684700391
  10
36.81169563207088
  20
7.894300574630315
  10
37.036950591309164
  20
7.8623382682016025
  10
37.25395914882897
  20
7.794277805317323
  10
37.446910918040864
  20
7.685297204148934
  10
37.552041378928315
  20
7.613240658827033
  10
37.68170057996216
  20
7.656848146667757
  10
37.81136615872355
  20
7.7004492814362475
  10
37.7588647055553
  20
7.748751689660757
  10
37.58805640638715
  20
7.8659404601604725
  10
37.33975233979342
  20
7.983288057466136
  10
37.02021543422541
  20
8.059340685225653
  10
36.83068212697879
  20
8.086951137171429
  10
36.61084823615559
  20
8.058648200351726
  10
36.24396945900499
  20
7.975397541746702
  10
35.99504037511163
  20
7.850616849922736
  10
35.77620140978579
  20
7.653315838503505
  10
35.574040201995786
  20
7.353673186404459
  10
35.452538114494764
  20
7.04204864006479
  10
35.41707157160499
  20
6.761280965584447
  10
35.449240829352874
  20
6.479573036412896
  10
35.51628987905622
  20
6.239293491304488
  10
35.630923153988945
  20
6.008810383586874
  10
35.85300838263629
  20
5.7443891639745654
  10
36.14661344799753
  20
5.539890121709828
  10
36.379272948918064
  20
5.436252454293484
  10
36.80206526347467
  20
5.404455327742956
  10
37.14264866994832
  20
5.405624293034724
  10
37.27788838258593
  20
5.458850332243582
  10
37.52451510683476
  20
5.573891764326896
  10
37.79009643735376
  20
5.791173187934225
  10
38.00591873754979
  20
6.072709584155347
  10
38.103880632674226
  20
6.306178635824766
  10
38.16129931378135
  20
6.5401559332732075
  10
38.185139259352646
  20
6.738498848539449
  97
1
  330
1601
  75
0
  76
1
  47
0.4128176842155181
  98
1
  10
34.90568961886538
  20
22.81183545379326
  450
0
  451
0
  460
0
  461
0
  452
1
  462
1
  453
2
  463
0
  63
5
  421
255
  463
1
  63
7
  421
16777215
  470
LINEAR
  1001
ACAD
  1010
0
  1020
0
  1030
0
  0
LWPOLYLINE
  5
1601
  100
AcDbEntity
  8
Bottom-Silkscreen-Layer
  100
AcDbPolyline
  90
67
  70
1
  43
0.25400050800101603
  10
38.16251745974286
  20
6.9490777809358235
  10
38.100978766640274
  20
7.199407886324544
  10
38.044134081012395
  20
7.32362315471934
  10
38.02346386603204
  20
7.307003517745079
  10
37.96226319248945
  20
7.214019952471637
  10
37.901062518946866
  20
7.15038758093715
  10
37.926885937785336
  20
7.072352794639417
  10
37.97484007121246
  20
6.818839800059527
  10
37.96626840538907
  20
6.4976729392185835
  10
37.8698307871484
  20
6.216898911666003
  10
37.656661621611995
  20
5.938932942042561
  10
37.38380968168923
  20
5.734935792484617
  10
37.15354182859887
  20
5.6347097248600075
  10
36.755086922362246
  20
5.587017211570333
  10
36.342326773237346
  20
5.564914873254791
  10
36.223178067201225
  20
5.551408241677085
  10
36.15011482042092
  20
5.612645504977893
  10
36.05108784479611
  20
5.752279679693996
  10
36.031903640334235
  20
5.854519671218006
  10
35.92849516588451
  20
5.984236700170798
  10
35.76187703371486
  20
6.1795428469073395
  10
35.65480136592552
  20
6.404409838766681
  10
35.604430073758024
  20
6.696879872309178
  10
35.63708403879951
  20
6.975055493316471
  10
35.70947124645982
  20
7.173932066650691
  10
35.74646206623336
  20
7.418557113169806
  10
35.74343264564846
  20
7.585420555497407
  10
35.8154180564733
  20
7.645755682540442
  10
35.963043316007514
  20
7.720181923807064
  10
36.09740927997115
  20
7.712246936581969
  10
36.156129017497896
  20
7.690227188205516
  10
36.25210743935517
  20
7.745861041792526
  10
36.53185370275642
  20
7.848310684700391
  10
36.81169563207088
  20
7.894300574630315
  10
37.036950591309164
  20
7.8623382682016025
  10
37.25395914882897
  20
7.794277805317323
  10
37.446910918040864
  20
7.685297204148934
  10
37.552041378928315
  20
7.613240658827033
  10
37.68170057996216
  20
7.656848146667757
  10
37.81136615872355
  20
7.7004492814362475
  10
37.7588647055553
  20
7.748751689660757
  10
37.58805640638715
  20
7.8659404601604725
  10
37.33975233979342
  20
7.983288057466136
  10
37.02021543422541
  20
8.059340685225653
  10
36.83068212697879
  20
8.086951137171429
  10
36.61084823615559
  20
8.058648200351726
  10
36.24396945900499
  20
7.975397541746702
  10
35.99504037511163
  20
7.850616849922736
  10
35.77620140978579
  20
7.653315838503505
  10
35.574040201995786
  20
7.353673186404459
  10
35.452538114494764
  20
7.04204864006479
  10
35.41707157160499
  20
6.761280965584447
  10
35.449240829352874
  20
6.479573036412896
  10
35.51628987905622
  20
6.239293491304488
  10
35.630923153988945
  20
6.008810383586874
  10
35.85300838263629
  20
5.7443891639745654
  10
36.14661344799753
  20
5.539890121709828
  10
36.379272948918064
  20
5.436252454293484
  10
36.80206526347467
  20
5.404455327742956
  10
37.14264866994832
  20
5.405624293034724
  10
37.27788838258593
  20
5.458850332243582
  10
37.52451510683476
  20
5.573891764326896
  10
37.79009643735376
  20
5.791173187934225
  10
38.00591873754979
  20
6.072709584155347
  10
38.103880632674226
  20
6.306178635824766
  10
38.16129931378135
  20
6.5401559332732075
  10
38.185139259352646
  20
6.738498848539449
  0
HATCH
  5
1604
  100
AcDbEntity
  8
Bottom-Silkscreen-Layer
  100
AcDbHatch
  10
0
  20
0
  30
0
  210
0
  220
0
  230
1
  2
SOLID
  70
1
  71
0
  91
1
  92
7
  72
0
  73
1
  93
34
  10
37.7404075620338
  20
7.041114738445822
  10
37.64125940958559
  20
7.158106563706162
  10
37.528902983387205
  20
7.286794394956418
  10
37.46139473730048
  20
7.434662151292799
  10
37.253971904284064
  20
7.586564108500226
  10
37.0721811582797
  20
7.672483057445152
  10
36.790317489332786
  20
7.671663511126467
  10
36.508460198113426
  20
7.670843964807782
  10
36.396888232403334
  20
7.620038446121548
  10
36.28531626669325
  20
7.569226574363084
  10
36.28531626669325
  20
7.474464148863044
  10
36.28531626669325
  20
7.379695370290763
  10
36.20681281831521
  20
7.294360903991719
  10
36.02673768102103
  20
7.195265683225454
  10
35.925172369832445
  20
7.181504928758229
  10
35.88733969002267
  20
7.111309833602028
  10
35.82078172534047
  20
6.929643732960187
  10
35.79206281819559
  20
6.7170762889533595
  10
35.84113943167102
  20
6.467057484104298
  10
35.95899345901506
  20
6.218563416592323
  10
36.07717912819155
  20
6.08451359237331
  10
36.183999686879005
  20
6.071775682536383
  10
36.31620997893172
  20
6.0933570689284196
  10
36.45990018056931
  20
6.047970720861094
  10
36.55888888982884
  20
5.948684907927686
  10
36.589833623887685
  20
5.841985059692696
  10
36.59066910619636
  20
5.789343503129717
  10
36.796191376403726
  20
5.789597626019232
  10
37.11019879218834
  20
5.822646307800624
  10
37.317959644764755
  20
5.905896966405647
  10
37.51556077735853
  20
6.054298380810005
  10
37.68840994934178
  20
6.304209183431025
  10
37.77449651577339
  20
6.502971401464967
  10
37.77756420272358
  20
6.7603470639654795
  97
1
  330
1603
  75
0
  76
1
  47
0.4128176842155181
  98
1
  10
34.90568961886538
  20
22.81183545379326
  450
0
  451
0
  460
0
  461
0
  452
1
  462
1
  453
2
  463
0
  63
5
  421
255
  463
1
  63
7
  421
16777215
  470
LINEAR
  1001
ACAD
  1010
0
  1020
0
  1030
0
  0
LWPOLYLINE
  5
1603
  100
AcDbEntity
  8
Bottom-Silkscreen-Layer
  100
AcDbPolyline
  90
34
  70
1
  43
0.25400050800101603
  10
37.7404075620338
  20
7.041114738445822
  10
37.64125940958559
  20
7.158106563706162
  10
37.528902983387205
  20
7.286794394956418
  10
37.46139473730048
  20
7.434662151292799
  10
37.253971904284064
  20
7.586564108500226
  10
37.0721811582797
  20
7.672483057445152
  10
36.790317489332786
  20
7.671663511126467
  10
36.508460198113426
  20
7.670843964807782
  10
36.396888232403334
  20
7.620038446121548
  10
36.28531626669325
  20
7.569226574363084
  10
36.28531626669325
  20
7.474464148863044
  10
36.28531626669325
  20
7.379695370290763
  10
36.20681281831521
  20
7.294360903991719
  10
36.02673768102103
  20
7.195265683225454
  10
35.925172369832445
  20
7.181504928758229
  10
35.88733969002267
  20
7.111309833602028
  10
35.82078172534047
  20
6.929643732960187
  10
35.79206281819559
  20
6.7170762889533595
  10
35.84113943167102
  20
6.467057484104298
  10
35.95899345901506
  20
6.218563416592323
  10
36.07717912819155
  20
6.08451359237331
  10
36.183999686879005
  20
6.071775682536383
  10
36.31620997893172
  20
6.0933570689284196
  10
36.45990018056931
  20
6.047970720861094
  10
36.55888888982884
  20
5.948684907927686
  10
36.589833623887685
  20
5.841985059692696
  10
36.59066910619636
  20
5.789343503129717
  10
36.796191376403726
  20
5.789597626019232
  10
37.11019879218834
  20
5.822646307800624
  10
37.317959644764755
  20
5.905896966405647
  10
37.51556077735853
  20
6.054298380810005
  10
37.68840994934178
  20
6.304209183431025
  10
37.77449651577339
  20
6.502971401464967
  10
37.77756420272358
  20
6.7603470639654795
  0
HATCH
  5
1606
  100
AcDbEntity
  8
Bottom-Silkscreen-Layer
  100
AcDbHatch
  10
0
  20
0
  30
0
  210
0
  220
0
  230
1
  2
SOLID
  70
1
  71
0
  91
1
  92
7
  72
0
  73
1
  93
7
  10
37.83472777472881
  20
7.452114040730221
  10
37.76714299591151
  20
7.4973733273527925
  10
37.69587189057196
  20
7.463771928286709
  10
37.693818262301775
  20
7.381880827140588
  10
37.775701906279814
  20
7.333591125060556
  10
37.84349077237862
  20
7.362834316571461
  10
37.85719013114993
  20
7.399472484167248
  97
1
  330
1605
  75
0
  76
1
  47
0.4128176842155181
  98
1
  10
34.90568961886538
  20
22.81183545379326
  450
0
  451
0
  460
0
  461
0
  452
1
  462
1
  453
2
  463
0
  63
5
  421
255
  463
1
  63
7
  421
16777215
  470
LINEAR
  1001
ACAD
  1010
0
  1020
0
  1030
0
  0
LWPOLYLINE
  5
1605
  100
AcDbEntity
  8
Bottom-Silkscreen-Layer
  100
AcDbPolyline
  90
7
  70
1
  43
0.25400050800101603
  10
37.83472777472881
  20
7.452114040730221
  10
37.76714299591151
  20
7.4973733273527925
  10
37.69587189057196
  20
7.463771928286709
  10
37.693818262301775
  20
7.381880827140588
  10
37.775701906279814
  20
7.333591125060556
  10
37.84349077237862
  20
7.362834316571461
  10
37.85719013114993
  20
7.399472484167248
  0
HATCH
  5
1608
  100
AcDbEntity
  8
Bottom-Silkscreen-Layer
  100
AcDbHatch
  10
0
  20
0
  30
0
  210
0
  220
0
  230
1
  2
SOLID
  70
1
  71
0
  91
1
  92
7
  72
0
  73
1
  93
7
  10
36.3745725637158
  20
5.878254749098685
  10
36.305495396652475
  20
5.906328975317822
  10
36.24925659514158
  20
5.881602818168036
  10
36.24831906919215
  20
5.799711717021918
  10
36.31708372760567
  20
5.742546773025582
  10
36.38709842061844
  20
5.758143565369549
  10
36.402762119474275
  20
5.81196044029653
  97
1
  330
1607
  75
0
  76
1
  47
0.4128176842155181
  98
1
  10
34.90568961886538
  20
22.81183545379326
  450
0
  451
0
  460
0
  461
0
  452
1
  462
1
  453
2
  463
0
  63
5
  421
255
  463
1
  63
7
  421
16777215
  470
LINEAR
  1001
ACAD
  1010
0
  1020
0
  1030
0
  0
LWPOLYLINE
  5
1607
  100
AcDbEntity
  8
Bottom-Silkscreen-Layer
  100
AcDbPolyline
  90
7
  70
1
  43
0.25400050800101603
  10
36.3745725637158
  20
5.878254749098685
  10
36.305495396652475
  20
5.906328975317822
  10
36.24925659514158
  20
5.881602818168036
  10
36.24831906919215
  20
5.799711717021918
  10
36.31708372760567
  20
5.742546773025582
  10
36.38709842061844
  20
5.758143565369549
  10
36.402762119474275
  20
5.81196044029653
  0
HATCH
  5
1610
  100
AcDbEntity
  8
Bottom-Silkscreen-Layer
  100
AcDbHatch
  10
0
  20
0
  30
0
  210
0
  220
0
  230
1
  2
SOLID
  70
1
  71
0
  91
1
  92
7
  72
0
  73
1
  93
6
  10
36.00632895287011
  20
7.5161847742491235
  10
35.9447328602196
  20
7.4648265382781975
  10
35.987214903411264
  20
7.394631443121993
  10
36.02969694660292
  20
7.368685496102536
  10
36.06193635935384
  20
7.411905446536754
  10
36.081050408812686
  20
7.489215982599373
  97
1
  330
1609
  75
0
  76
1
  47
0.4128176842155181
  98
1
  10
34.90568961886538
  20
22.81183545379326
  450
0
  451
0
  460
0
  461
0
  452
1
  462
1
  453
2
  463
0
  63
5
  421
255
  463
1
  63
7
  421
16777215
  470
LINEAR
  1001
ACAD
  1010
0
  1020
0
  1030
0
  0
LWPOLYLINE
  5
1609
  100
AcDbEntity
  8
Bottom-Silkscreen-Layer
  100
AcDbPolyline
  90
6
  70
1
  43
0.25400050800101603
  10
36.00632895287011
  20
7.5161847742491235
  10
35.9447328602196
  20
7.4648265382781975
  10
35.987214903411264
  20
7.394631443121993
  10
36.02969694660292
  20
7.368685496102536
  10
36.06193635935384
  20
7.411905446536754
  10
36.081050408812686
  20
7.489215982599373
  0
HATCH
  5
1612
  100
AcDbEntity
  8
Bottom-Silkscreen-Layer
  100
AcDbHatch
  10
0
  20
0
  30
0
  210
0
  220
0
  230
1
  2
SOLID
  70
1
  71
0
  91
1
  92
7
  72
0
  73
1
  93
38
  10
38.75711937669249
  20
-8.474212160214172
  10
37.58892377733356
  20
-8.512984960081882
  10
36.2265965291665
  20
-8.504300310332715
  10
35.862523952136655
  20
-8.434124274393223
  10
35.55830634813693
  20
-8.312564590193858
  10
35.22904978578704
  20
-8.062780849017598
  10
34.95427177214503
  20
-7.698991226532794
  10
34.80510948027196
  20
-7.336745400601792
  10
34.753022579394276
  20
-7.1612608392474
  10
34.752505983462946
  20
-6.903885176746888
  10
34.8035724479331
  20
-6.460154846292991
  10
34.92524673407789
  20
-6.142774416505814
  10
35.11045594204753
  20
-5.870056084550851
  10
35.3737476683771
  20
-5.616498618465298
  10
35.68636473955643
  20
-5.429972417561489
  10
35.97996980491768
  20
-5.32698276351341
  10
37.42450596116768
  20
-5.305757149166694
  10
38.73986124594987
  20
-5.312847177784154
  10
38.73986124594987
  20
-5.394738278930275
  10
38.73986124594987
  20
-5.476629380076393
  10
37.40101679061147
  20
-5.489608706658358
  10
35.97996980491768
  20
-5.52861021712663
  10
35.826623723773665
  20
-5.576855447701
  10
35.650458133465904
  20
-5.651974173841552
  10
35.35752272949711
  20
-5.894922009289866
  10
35.107579586923755
  20
-6.213655643463709
  10
35.00394151428234
  20
-6.459328946902068
  10
34.952262787967676
  20
-6.8219940756007675
  10
34.97940639640841
  20
-7.226373476613311
  10
35.1047861422581
  20
-7.565640240259942
  10
35.345704800352216
  20
-7.900116787439222
  10
35.613084650039525
  20
-8.12055568794877
  10
35.88320692257211
  20
-8.247394775177805
  10
36.038689542444416
  20
-8.307710843004125
  10
37.37752762005527
  20
-8.314279919698082
  10
38.71637207539367
  20
-8.3208426433198
  10
38.74573513302081
  20
-8.359710739271076
  10
38.77473466017776
  20
-8.423355816950039
  97
1
  330
1611
  75
0
  76
1
  47
0.4128176842155181
  98
1
  10
34.90568961886538
  20
22.81183545379326
  450
0
  451
0
  460
0
  461
0
  452
1
  462
1
  453
2
  463
0
  63
5
  421
255
  463
1
  63
7
  421
16777215
  470
LINEAR
  1001
ACAD
  1010
0
  1020
0
  1030
0
  0
LWPOLYLINE
  5
1611
  100
AcDbEntity
  8
Bottom-Silkscreen-Layer
  100
AcDbPolyline
  90
38
  70
1
  43
0.25400050800101603
  10
38.75711937669249
  20
-8.474212160214172
  10
37.58892377733356
  20
-8.512984960081882
  10
36.2265965291665
  20
-8.504300310332715
  10
35.862523952136655
  20
-8.434124274393223
  10
35.55830634813693
  20
-8.312564590193858
  10
35.22904978578704
  20
-8.062780849017598
  10
34.95427177214503
  20
-7.698991226532794
  10
34.80510948027196
  20
-7.336745400601792
  10
34.753022579394276
  20
-7.1612608392474
  10
34.752505983462946
  20
-6.903885176746888
  10
34.8035724479331
  20
-6.460154846292991
  10
34.92524673407789
  20
-6.142774416505814
  10
35.11045594204753
  20
-5.870056084550851
  10
35.3737476683771
  20
-5.616498618465298
  10
35.68636473955643
  20
-5.429972417561489
  10
35.97996980491768
  20
-5.32698276351341
  10
37.42450596116768
  20
-5.305757149166694
  10
38.73986124594987
  20
-5.312847177784154
  10
38.73986124594987
  20
-5.394738278930275
  10
38.73986124594987
  20
-5.476629380076393
  10
37.40101679061147
  20
-5.489608706658358
  10
35.97996980491768
  20
-5.52861021712663
  10
35.826623723773665
  20
-5.576855447701
  10
35.650458133465904
  20
-5.651974173841552
  10
35.35752272949711
  20
-5.894922009289866
  10
35.107579586923755
  20
-6.213655643463709
  10
35.00394151428234
  20
-6.459328946902068
  10
34.952262787967676
  20
-6.8219940756007675
  10
34.97940639640841
  20
-7.226373476613311
  10
35.1047861422581
  20
-7.565640240259942
  10
35.345704800352216
  20
-7.900116787439222
  10
35.613084650039525
  20
-8.12055568794877
  10
35.88320692257211
  20
-8.247394775177805
  10
36.038689542444416
  20
-8.307710843004125
  10
37.37752762005527
  20
-8.314279919698082
  10
38.71637207539367
  20
-8.3208426433198
  10
38.74573513302081
  20
-8.359710739271076
  10
38.77473466017776
  20
-8.423355816950039
  0
HATCH
  5
1614
  100
AcDbEntity
  8
Bottom-Silkscreen-Layer
  100
AcDbHatch
  10
0
  20
0
  30
0
  210
0
  220
0
  230
1
  2
SOLID
  70
1
  71
0
  91
1
  92
7
  72
0
  73
1
  93
44
  10
38.75410271156269
  20
9.439380449024311
  10
38.739861245949875
  20
9.053316955273546
  10
38.685720716801995
  20
9.045667856299156
  10
38.59763792164811
  20
9.066086630471663
  10
38.56369565564211
  20
9.094141797474084
  10
38.56369565564211
  20
10.070113460799856
  10
38.56369565564211
  20
11.046085124125632
  10
38.51725304364366
  20
11.18701532557826
  10
38.413213174166785
  20
11.428953022540753
  10
38.23502584422656
  20
11.652435044652236
  10
37.94827683597852
  20
11.861883130190275
  10
37.66203166820671
  20
11.980710993327357
  10
37.330555656670406
  20
12.012590709816982
  10
37.0111271724707
  20
11.979948624658812
  10
36.783066013111664
  20
11.886698230351389
  10
36.50904057132021
  20
11.682612137782113
  10
36.35505033969394
  20
11.539115295145384
  10
36.25558967859592
  20
11.339234936397583
  10
36.156129017497896
  20
11.139348224577539
  10
36.14438762108357
  20
10.547540486403408
  10
36.1326398469417
  20
9.955726395157042
  10
36.09318722433494
  20
9.91645805565478
  10
36.05373460172818
  20
9.877196069224757
  10
35.48885289514831
  20
9.86558900624617
  10
34.92397118856846
  20
9.853988296339825
  10
34.888249536576794
  20
9.883523729173676
  10
34.85252150685758
  20
9.964010801355224
  10
34.88070468488849
  20
10.043036666922065
  10
35.42094285222611
  20
10.071117246213442
  10
35.93299146380527
  20
10.071117246213442
  10
35.93299146380527
  20
10.4911188518589
  10
35.9585661512694
  20
11.035113368370833
  10
36.033204696753856
  20
11.296446994875536
  10
36.17415885327373
  20
11.575410396840324
  10
36.39028090666447
  20
11.835937183170818
  10
36.687648831278544
  20
12.039966098089954
  10
36.98836506285487
  20
12.162694747581089
  10
37.352431262157175
  20
12.200025400050803
  10
37.71811102652892
  20
12.165604454666031
  10
38.02077884273468
  20
12.043040985053082
  10
38.35030326964156
  20
11.80100799200702
  10
38.594653145156045
  20
11.479993604899787
  10
38.71542179398914
  20
11.20516605296185
  10
38.75810792446231
  20
10.461589772097293
  97
1
  330
1613
  75
0
  76
1
  47
0.4128176842155181
  98
1
  10
34.90568961886538
  20
22.81183545379326
  450
0
  451
0
  460
0
  461
0
  452
1
  462
1
  453
2
  463
0
  63
5
  421
255
  463
1
  63
7
  421
16777215
  470
LINEAR
  1001
ACAD
  1010
0
  1020
0
  1030
0
  0
LWPOLYLINE
  5
1613
  100
AcDbEntity
  8
Bottom-Silkscreen-Layer
  100
AcDbPolyline
  90
44
  70
1
  43
0.25400050800101603
  10
38.75410271156269
  20
9.439380449024311
  10
38.739861245949875
  20
9.053316955273546
  10
38.685720716801995
  20
9.045667856299156
  10
38.59763792164811
  20
9.066086630471663
  10
38.56369565564211
  20
9.094141797474084
  10
38.56369565564211
  20
10.070113460799856
  10
38.56369565564211
  20
11.046085124125632
  10
38.51725304364366
  20
11.18701532557826
  10
38.413213174166785
  20
11.428953022540753
  10
38.23502584422656
  20
11.652435044652236
  10
37.94827683597852
  20
11.861883130190275
  10
37.66203166820671
  20
11.980710993327357
  10
37.330555656670406
  20
12.012590709816982
  10
37.0111271724707
  20
11.979948624658812
  10
36.783066013111664
  20
11.886698230351389
  10
36.50904057132021
  20
11.682612137782113
  10
36.35505033969394
  20
11.539115295145384
  10
36.25558967859592
  20
11.339234936397583
  10
36.156129017497896
  20
11.139348224577539
  10
36.14438762108357
  20
10.547540486403408
  10
36.1326398469417
  20
9.955726395157042
  10
36.09318722433494
  20
9.91645805565478
  10
36.05373460172818
  20
9.877196069224757
  10
35.48885289514831
  20
9.86558900624617
  10
34.92397118856846
  20
9.853988296339825
  10
34.888249536576794
  20
9.883523729173676
  10
34.85252150685758
  20
9.964010801355224
  10
34.88070468488849
  20
10.043036666922065
  10
35.42094285222611
  20
10.071117246213442
  10
35.93299146380527
  20
10.071117246213442
  10
35.93299146380527
  20
10.4911188518589
  10
35.9585661512694
  20
11.035113368370833
  10
36.033204696753856
  20
11.296446994875536
  10
36.17415885327373
  20
11.575410396840324
  10
36.39028090666447
  20
11.835937183170818
  10
36.687648831278544
  20
12.039966098089954
  10
36.98836506285487
  20
12.162694747581089
  10
37.352431262157175
  20
12.200025400050803
  10
37.71811102652892
  20
12.165604454666031
  10
38.02077884273468
  20
12.043040985053082
  10
38.35030326964156
  20
11.80100799200702
  10
38.594653145156045
  20
11.479993604899787
  10
38.71542179398914
  20
11.20516605296185
  10
38.75810792446231
  20
10.461589772097293
  0
HATCH
  5
1616
  100
AcDbEntity
  8
Bottom-Silkscreen-Layer
  100
AcDbHatch
  10
0
  20
0
  30
0
  210
0
  220
0
  230
1
  2
SOLID
  70
1
  71
0
  91
1
  92
7
  72
0
  73
1
  93
39
  10
38.75943449179212
  20
-12.351638267646544
  10
36.950105075299426
  20
-12.367241413062747
  10
35.15643297993503
  20
-12.367241413062747
  10
35.0848940100385
  20
-12.448408263973748
  10
34.93446892811109
  20
-12.544314242476608
  10
34.77468134214444
  20
-12.532459409680744
  10
34.652930523269085
  20
-12.460898403993397
  10
34.600110183723466
  20
-12.310152705933264
  10
34.62765558899967
  20
-12.144299402091479
  10
34.74222508665692
  20
-12.038641457703495
  10
34.883045310898304
  20
-11.992962868313224
  10
35.01306804240234
  20
-12.025979784733424
  10
35.10982454702036
  20
-12.119566891869459
  10
35.14231906887316
  20
-12.180054492646201
  10
36.85301055112141
  20
-12.180054492646201
  10
38.56369565564211
  20
-12.180054492646201
  10
38.56319181516588
  20
-11.881739632644868
  10
38.56268797468965
  20
-11.583418419571295
  10
38.439878453041466
  20
-11.496972165630625
  10
38.12916194467118
  20
-11.277162219272626
  10
37.5654409845049
  20
-10.890209295408555
  10
36.766828318776575
  20
-10.343305071811681
  10
36.275851719013254
  20
-9.99708804713682
  10
36.20766743380653
  20
-9.944179661539856
  10
36.23568479092122
  20
-9.892027291539197
  10
36.263702148035904
  20
-9.839881274610773
  10
37.501784885856665
  20
-9.845935752453464
  10
38.73986124594987
  20
-9.851990230296153
  10
38.73986124594987
  20
-9.933881331442272
  10
38.73986124594987
  20
-10.01577243258839
  10
37.69694972652743
  20
-10.027474791650544
  10
36.65403182937744
  20
-10.039170797640459
  10
36.85136509741424
  20
-10.173258740292903
  10
37.38927539419714
  20
-10.542473886468846
  10
38.009420109973185
  20
-10.969927645849324
  10
38.49093216205651
  20
-11.29714898453296
  10
38.733987358878935
  20
-11.48107042581924
  10
38.77509181292041
  20
-11.530109790423344
  10
38.77509181292041
  20
-11.933072456326842
  97
1
  330
1615
  75
0
  76
1
  47
0.4128176842155181
  98
1
  10
34.90568961886538
  20
22.81183545379326
  450
0
  451
0
  460
0
  461
0
  452
1
  462
1
  453
2
  463
0
  63
5
  421
255
  463
1
  63
7
  421
16777215
  470
LINEAR
  1001
ACAD
  1010
0
  1020
0
  1030
0
  0
LWPOLYLINE
  5
1615
  100
AcDbEntity
  8
Bottom-Silkscreen-Layer
  100
AcDbPolyline
  90
39
  70
1
  43
0.25400050800101603
  10
38.75943449179212
  20
-12.351638267646544
  10
36.950105075299426
  20
-12.367241413062747
  10
35.15643297993503
  20
-12.367241413062747
  10
35.0848940100385
  20
-12.448408263973748
  10
34.93446892811109
  20
-12.544314242476608
  10
34.77468134214444
  20
-12.532459409680744
  10
34.652930523269085
  20
-12.460898403993397
  10
34.600110183723466
  20
-12.310152705933264
  10
34.62765558899967
  20
-12.144299402091479
  10
34.74222508665692
  20
-12.038641457703495
  10
34.883045310898304
  20
-11.992962868313224
  10
35.01306804240234
  20
-12.025979784733424
  10
35.10982454702036
  20
-12.119566891869459
  10
35.14231906887316
  20
-12.180054492646201
  10
36.85301055112141
  20
-12.180054492646201
  10
38.56369565564211
  20
-12.180054492646201
  10
38.56319181516588
  20
-11.881739632644868
  10
38.56268797468965
  20
-11.583418419571295
  10
38.439878453041466
  20
-11.496972165630625
  10
38.12916194467118
  20
-11.277162219272626
  10
37.5654409845049
  20
-10.890209295408555
  10
36.766828318776575
  20
-10.343305071811681
  10
36.275851719013254
  20
-9.99708804713682
  10
36.20766743380653
  20
-9.944179661539856
  10
36.23568479092122
  20
-9.892027291539197
  10
36.263702148035904
  20
-9.839881274610773
  10
37.501784885856665
  20
-9.845935752453464
  10
38.73986124594987
  20
-9.851990230296153
  10
38.73986124594987
  20
-9.933881331442272
  10
38.73986124594987
  20
-10.01577243258839
  10
37.69694972652743
  20
-10.027474791650544
  10
36.65403182937744
  20
-10.039170797640459
  10
36.85136509741424
  20
-10.173258740292903
  10
37.38927539419714
  20
-10.542473886468846
  10
38.009420109973185
  20
-10.969927645849324
  10
38.49093216205651
  20
-11.29714898453296
  10
38.733987358878935
  20
-11.48107042581924
  10
38.77509181292041
  20
-11.530109790423344
  10
38.77509181292041
  20
-11.933072456326842
  0
HATCH
  5
1618
  100
AcDbEntity
  8
Bottom-Silkscreen-Layer
  100
AcDbHatch
  10
0
  20
0
  30
0
  210
0
  220
0
  230
1
  2
SOLID
  70
1
  71
0
  91
1
  92
7
  72
0
  73
1
  93
7
  10
34.933097716688444
  20
-12.216870546264646
  10
34.89623445146584
  20
-12.18014978872977
  10
34.84947933081757
  20
-12.205072891118926
  10
34.81000757502818
  20
-12.292567401978845
  10
34.862713115477945
  20
-12.363734517187444
  10
34.93904813648995
  20
-12.330215708060452
  10
34.96996098191105
  20
-12.270846247997573
  97
1
  330
1617
  75
0
  76
1
  47
0.4128176842155181
  98
1
  10
34.90568961886538
  20
22.81183545379326
  450
0
  451
0
  460
0
  461
0
  452
1
  462
1
  453
2
  463
0
  63
5
  421
255
  463
1
  63
7
  421
16777215
  470
LINEAR
  1001
ACAD
  1010
0
  1020
0
  1030
0
  0
LWPOLYLINE
  5
1617
  100
AcDbEntity
  8
Bottom-Silkscreen-Layer
  100
AcDbPolyline
  90
7
  70
1
  43
0.25400050800101603
  10
34.933097716688444
  20
-12.216870546264646
  10
34.89623445146584
  20
-12.18014978872977
  10
34.84947933081757
  20
-12.205072891118926
  10
34.81000757502818
  20
-12.292567401978845
  10
34.862713115477945
  20
-12.363734517187444
  10
34.93904813648995
  20
-12.330215708060452
  10
34.96996098191105
  20
-12.270846247997573
  0
HATCH
  5
1620
  100
AcDbEntity
  8
Bottom-Silkscreen-Layer
  100
AcDbHatch
  10
0
  20
0
  30
0
  210
0
  220
0
  230
1
  2
SOLID
  70
1
  71
0
  91
1
  92
7
  72
0
  73
1
  93
42
  10
38.721302058787614
  20
-9.642764502286441
  10
37.265018128395745
  20
-9.647345067369944
  10
35.839034781580445
  20
-9.640343981763813
  10
35.839034781580445
  20
-9.678665713502635
  10
35.789039775338225
  20
-9.780308516236285
  10
35.75967671771108
  20
-9.863444819541028
  10
36.238337925580836
  20
-10.196377570166504
  10
36.93125251267001
  20
-10.670723355734689
  10
37.48322569869441
  20
-11.05820993766674
  10
38.02346386603204
  20
-11.430029843460208
  10
38.28770587376613
  20
-11.612382075903735
  10
38.32806413368459
  20
-11.780071417622263
  10
38.298707453784985
  20
-11.946629912482452
  10
38.20233361281979
  20
-12.03437219315965
  10
38.05880923209841
  20
-12.086467385510167
  10
37.89677030830762
  20
-12.028146182366537
  10
37.810498787777135
  20
-11.969831332295147
  10
36.33738403438829
  20
-11.96380226674141
  10
34.86426290327191
  20
-11.957779554259911
  10
34.86426290327191
  20
-11.87588845311379
  10
34.86426290327191
  20
-11.79399735196767
  10
36.31267034014303
  20
-11.787968286413935
  10
37.761071399286614
  20
-11.781939220860197
  10
37.81184448828959
  20
-11.677469300980693
  10
37.8473556752722
  20
-11.548406638468403
  10
37.628299867209755
  20
-11.38720378350474
  10
37.224857578031255
  20
-11.105940569389842
  10
36.672878014279306
  20
-10.721179455447837
  10
36.038689542444416
  20
-10.287359917685013
  10
35.64691211694968
  20
-10.002062502699072
  10
35.494242074925666
  20
-9.910400376451111
  10
35.374551262048044
  20
-9.863590940202497
  10
35.27268619766474
  20
-9.752539237484564
  10
35.25874448524664
  20
-9.58781678050112
  10
35.31316563440659
  20
-9.439650429769559
  10
35.43624939833931
  20
-9.358705936386881
  10
35.55676293807051
  20
-9.325542899305212
  10
35.687085422769265
  20
-9.386036853154192
  10
35.77657769571107
  20
-9.446530807003173
  10
37.22448129210598
  20
-9.443595687629276
  10
38.71199695429631
  20
-9.455793586325983
  10
38.751602642364205
  20
-9.551057904532815
  97
1
  330
1619
  75
0
  76
1
  47
0.4128176842155181
  98
1
  10
34.90568961886538
  20
22.81183545379326
  450
0
  451
0
  460
0
  461
0
  452
1
  462
1
  453
2
  463
0
  63
5
  421
255
  463
1
  63
7
  421
16777215
  470
LINEAR
  1001
ACAD
  1010
0
  1020
0
  1030
0
  0
LWPOLYLINE
  5
1619
  100
AcDbEntity
  8
Bottom-Silkscreen-Layer
  100
AcDbPolyline
  90
42
  70
1
  43
0.25400050800101603
  10
38.721302058787614
  20
-9.642764502286441
  10
37.265018128395745
  20
-9.647345067369944
  10
35.839034781580445
  20
-9.640343981763813
  10
35.839034781580445
  20
-9.678665713502635
  10
35.789039775338225
  20
-9.780308516236285
  10
35.75967671771108
  20
-9.863444819541028
  10
36.238337925580836
  20
-10.196377570166504
  10
36.93125251267001
  20
-10.670723355734689
  10
37.48322569869441
  20
-11.05820993766674
  10
38.02346386603204
  20
-11.430029843460208
  10
38.28770587376613
  20
-11.612382075903735
  10
38.32806413368459
  20
-11.780071417622263
  10
38.298707453784985
  20
-11.946629912482452
  10
38.20233361281979
  20
-12.03437219315965
  10
38.05880923209841
  20
-12.086467385510167
  10
37.89677030830762
  20
-12.028146182366537
  10
37.810498787777135
  20
-11.969831332295147
  10
36.33738403438829
  20
-11.96380226674141
  10
34.86426290327191
  20
-11.957779554259911
  10
34.86426290327191
  20
-11.87588845311379
  10
34.86426290327191
  20
-11.79399735196767
  10
36.31267034014303
  20
-11.787968286413935
  10
37.761071399286614
  20
-11.781939220860197
  10
37.81184448828959
  20
-11.677469300980693
  10
37.8473556752722
  20
-11.548406638468403
  10
37.628299867209755
  20
-11.38720378350474
  10
37.224857578031255
  20
-11.105940569389842
  10
36.672878014279306
  20
-10.721179455447837
  10
36.038689542444416
  20
-10.287359917685013
  10
35.64691211694968
  20
-10.002062502699072
  10
35.494242074925666
  20
-9.910400376451111
  10
35.374551262048044
  20
-9.863590940202497
  10
35.27268619766474
  20
-9.752539237484564
  10
35.25874448524664
  20
-9.58781678050112
  10
35.31316563440659
  20
-9.439650429769559
  10
35.43624939833931
  20
-9.358705936386881
  10
35.55676293807051
  20
-9.325542899305212
  10
35.687085422769265
  20
-9.386036853154192
  10
35.77657769571107
  20
-9.446530807003173
  10
37.22448129210598
  20
-9.443595687629276
  10
38.71199695429631
  20
-9.455793586325983
  10
38.751602642364205
  20
-9.551057904532815
  0
HATCH
  5
1622
  100
AcDbEntity
  8
Bottom-Silkscreen-Layer
  100
AcDbHatch
  10
0
  20
0
  30
0
  210
0
  220
0
  230
1
  2
SOLID
  70
1
  71
0
  91
1
  92
7
  72
0
  73
1
  93
7
  10
35.626815897448566
  20
-9.581381118324158
  10
35.535601638069025
  20
-9.536121831701587
  10
35.456415772843435
  20
-9.582918561805725
  10
35.456415772843435
  20
-9.67650566894176
  10
35.51695954044867
  20
-9.723302399045895
  10
35.60817379982821
  20
-9.684580423756088
  10
35.651127794858354
  20
-9.63624625017039
  97
1
  330
1621
  75
0
  76
1
  47
0.4128176842155181
  98
1
  10
34.90568961886538
  20
22.81183545379326
  450
0
  451
0
  460
0
  461
0
  452
1
  462
1
  453
2
  463
0
  63
5
  421
255
  463
1
  63
7
  421
16777215
  470
LINEAR
  1001
ACAD
  1010
0
  1020
0
  1030
0
  0
LWPOLYLINE
  5
1621
  100
AcDbEntity
  8
Bottom-Silkscreen-Layer
  100
AcDbPolyline
  90
7
  70
1
  43
0.25400050800101603
  10
35.626815897448566
  20
-9.581381118324158
  10
35.535601638069025
  20
-9.536121831701587
  10
35.456415772843435
  20
-9.582918561805725
  10
35.456415772843435
  20
-9.67650566894176
  10
35.51695954044867
  20
-9.723302399045895
  10
35.60817379982821
  20
-9.684580423756088
  10
35.651127794858354
  20
-9.63624625017039
  0
HATCH
  5
1624
  100
AcDbEntity
  8
Bottom-Silkscreen-Layer
  100
AcDbHatch
  10
0
  20
0
  30
0
  210
0
  220
0
  230
1
  2
SOLID
  70
1
  71
0
  91
1
  92
7
  72
0
  73
1
  93
7
  10
38.065384669199545
  20
-11.716477164521205
  10
38.00161377145545
  20
-11.709152072230943
  10
37.98683657672867
  20
-11.767790928986464
  10
37.98740419448036
  20
-11.851162295964007
  10
38.05616885289389
  20
-11.87588845311379
  10
38.126323855912695
  20
-11.859217991561625
  10
38.13611366769759
  20
-11.783171716874344
  97
1
  330
1623
  75
0
  76
1
  47
0.4128176842155181
  98
1
  10
34.90568961886538
  20
22.81183545379326
  450
0
  451
0
  460
0
  461
0
  452
1
  462
1
  453
2
  463
0
  63
5
  421
255
  463
1
  63
7
  421
16777215
  470
LINEAR
  1001
ACAD
  1010
0
  1020
0
  1030
0
  0
LWPOLYLINE
  5
1623
  100
AcDbEntity
  8
Bottom-Silkscreen-Layer
  100
AcDbPolyline
  90
7
  70
1
  43
0.25400050800101603
  10
38.065384669199545
  20
-11.716477164521205
  10
38.00161377145545
  20
-11.709152072230943
  10
37.98683657672867
  20
-11.767790928986464
  10
37.98740419448036
  20
-11.851162295964007
  10
38.05616885289389
  20
-11.87588845311379
  10
38.126323855912695
  20
-11.859217991561625
  10
38.13611366769759
  20
-11.783171716874344
  0
HATCH
  5
1626
  100
AcDbEntity
  8
Bottom-Silkscreen-Layer
  100
AcDbHatch
  10
0
  20
0
  30
0
  210
0
  220
0
  230
1
  2
SOLID
  70
1
  71
0
  91
1
  92
7
  72
0
  73
1
  93
29
  10
38.73604736487666
  20
-9.226104612638101
  10
38.72420392482159
  20
-9.255347804149007
  10
36.872035312394594
  20
-9.255347804149006
  10
35.01987307769515
  20
-9.255347804149006
  10
35.01253231328837
  20
-9.518574646180596
  10
35.026263560697416
  20
-9.811737164597018
  10
35.30812722964433
  20
-10.020854890378684
  10
36.07392010941495
  20
-10.542956719958923
  10
36.91950473852813
  20
-11.11808129043641
  10
37.33738620287341
  20
-11.407622557677248
  10
37.40785371454203
  20
-11.512454602674309
  10
37.3034439368674
  20
-11.58039435718607
  10
36.03506699319763
  20
-11.580419769475021
  10
34.86426290327191
  20
-11.560020054519226
  10
34.86426290327191
  20
-11.478128953373107
  10
34.86426290327191
  20
-11.396237852226987
  10
35.91904337365962
  20
-11.384535493164833
  10
36.97382384404733
  20
-11.372839487174918
  10
36.80373622809201
  20
-11.25584766191458
  10
36.38126279991278
  20
-10.975079987434235
  10
36.030519673456496
  20
-10.74110268998579
  10
35.398212631248015
  20
-10.310745576592605
  10
34.83361154468024
  20
-9.912986076851922
  10
34.81012237412403
  20
-9.482584491953073
  10
34.81729093988704
  20
-9.08977403548569
  10
34.85252150685757
  20
-9.067766993253715
  10
36.77698803875921
  20
-9.046725618001894
  10
38.708916511891026
  20
-9.070454342810331
  10
38.74975310137552
  20
-9.145033057810666
  97
1
  330
1625
  75
0
  76
1
  47
0.4128176842155181
  98
1
  10
34.90568961886538
  20
22.81183545379326
  450
0
  451
0
  460
0
  461
0
  452
1
  462
1
  453
2
  463
0
  63
5
  421
255
  463
1
  63
7
  421
16777215
  470
LINEAR
  1001
ACAD
  1010
0
  1020
0
  1030
0
  0
LWPOLYLINE
  5
1625
  100
AcDbEntity
  8
Bottom-Silkscreen-Layer
  100
AcDbPolyline
  90
29
  70
1
  43
0.25400050800101603
  10
38.73604736487666
  20
-9.226104612638101
  10
38.72420392482159
  20
-9.255347804149007
  10
36.872035312394594
  20
-9.255347804149006
  10
35.01987307769515
  20
-9.255347804149006
  10
35.01253231328837
  20
-9.518574646180596
  10
35.026263560697416
  20
-9.811737164597018
  10
35.30812722964433
  20
-10.020854890378684
  10
36.07392010941495
  20
-10.542956719958923
  10
36.91950473852813
  20
-11.11808129043641
  10
37.33738620287341
  20
-11.407622557677248
  10
37.40785371454203
  20
-11.512454602674309
  10
37.3034439368674
  20
-11.58039435718607
  10
36.03506699319763
  20
-11.580419769475021
  10
34.86426290327191
  20
-11.560020054519226
  10
34.86426290327191
  20
-11.478128953373107
  10
34.86426290327191
  20
-11.396237852226987
  10
35.91904337365962
  20
-11.384535493164833
  10
36.97382384404733
  20
-11.372839487174918
  10
36.80373622809201
  20
-11.25584766191458
  10
36.38126279991278
  20
-10.975079987434235
  10
36.030519673456496
  20
-10.74110268998579
  10
35.398212631248015
  20
-10.310745576592605
  10
34.83361154468024
  20
-9.912986076851922
  10
34.81012237412403
  20
-9.482584491953073
  10
34.81729093988704
  20
-9.08977403548569
  10
34.85252150685757
  20
-9.067766993253715
  10
36.77698803875921
  20
-9.046725618001894
  10
38.708916511891026
  20
-9.070454342810331
  10
38.74975310137552
  20
-9.145033057810666
  0
HATCH
  5
1628
  100
AcDbEntity
  8
Bottom-Silkscreen-Layer
  100
AcDbHatch
  10
0
  20
0
  30
0
  210
0
  220
0
  230
1
  2
SOLID
  70
1
  71
0
  91
1
  92
7
  72
0
  73
1
  93
13
  10
38.71303014615895
  20
-1.6140567555361596
  10
36.734984325133595
  20
-1.6148508895658917
  10
34.777041101336884
  20
-1.5895338966979862
  10
34.75856482463276
  20
-0.37742489136289303
  10
34.75856482463276
  20
0.8233121146664127
  10
34.792507090638765
  20
0.85136728166884
  10
34.880589885792645
  20
0.8717797027691078
  10
34.934730414940525
  20
0.8641369568669535
  10
34.94082752247561
  20
-0.27649998579212476
  10
34.9469246300107
  20
-1.4171369284511994
  10
36.80383189400522
  20
-1.4171369284511994
  10
38.70617408904575
  20
-1.4413548398219518
  10
38.751602642364205
  20
-1.5324451895685038
  97
1
  330
1627
  75
0
  76
1
  47
0.4128176842155181
  98
1
  10
34.90568961886538
  20
22.81183545379326
  450
0
  451
0
  460
0
  461
0
  452
1
  462
1
  453
2
  463
0
  63
5
  421
255
  463
1
  63
7
  421
16777215
  470
LINEAR
  1001
ACAD
  1010
0
  1020
0
  1030
0
  0
LWPOLYLINE
  5
1627
  100
AcDbEntity
  8
Bottom-Silkscreen-Layer
  100
AcDbPolyline
  90
13
  70
1
  43
0.25400050800101603
  10
38.71303014615895
  20
-1.6140567555361596
  10
36.734984325133595
  20
-1.6148508895658917
  10
34.777041101336884
  20
-1.5895338966979862
  10
34.75856482463276
  20
-0.37742489136289303
  10
34.75856482463276
  20
0.8233121146664127
  10
34.792507090638765
  20
0.85136728166884
  10
34.880589885792645
  20
0.8717797027691078
  10
34.934730414940525
  20
0.8641369568669535
  10
34.94082752247561
  20
-0.27649998579212476
  10
34.9469246300107
  20
-1.4171369284511994
  10
36.80383189400522
  20
-1.4171369284511994
  10
38.70617408904575
  20
-1.4413548398219518
  10
38.751602642364205
  20
-1.5324451895685038
  0
HATCH
  5
1630
  100
AcDbEntity
  8
Bottom-Silkscreen-Layer
  100
AcDbHatch
  10
0
  20
0
  30
0
  210
0
  220
0
  230
1
  2
SOLID
  70
1
  71
0
  91
1
  92
7
  72
0
  73
1
  93
16
  10
38.73706142355666
  20
-4.699496171651417
  10
36.75368382230187
  20
-4.716204751637009
  10
34.787079644496124
  20
-4.716204751637009
  10
34.772825423428216
  20
-4.679191752779189
  10
34.75856482463276
  20
-3.4633407878959934
  10
34.75856482463276
  20
-2.284496468798377
  10
34.80642966987422
  20
-2.258976177618862
  10
34.900386352099034
  20
-2.248029834153018
  10
34.95013900469447
  20
-2.3136697765146694
  10
34.956012891765404
  20
-3.41763678621677
  10
34.979565839597086
  20
-4.503554717691087
  10
35.000912093697444
  20
-4.536577987183526
  10
36.236201386852535
  20
-4.5247422136043784
  10
38.10567277411498
  20
-4.526813315153924
  10
38.73986124594987
  20
-4.5407201902826175
  10
38.746844857614015
  20
-4.611753890974221
  97
1
  330
1629
  75
0
  76
1
  47
0.4128176842155181
  98
1
  10
34.90568961886538
  20
22.81183545379326
  450
0
  451
0
  460
0
  461
0
  452
1
  462
1
  453
2
  463
0
  63
5
  421
255
  463
1
  63
7
  421
16777215
  470
LINEAR
  1001
ACAD
  1010
0
  1020
0
  1030
0
  0
LWPOLYLINE
  5
1629
  100
AcDbEntity
  8
Bottom-Silkscreen-Layer
  100
AcDbPolyline
  90
16
  70
1
  43
0.25400050800101603
  10
38.73706142355666
  20
-4.699496171651417
  10
36.75368382230187
  20
-4.716204751637009
  10
34.787079644496124
  20
-4.716204751637009
  10
34.772825423428216
  20
-4.679191752779189
  10
34.75856482463276
  20
-3.4633407878959934
  10
34.75856482463276
  20
-2.284496468798377
  10
34.80642966987422
  20
-2.258976177618862
  10
34.900386352099034
  20
-2.248029834153018
  10
34.95013900469447
  20
-2.3136697765146694
  10
34.956012891765404
  20
-3.41763678621677
  10
34.979565839597086
  20
-4.503554717691087
  10
35.000912093697444
  20
-4.536577987183526
  10
36.236201386852535
  20
-4.5247422136043784
  10
38.10567277411498
  20
-4.526813315153924
  10
38.73986124594987
  20
-4.5407201902826175
  10
38.746844857614015
  20
-4.611753890974221
  0
HATCH
  5
1632
  100
AcDbEntity
  8
Bottom-Silkscreen-Layer
  100
AcDbHatch
  10
0
  20
0
  30
0
  210
0
  220
0
  230
1
  2
SOLID
  70
1
  71
0
  91
1
  92
7
  72
0
  73
1
  93
59
  10
38.73594532123592
  20
1.6869551077544391
  10
37.943212920306074
  20
1.6717140874557939
  10
37.13227210722908
  20
1.693416182220351
  10
37.03300915568502
  20
1.6599418445990235
  10
36.8966597184542
  20
1.589606981853586
  10
36.743798344603775
  20
1.60101074652056
  10
36.60543354546805
  20
1.6997883136749332
  10
36.54898427894811
  20
1.7716352076129833
  10
36.5329187832568
  20
1.7211918140443103
  10
36.516846909837945
  20
1.6707547735478745
  10
35.70229630296925
  20
1.6769045474741318
  10
34.8877520738281
  20
1.6830543214003872
  10
34.88045595351416
  20
1.758293755913459
  10
34.873153455472654
  20
1.8335331904265326
  10
34.92800191237826
  20
1.8472431203158515
  10
35.76328651150279
  20
1.853894786948898
  10
36.543722653721694
  20
1.8468365236926274
  10
36.54370352053905
  20
1.9148016904933414
  10
36.63764106958123
  20
2.071798811635537
  10
36.73159775180605
  20
2.16083076597702
  10
36.73159775180605
  20
2.864414457104198
  10
36.73159775180605
  20
3.567998148231376
  10
36.65104067515782
  20
3.6384537193493336
  10
36.556522752908855
  20
3.7722748329677867
  10
36.54256828503566
  20
3.8356403754682837
  10
35.787056302071065
  20
3.828016688782843
  10
34.95510087672616
  20
3.834674708488127
  10
34.8642884141821
  20
3.8940632277677185
  10
34.87753495429755
  20
3.9905663950609354
  10
34.90515689230432
  20
4.041975455609763
  10
35.6825062143904
  20
4.026524783927267
  10
36.45984915874894
  20
4.011074112244774
  10
36.494984059806264
  20
3.976075037286359
  10
36.53011896086359
  20
3.9410759623279423
  10
36.620249006560115
  20
4.028742006138285
  10
36.71037267452909
  20
4.116408049948626
  10
36.82421511124597
  20
4.116408049948626
  10
36.988862525603544
  20
4.070615105258073
  10
37.03966112551671
  20
4.024822160567519
  10
37.85660338021559
  20
4.031785127740224
  10
38.67353925718692
  20
4.038748094912926
  10
38.71257094977556
  20
3.9998672928171737
  10
38.75124548962156
  20
3.933407804136835
  10
38.72857904591894
  20
3.8707347465102657
  10
38.70626975495896
  20
3.8356403754682837
  10
37.9068407401046
  20
3.8375526502118813
  10
37.10741172525023
  20
3.839471278027718
  10
37.10741172525023
  20
3.781283489401084
  10
37.01346142075297
  20
3.6340700995052044
  10
36.91950473852814
  20
3.5450444982359586
  10
36.91950473852814
  20
2.8320519071244985
  10
36.91950473852814
  20
2.1190656690852756
  10
36.96544988777791
  20
2.1045361928772697
  10
37.07114796641706
  20
2.0192716103728436
  10
37.130900895806434
  20
1.9035376934156014
  10
37.130900895806434
  20
1.8585388827547797
  10
37.90409831725931
  20
1.8585388827547797
  10
38.714452379401976
  20
1.844333413230907
  10
38.751602642364205
  20
1.7663430984388389
  97
1
  330
1631
  75
0
  76
1
  47
0.4128176842155181
  98
1
  10
34.90568961886538
  20
22.81183545379326
  450
0
  451
0
  460
0
  461
0
  452
1
  462
1
  453
2
  463
0
  63
5
  421
255
  463
1
  63
7
  421
16777215
  470
LINEAR
  1001
ACAD
  1010
0
  1020
0
  1030
0
  0
LWPOLYLINE
  5
1631
  100
AcDbEntity
  8
Bottom-Silkscreen-Layer
  100
AcDbPolyline
  90
59
  70
1
  43
0.25400050800101603
  10
38.73594532123592
  20
1.6869551077544391
  10
37.943212920306074
  20
1.6717140874557939
  10
37.13227210722908
  20
1.693416182220351
  10
37.03300915568502
  20
1.6599418445990235
  10
36.8966597184542
  20
1.589606981853586
  10
36.743798344603775
  20
1.60101074652056
  10
36.60543354546805
  20
1.6997883136749332
  10
36.54898427894811
  20
1.7716352076129833
  10
36.5329187832568
  20
1.7211918140443103
  10
36.516846909837945
  20
1.6707547735478745
  10
35.70229630296925
  20
1.6769045474741318
  10
34.8877520738281
  20
1.6830543214003872
  10
34.88045595351416
  20
1.758293755913459
  10
34.873153455472654
  20
1.8335331904265326
  10
34.92800191237826
  20
1.8472431203158515
  10
35.76328651150279
  20
1.853894786948898
  10
36.543722653721694
  20
1.8468365236926274
  10
36.54370352053905
  20
1.9148016904933414
  10
36.63764106958123
  20
2.071798811635537
  10
36.73159775180605
  20
2.16083076597702
  10
36.73159775180605
  20
2.864414457104198
  10
36.73159775180605
  20
3.567998148231376
  10
36.65104067515782
  20
3.6384537193493336
  10
36.556522752908855
  20
3.7722748329677867
  10
36.54256828503566
  20
3.8356403754682837
  10
35.787056302071065
  20
3.828016688782843
  10
34.95510087672616
  20
3.834674708488127
  10
34.8642884141821
  20
3.8940632277677185
  10
34.87753495429755
  20
3.9905663950609354
  10
34.90515689230432
  20
4.041975455609763
  10
35.6825062143904
  20
4.026524783927267
  10
36.45984915874894
  20
4.011074112244774
  10
36.494984059806264
  20
3.976075037286359
  10
36.53011896086359
  20
3.9410759623279423
  10
36.620249006560115
  20
4.028742006138285
  10
36.71037267452909
  20
4.116408049948626
  10
36.82421511124597
  20
4.116408049948626
  10
36.988862525603544
  20
4.070615105258073
  10
37.03966112551671
  20
4.024822160567519
  10
37.85660338021559
  20
4.031785127740224
  10
38.67353925718692
  20
4.038748094912926
  10
38.71257094977556
  20
3.9998672928171737
  10
38.75124548962156
  20
3.933407804136835
  10
38.72857904591894
  20
3.8707347465102657
  10
38.70626975495896
  20
3.8356403754682837
  10
37.9068407401046
  20
3.8375526502118813
  10
37.10741172525023
  20
3.839471278027718
  10
37.10741172525023
  20
3.781283489401084
  10
37.01346142075297
  20
3.6340700995052044
  10
36.91950473852814
  20
3.5450444982359586
  10
36.91950473852814
  20
2.8320519071244985
  10
36.91950473852814
  20
2.1190656690852756
  10
36.96544988777791
  20
2.1045361928772697
  10
37.07114796641706
  20
2.0192716103728436
  10
37.130900895806434
  20
1.9035376934156014
  10
37.130900895806434
  20
1.8585388827547797
  10
37.90409831725931
  20
1.8585388827547797
  10
38.714452379401976
  20
1.844333413230907
  10
38.751602642364205
  20
1.7663430984388389
  0
HATCH
  5
1634
  100
AcDbEntity
  8
Bottom-Silkscreen-Layer
  100
AcDbHatch
  10
0
  20
0
  30
0
  210
0
  220
0
  230
1
  2
SOLID
  70
1
  71
0
  91
1
  92
7
  72
0
  73
1
  93
8
  10
36.860478870079135
  20
1.9425963815340144
  10
36.766528565581865
  20
1.92847985502147
  10
36.73159775180605
  20
1.8585388827547797
  10
36.766528565581865
  20
1.7885979104880916
  10
36.860478870079135
  20
1.7744750309033115
  10
36.91950473852814
  20
1.7892332177118775
  10
36.91950473852814
  20
1.8585388827547797
  10
36.91950473852814
  20
1.9278381947254464
  97
1
  330
1633
  75
0
  76
1
  47
0.4128176842155181
  98
1
  10
34.90568961886538
  20
22.81183545379326
  450
0
  451
0
  460
0
  461
0
  452
1
  462
1
  453
2
  463
0
  63
5
  421
255
  463
1
  63
7
  421
16777215
  470
LINEAR
  1001
ACAD
  1010
0
  1020
0
  1030
0
  0
LWPOLYLINE
  5
1633
  100
AcDbEntity
  8
Bottom-Silkscreen-Layer
  100
AcDbPolyline
  90
8
  70
1
  43
0.25400050800101603
  10
36.860478870079135
  20
1.9425963815340144
  10
36.766528565581865
  20
1.92847985502147
  10
36.73159775180605
  20
1.8585388827547797
  10
36.766528565581865
  20
1.7885979104880916
  10
36.860478870079135
  20
1.7744750309033115
  10
36.91950473852814
  20
1.7892332177118775
  10
36.91950473852814
  20
1.8585388827547797
  10
36.91950473852814
  20
1.9278381947254464
  0
HATCH
  5
1636
  100
AcDbEntity
  8
Bottom-Silkscreen-Layer
  100
AcDbHatch
  10
0
  20
0
  30
0
  210
0
  220
0
  230
1
  2
SOLID
  70
1
  71
0
  91
1
  92
7
  72
0
  73
1
  93
8
  10
36.83343092755162
  20
3.9130144422532798
  10
36.75910489071697
  20
3.920199766954308
  10
36.743409303223395
  20
3.870944397894116
  10
36.75602444831169
  20
3.787719151578043
  10
36.836256260855016
  20
3.7537492743221637
  10
36.90492525335533
  20
3.770419735874329
  10
36.914715065140214
  20
3.846459657489372
  10
36.90776334211381
  20
3.90582911755225
  97
1
  330
1635
  75
0
  76
1
  47
0.4128176842155181
  98
1
  10
34.90568961886538
  20
22.81183545379326
  450
0
  451
0
  460
0
  461
0
  452
1
  462
1
  453
2
  463
0
  63
5
  421
255
  463
1
  63
7
  421
16777215
  470
LINEAR
  1001
ACAD
  1010
0
  1020
0
  1030
0
  0
LWPOLYLINE
  5
1635
  100
AcDbEntity
  8
Bottom-Silkscreen-Layer
  100
AcDbPolyline
  90
8
  70
1
  43
0.25400050800101603
  10
36.83343092755162
  20
3.9130144422532798
  10
36.75910489071697
  20
3.920199766954308
  10
36.743409303223395
  20
3.870944397894116
  10
36.75602444831169
  20
3.787719151578043
  10
36.836256260855016
  20
3.7537492743221637
  10
36.90492525335533
  20
3.770419735874329
  10
36.914715065140214
  20
3.846459657489372
  10
36.90776334211381
  20
3.90582911755225
  0
HATCH
  5
1638
  100
AcDbEntity
  8
Bottom-Silkscreen-Layer
  100
AcDbHatch
  10
0
  20
0
  30
0
  210
0
  220
0
  230
1
  2
SOLID
  70
1
  71
0
  91
1
  92
7
  72
0
  73
1
  93
60
  10
38.379156109064915
  20
9.193700792513715
  10
38.36404727250569
  20
9.053316955273546
  10
38.29613085185594
  20
9.045591619432297
  10
38.2084052094447
  20
9.068989984484368
  10
38.188245212668114
  20
10.020718324150435
  10
38.187881682197926
  20
10.941322962923186
  10
38.151579656999466
  20
11.065728823485118
  10
38.04486114195277
  20
11.286955504952163
  10
37.868025890252554
  20
11.458501161519075
  10
37.65177628231087
  20
11.577437026884207
  10
37.354044827226616
  20
11.624354465360861
  10
37.166131462776974
  20
11.627060874134191
  10
37.03101292696276
  20
11.563981219884404
  10
36.76917532251394
  20
11.381520985212827
  10
36.58765244106656
  20
11.140428246857976
  10
36.53285500598133
  20
11.018722441997134
  10
36.5244810497119
  20
10.519529790906649
  10
36.52995951767492
  20
9.96538941803084
  10
36.58485261867335
  20
9.896604704911443
  10
36.66850289318196
  20
9.824319448988978
  10
36.714607485620405
  20
9.719614465436674
  10
36.7181088580438
  20
9.673351393400523
  10
37.36827353738434
  20
9.673351393400523
  10
38.018438216724874
  20
9.673351393400523
  10
38.03269243779278
  20
9.636344747614938
  10
38.04695303658824
  20
9.579522869519447
  10
38.00878233721846
  20
9.521690852938134
  10
37.970618015576235
  20
9.483667715594494
  10
37.32089339943645
  20
9.487619326526444
  10
36.671168783296665
  20
9.491564584386163
  10
36.58981449070505
  20
9.4421630946645
  10
36.43539695133311
  20
9.39267266193151
  10
36.282376134294005
  20
9.44663565751996
  10
36.20241218630766
  20
9.500693949191978
  10
36.026597371014994
  20
9.483178529032177
  10
35.37983839818465
  20
9.464220961474377
  10
34.88070468488849
  20
9.49085304029552
  10
34.85252150685758
  20
9.583995432374905
  10
34.85252150685758
  20
9.649063598235148
  10
34.910475917078664
  20
9.66355495600973
  10
35.5681599371973
  20
9.669850850597454
  10
36.167889547094866
  20
9.661655387410606
  10
36.16788316936732
  20
9.705688531091267
  10
36.21532708459067
  20
9.826206311443626
  10
36.297535992673616
  20
9.915975222164704
  10
36.33229460780566
  20
9.929259496214085
  10
36.33229460780566
  20
10.408497147405425
  10
36.358047871641105
  20
11.011721356391003
  10
36.4427249602848
  20
11.25796643633077
  10
36.622500344384264
  20
11.505507543007061
  10
36.896015567971936
  20
11.702503606958874
  10
37.173159718533945
  20
11.800080443460294
  10
37.37375200534735
  20
11.825937447468416
  10
37.58963808281885
  20
11.789674111134667
  10
37.83274430146164
  20
11.702001714252084
  10
38.039121187160326
  20
11.560245613408535
  10
38.2104205713496
  20
11.371057475237063
  10
38.33080655652987
  20
11.122067868090532
  10
38.38292534604529
  20
10.971925711892997
  10
38.38859514583472
  20
10.153008347359561
  97
1
  330
1637
  75
0
  76
1
  47
0.4128176842155181
  98
1
  10
34.90568961886538
  20
22.81183545379326
  450
0
  451
0
  460
0
  461
0
  452
1
  462
1
  453
2
  463
0
  63
5
  421
255
  463
1
  63
7
  421
16777215
  470
LINEAR
  1001
ACAD
  1010
0
  1020
0
  1030
0
  0
LWPOLYLINE
  5
1637
  100
AcDbEntity
  8
Bottom-Silkscreen-Layer
  100
AcDbPolyline
  90
60
  70
1
  43
0.25400050800101603
  10
38.379156109064915
  20
9.193700792513715
  10
38.36404727250569
  20
9.053316955273546
  10
38.29613085185594
  20
9.045591619432297
  10
38.2084052094447
  20
9.068989984484368
  10
38.188245212668114
  20
10.020718324150435
  10
38.187881682197926
  20
10.941322962923186
  10
38.151579656999466
  20
11.065728823485118
  10
38.04486114195277
  20
11.286955504952163
  10
37.868025890252554
  20
11.458501161519075
  10
37.65177628231087
  20
11.577437026884207
  10
37.354044827226616
  20
11.624354465360861
  10
37.166131462776974
  20
11.627060874134191
  10
37.03101292696276
  20
11.563981219884404
  10
36.76917532251394
  20
11.381520985212827
  10
36.58765244106656
  20
11.140428246857976
  10
36.53285500598133
  20
11.018722441997134
  10
36.5244810497119
  20
10.519529790906649
  10
36.52995951767492
  20
9.96538941803084
  10
36.58485261867335
  20
9.896604704911443
  10
36.66850289318196
  20
9.824319448988978
  10
36.714607485620405
  20
9.719614465436674
  10
36.7181088580438
  20
9.673351393400523
  10
37.36827353738434
  20
9.673351393400523
  10
38.018438216724874
  20
9.673351393400523
  10
38.03269243779278
  20
9.636344747614938
  10
38.04695303658824
  20
9.579522869519447
  10
38.00878233721846
  20
9.521690852938134
  10
37.970618015576235
  20
9.483667715594494
  10
37.32089339943645
  20
9.487619326526444
  10
36.671168783296665
  20
9.491564584386163
  10
36.58981449070505
  20
9.4421630946645
  10
36.43539695133311
  20
9.39267266193151
  10
36.282376134294005
  20
9.44663565751996
  10
36.20241218630766
  20
9.500693949191978
  10
36.026597371014994
  20
9.483178529032177
  10
35.37983839818465
  20
9.464220961474377
  10
34.88070468488849
  20
9.49085304029552
  10
34.85252150685758
  20
9.583995432374905
  10
34.85252150685758
  20
9.649063598235148
  10
34.910475917078664
  20
9.66355495600973
  10
35.5681599371973
  20
9.669850850597454
  10
36.167889547094866
  20
9.661655387410606
  10
36.16788316936732
  20
9.705688531091267
  10
36.21532708459067
  20
9.826206311443626
  10
36.297535992673616
  20
9.915975222164704
  10
36.33229460780566
  20
9.929259496214085
  10
36.33229460780566
  20
10.408497147405425
  10
36.358047871641105
  20
11.011721356391003
  10
36.4427249602848
  20
11.25796643633077
  10
36.622500344384264
  20
11.505507543007061
  10
36.896015567971936
  20
11.702503606958874
  10
37.173159718533945
  20
11.800080443460294
  10
37.37375200534735
  20
11.825937447468416
  10
37.58963808281885
  20
11.789674111134667
  10
37.83274430146164
  20
11.702001714252084
  10
38.039121187160326
  20
11.560245613408535
  10
38.2104205713496
  20
11.371057475237063
  10
38.33080655652987
  20
11.122067868090532
  10
38.38292534604529
  20
10.971925711892997
  10
38.38859514583472
  20
10.153008347359561
  0
HATCH
  5
1640
  100
AcDbEntity
  8
Bottom-Silkscreen-Layer
  100
AcDbHatch
  10
0
  20
0
  30
0
  210
0
  220
0
  230
1
  2
SOLID
  70
1
  71
0
  91
1
  92
7
  72
0
  73
1
  93
6
  10
36.46932008415648
  20
9.751500534998536
  10
36.392985063144465
  20
9.74517287504962
  10
36.35578377836187
  20
9.660365713746318
  10
36.40388459952257
  20
9.59110452020908
  10
36.487228743108915
  20
9.605030454554488
  10
36.51546294296021
  20
9.680612954968403
  97
1
  330
1639
  75
0
  76
1
  47
0.4128176842155181
  98
1
  10
34.90568961886538
  20
22.81183545379326
  450
0
  451
0
  460
0
  461
0
  452
1
  462
1
  453
2
  463
0
  63
5
  421
255
  463
1
  63
7
  421
16777215
  470
LINEAR
  1001
ACAD
  1010
0
  1020
0
  1030
0
  0
LWPOLYLINE
  5
1639
  100
AcDbEntity
  8
Bottom-Silkscreen-Layer
  100
AcDbPolyline
  90
6
  70
1
  43
0.25400050800101603
  10
36.46932008415648
  20
9.751500534998536
  10
36.392985063144465
  20
9.74517287504962
  10
36.35578377836187
  20
9.660365713746318
  10
36.40388459952257
  20
9.59110452020908
  10
36.487228743108915
  20
9.605030454554488
  10
36.51546294296021
  20
9.680612954968403
  0
HATCH
  5
1642
  100
AcDbEntity
  8
Bottom-Silkscreen-Layer
  100
AcDbHatch
  10
0
  20
0
  30
0
  210
0
  220
0
  230
1
  2
SOLID
  70
1
  71
0
  91
1
  92
7
  72
0
  73
1
  93
32
  10
49.847853648932166
  20
7.0762154625600395
  10
49.81158989009899
  20
6.8539341711015105
  10
49.73932385926208
  20
6.561464137559014
  10
49.66817393074592
  20
6.339189199172723
  10
49.57339452166751
  20
6.122352490622047
  10
49.401227766531825
  20
5.861825704291558
  10
49.192739853015034
  20
5.698450098622536
  10
48.972210789889196
  20
5.648959665889548
  10
48.773174668597306
  20
5.684003212353625
  10
48.6036164040284
  20
5.7937017106848945
  10
48.403087894490476
  20
6.038371228709671
  10
48.28791889044379
  20
6.246300929982856
  10
48.19485509007557
  20
6.522284741068087
  10
48.064730314930785
  20
6.900730901205653
  10
47.994096982345944
  20
7.216599299800216
  10
47.93641681440939
  20
7.778141001833135
  10
47.912959532490916
  20
8.421580158084417
  10
47.946538268026735
  20
8.901230758971222
  10
48.00387403867575
  20
9.246164463054031
  10
48.089188900074156
  20
9.549612605423563
  10
48.224887809095165
  20
9.883034542611357
  10
48.42885391378102
  20
10.16842090060863
  10
48.55803478524882
  20
10.301193757307834
  10
48.69084458369096
  20
10.339248660012666
  10
48.89049934455493
  20
10.361274761461354
  10
49.04256350246197
  20
10.302750260006112
  10
49.25716127896894
  20
10.117844092522963
  10
49.49283744501929
  20
9.760051770230707
  10
49.646151637525556
  20
9.40427972491009
  10
49.72998686613303
  20
9.111809691367593
  10
49.803286088832586
  20
8.760846921731048
  10
49.84867637578576
  20
7.860038456051491
  97
1
  330
1641
  75
0
  76
1
  47
0.4128176842155181
  98
1
  10
34.90568961886538
  20
22.81183545379326
  450
0
  451
0
  460
0
  461
0
  452
1
  462
1
  453
2
  463
0
  63
5
  421
255
  463
1
  63
7
  421
16777215
  470
LINEAR
  1001
ACAD
  1010
0
  1020
0
  1030
0
  0
LWPOLYLINE
  5
1641
  100
AcDbEntity
  8
Bottom-Silkscreen-Layer
  100
AcDbPolyline
  90
32
  70
1
  43
0.25400050800101603
  10
49.847853648932166
  20
7.0762154625600395
  10
49.81158989009899
  20
6.8539341711015105
  10
49.73932385926208
  20
6.561464137559014
  10
49.66817393074592
  20
6.339189199172723
  10
49.57339452166751
  20
6.122352490622047
  10
49.401227766531825
  20
5.861825704291558
  10
49.192739853015034
  20
5.698450098622536
  10
48.972210789889196
  20
5.648959665889548
  10
48.773174668597306
  20
5.684003212353625
  10
48.6036164040284
  20
5.7937017106848945
  10
48.403087894490476
  20
6.038371228709671
  10
48.28791889044379
  20
6.246300929982856
  10
48.19485509007557
  20
6.522284741068087
  10
48.064730314930785
  20
6.900730901205653
  10
47.994096982345944
  20
7.216599299800216
  10
47.93641681440939
  20
7.778141001833135
  10
47.912959532490916
  20
8.421580158084417
  10
47.946538268026735
  20
8.901230758971222
  10
48.00387403867575
  20
9.246164463054031
  10
48.089188900074156
  20
9.549612605423563
  10
48.224887809095165
  20
9.883034542611357
  10
48.42885391378102
  20
10.16842090060863
  10
48.55803478524882
  20
10.301193757307834
  10
48.69084458369096
  20
10.339248660012666
  10
48.89049934455493
  20
10.361274761461354
  10
49.04256350246197
  20
10.302750260006112
  10
49.25716127896894
  20
10.117844092522963
  10
49.49283744501929
  20
9.760051770230707
  10
49.646151637525556
  20
9.40427972491009
  10
49.72998686613303
  20
9.111809691367593
  10
49.803286088832586
  20
8.760846921731048
  10
49.84867637578576
  20
7.860038456051491
  0
HATCH
  5
1644
  100
AcDbEntity
  8
Bottom-Silkscreen-Layer
  100
AcDbHatch
  10
0
  20
0
  30
0
  210
0
  220
0
  230
1
  2
SOLID
  70
1
  71
0
  91
1
  92
7
  72
0
  73
1
  93
37
  10
49.505535500565685
  20
9.240497522617853
  10
49.367751074636764
  20
9.593442450792617
  10
49.16689092326638
  20
9.904431689908497
  10
48.99068706659333
  20
10.06038690720368
  10
48.82622460633461
  20
10.094509258193272
  10
48.64856025005327
  20
10.045603308106164
  10
48.50181511692057
  20
9.899253936034635
  10
48.38738592926935
  20
9.718229495688819
  10
48.27899644960531
  20
9.43757617650876
  10
48.192559108158584
  20
9.111809691367597
  10
48.134445254748826
  20
8.760846921731053
  10
48.10117902786282
  20
8.175906854646058
  10
48.134534542934496
  20
7.602662793550982
  10
48.19243155360765
  20
7.251693670842197
  10
48.265762664944944
  20
6.924129266257716
  10
48.37468149599541
  20
6.584862502611089
  10
48.46209462975684
  20
6.403304404197294
  10
48.48971019003606
  20
6.373826149013586
  10
48.5315417050179
  20
6.404295483466401
  10
48.57337321999975
  20
6.434771170991452
  10
48.48742696357417
  20
6.605363866722688
  10
48.357085345692774
  20
6.904491919970467
  10
48.27816096729663
  20
7.1774580217427095
  10
48.2130061026748
  20
7.4973733273527925
  10
48.18296062820011
  20
8.082313394437787
  10
48.21471533365743
  20
8.667253461522776
  10
48.27638158131097
  20
8.959723495065273
  10
48.34716797935694
  20
9.193700792513715
  10
48.46929508415758
  20
9.433719861660373
  10
48.613297794444996
  20
9.605475169611141
  10
48.75468563643807
  20
9.687175678590124
  10
48.88687679530814
  20
9.720148123504654
  10
49.0219060429367
  20
9.686000360226116
  10
49.20784868957426
  20
9.536741281069641
  10
49.43166228238689
  20
9.178974371066339
  10
49.565384095868275
  20
8.901230758971218
  10
49.565811403613935
  20
8.971425854127423
  97
1
  330
1643
  75
0
  76
1
  47
0.4128176842155181
  98
1
  10
34.90568961886538
  20
22.81183545379326
  450
0
  451
0
  460
0
  461
0
  452
1
  462
1
  453
2
  463
0
  63
5
  421
255
  463
1
  63
7
  421
16777215
  470
LINEAR
  1001
ACAD
  1010
0
  1020
0
  1030
0
  0
LWPOLYLINE
  5
1643
  100
AcDbEntity
  8
Bottom-Silkscreen-Layer
  100
AcDbPolyline
  90
37
  70
1
  43
0.25400050800101603
  10
49.505535500565685
  20
9.240497522617853
  10
49.367751074636764
  20
9.593442450792617
  10
49.16689092326638
  20
9.904431689908497
  10
48.99068706659333
  20
10.06038690720368
  10
48.82622460633461
  20
10.094509258193272
  10
48.64856025005327
  20
10.045603308106164
  10
48.50181511692057
  20
9.899253936034635
  10
48.38738592926935
  20
9.718229495688819
  10
48.27899644960531
  20
9.43757617650876
  10
48.192559108158584
  20
9.111809691367597
  10
48.134445254748826
  20
8.760846921731053
  10
48.10117902786282
  20
8.175906854646058
  10
48.134534542934496
  20
7.602662793550982
  10
48.19243155360765
  20
7.251693670842197
  10
48.265762664944944
  20
6.924129266257716
  10
48.37468149599541
  20
6.584862502611089
  10
48.46209462975684
  20
6.403304404197294
  10
48.48971019003606
  20
6.373826149013586
  10
48.5315417050179
  20
6.404295483466401
  10
48.57337321999975
  20
6.434771170991452
  10
48.48742696357417
  20
6.605363866722688
  10
48.357085345692774
  20
6.904491919970467
  10
48.27816096729663
  20
7.1774580217427095
  10
48.2130061026748
  20
7.4973733273527925
  10
48.18296062820011
  20
8.082313394437787
  10
48.21471533365743
  20
8.667253461522776
  10
48.27638158131097
  20
8.959723495065273
  10
48.34716797935694
  20
9.193700792513715
  10
48.46929508415758
  20
9.433719861660373
  10
48.613297794444996
  20
9.605475169611141
  10
48.75468563643807
  20
9.687175678590124
  10
48.88687679530814
  20
9.720148123504654
  10
49.0219060429367
  20
9.686000360226116
  10
49.20784868957426
  20
9.536741281069641
  10
49.43166228238689
  20
9.178974371066339
  10
49.565384095868275
  20
8.901230758971218
  10
49.565811403613935
  20
8.971425854127423
  0
HATCH
  5
1646
  100
AcDbEntity
  8
Bottom-Silkscreen-Layer
  100
AcDbHatch
  10
0
  20
0
  30
0
  210
0
  220
0
  230
1
  2
SOLID
  70
1
  71
0
  91
1
  92
7
  72
0
  73
1
  93
31
  10
49.292053826379465
  20
6.958651860798293
  10
49.111953178175106
  20
6.934256063404881
  10
48.941100234914124
  20
6.92511399245459
  10
48.80191908665237
  20
7.000213659378428
  10
48.67681996081475
  20
7.144466517611461
  10
48.57523551644352
  20
7.368685496102536
  10
48.50124749916887
  20
7.63306224420918
  10
48.475825877165875
  20
8.04462696992275
  10
48.52120340866395
  20
8.5089349013551
  10
48.634459094446484
  20
8.794308553207904
  10
48.79461021088332
  20
8.966203628747898
  10
48.88687679530814
  20
9.029461169020351
  10
49.08065766910117
  20
9.037942520457907
  10
49.2744385428942
  20
9.073576902640104
  10
49.19309700575768
  20
9.221050768497738
  10
49.04485948437895
  20
9.388816347083122
  10
48.91814041574434
  20
9.451222575675697
  10
48.77429077091805
  20
9.431210398126412
  10
48.61794715782688
  20
9.271570398933267
  10
48.488855574544736
  20
8.959723495065273
  10
48.39523691187991
  20
8.551996024983374
  10
48.358386402112394
  20
8.098742439244914
  10
48.395307066882935
  20
7.617363802709412
  10
48.49067322689568
  20
7.146404204644008
  10
48.615185601798956
  20
6.7837454290175465
  10
48.757817100663736
  20
6.566984957333726
  10
48.88998912635116
  20
6.476707800833618
  10
49.01019015743256
  20
6.478861492322256
  10
49.14992616799092
  20
6.55187099847984
  10
49.2961291942821
  20
6.754775419612868
  10
49.367789341002045
  20
6.929980445788795
  97
1
  330
1645
  75
0
  76
1
  47
0.4128176842155181
  98
1
  10
34.90568961886538
  20
22.81183545379326
  450
0
  451
0
  460
0
  461
0
  452
1
  462
1
  453
2
  463
0
  63
5
  421
255
  463
1
  63
7
  421
16777215
  470
LINEAR
  1001
ACAD
  1010
0
  1020
0
  1030
0
  0
LWPOLYLINE
  5
1645
  100
AcDbEntity
  8
Bottom-Silkscreen-Layer
  100
AcDbPolyline
  90
31
  70
1
  43
0.25400050800101603
  10
49.292053826379465
  20
6.958651860798293
  10
49.111953178175106
  20
6.934256063404881
  10
48.941100234914124
  20
6.92511399245459
  10
48.80191908665237
  20
7.000213659378428
  10
48.67681996081475
  20
7.144466517611461
  10
48.57523551644352
  20
7.368685496102536
  10
48.50124749916887
  20
7.63306224420918
  10
48.475825877165875
  20
8.04462696992275
  10
48.52120340866395
  20
8.5089349013551
  10
48.634459094446484
  20
8.794308553207904
  10
48.79461021088332
  20
8.966203628747898
  10
48.88687679530814
  20
9.029461169020351
  10
49.08065766910117
  20
9.037942520457907
  10
49.2744385428942
  20
9.073576902640104
  10
49.19309700575768
  20
9.221050768497738
  10
49.04485948437895
  20
9.388816347083122
  10
48.91814041574434
  20
9.451222575675697
  10
48.77429077091805
  20
9.431210398126412
  10
48.61794715782688
  20
9.271570398933267
  10
48.488855574544736
  20
8.959723495065273
  10
48.39523691187991
  20
8.551996024983374
  10
48.358386402112394
  20
8.098742439244914
  10
48.395307066882935
  20
7.617363802709412
  10
48.49067322689568
  20
7.146404204644008
  10
48.615185601798956
  20
6.7837454290175465
  10
48.757817100663736
  20
6.566984957333726
  10
48.88998912635116
  20
6.476707800833618
  10
49.01019015743256
  20
6.478861492322256
  10
49.14992616799092
  20
6.55187099847984
  10
49.2961291942821
  20
6.754775419612868
  10
49.367789341002045
  20
6.929980445788795
  0
HATCH
  5
1648
  100
AcDbEntity
  8
Bottom-Silkscreen-Layer
  100
AcDbHatch
  10
0
  20
0
  30
0
  210
0
  220
0
  230
1
  2
SOLID
  70
1
  71
0
  91
1
  92
7
  72
0
  73
1
  93
17
  10
49.58300575708109
  20
6.900730901205649
  10
49.47452698923138
  20
6.64335523870514
  10
49.29056143813344
  20
6.391239920017579
  10
49.09022426042192
  20
6.243403929042389
  10
48.92210736227867
  20
6.219382962911008
  10
48.78604492278748
  20
6.238531122635942
  10
48.69224130602379
  20
6.180781695993721
  10
48.652278465213264
  20
6.1159676530229925
  10
48.688070272207945
  20
6.052443283716547
  10
48.817110833669716
  20
5.936315476280558
  10
48.988945946972954
  20
5.883318147672266
  10
49.14162236672451
  20
5.933043644078058
  10
49.28101397999533
  20
6.055880295797236
  10
49.42616468124124
  20
6.292525883585586
  10
49.55269879577697
  20
6.631792647232214
  10
49.609875123237295
  20
6.865636530163662
  10
49.62115732326822
  20
6.97092599636185
  97
1
  330
1647
  75
0
  76
1
  47
0.4128176842155181
  98
1
  10
34.90568961886538
  20
22.81183545379326
  450
0
  451
0
  460
0
  461
0
  452
1
  462
1
  453
2
  463
0
  63
5
  421
255
  463
1
  63
7
  421
16777215
  470
LINEAR
  1001
ACAD
  1010
0
  1020
0
  1030
0
  0
LWPOLYLINE
  5
1647
  100
AcDbEntity
  8
Bottom-Silkscreen-Layer
  100
AcDbPolyline
  90
17
  70
1
  43
0.25400050800101603
  10
49.58300575708109
  20
6.900730901205649
  10
49.47452698923138
  20
6.64335523870514
  10
49.29056143813344
  20
6.391239920017579
  10
49.09022426042192
  20
6.243403929042389
  10
48.92210736227867
  20
6.219382962911008
  10
48.78604492278748
  20
6.238531122635942
  10
48.69224130602379
  20
6.180781695993721
  10
48.652278465213264
  20
6.1159676530229925
  10
48.688070272207945
  20
6.052443283716547
  10
48.817110833669716
  20
5.936315476280558
  10
48.988945946972954
  20
5.883318147672266
  10
49.14162236672451
  20
5.933043644078058
  10
49.28101397999533
  20
6.055880295797236
  10
49.42616468124124
  20
6.292525883585586
  10
49.55269879577697
  20
6.631792647232214
  10
49.609875123237295
  20
6.865636530163662
  10
49.62115732326822
  20
6.97092599636185
  0
HATCH
  5
1650
  100
AcDbEntity
  8
Bottom-Silkscreen-Layer
  100
AcDbHatch
  10
0
  20
0
  30
0
  210
0
  220
0
  230
1
  2
SOLID
  70
1
  71
0
  91
1
  92
7
  72
0
  73
1
  93
15
  10
48.91150757909529
  20
7.403779867144521
  10
48.840753069687054
  20
7.794442985195505
  10
48.80927260651425
  20
8.056418271996236
  10
48.84023647375573
  20
8.262397580092395
  10
48.91231755049378
  20
8.626301557877479
  10
48.938510877529986
  20
8.79910512274749
  10
48.8676288135708
  20
8.777466558705314
  10
48.77068097712636
  20
8.65487132373117
  10
48.70587050979208
  20
8.401593392824086
  10
48.69466484249172
  20
7.930227198135463
  10
48.75272129635355
  20
7.468435083309306
  10
48.85384654434138
  20
7.2298962799940725
  10
48.96388785544015
  20
7.124295513256229
  10
49.02938711734952
  20
7.099613827612111
  10
48.99564256089748
  20
7.187356108289308
  97
1
  330
1649
  75
0
  76
1
  47
0.4128176842155181
  98
1
  10
34.90568961886538
  20
22.81183545379326
  450
0
  451
0
  460
0
  461
0
  452
1
  462
1
  453
2
  463
0
  63
5
  421
255
  463
1
  63
7
  421
16777215
  470
LINEAR
  1001
ACAD
  1010
0
  1020
0
  1030
0
  0
LWPOLYLINE
  5
1649
  100
AcDbEntity
  8
Bottom-Silkscreen-Layer
  100
AcDbPolyline
  90
15
  70
1
  43
0.25400050800101603
  10
48.91150757909529
  20
7.403779867144521
  10
48.840753069687054
  20
7.794442985195505
  10
48.80927260651425
  20
8.056418271996236
  10
48.84023647375573
  20
8.262397580092395
  10
48.91231755049378
  20
8.626301557877479
  10
48.938510877529986
  20
8.79910512274749
  10
48.8676288135708
  20
8.777466558705314
  10
48.77068097712636
  20
8.65487132373117
  10
48.70587050979208
  20
8.401593392824086
  10
48.69466484249172
  20
7.930227198135463
  10
48.75272129635355
  20
7.468435083309306
  10
48.85384654434138
  20
7.2298962799940725
  10
48.96388785544015
  20
7.124295513256229
  10
49.02938711734952
  20
7.099613827612111
  10
48.99564256089748
  20
7.187356108289308
  0
HATCH
  5
1652
  100
AcDbEntity
  8
Bottom-Silkscreen-Layer
  100
AcDbHatch
  10
0
  20
0
  30
0
  210
0
  220
0
  230
1
  2
SOLID
  70
1
  71
0
  91
1
  92
7
  72
0
  73
1
  93
17
  10
49.48275425776722
  20
8.485689010036747
  10
49.43416235158538
  20
8.620456731418638
  10
49.379224606494105
  20
8.73744855667898
  10
49.28751926209344
  20
8.81818339867781
  10
49.226446143101796
  20
8.840425504582585
  10
49.17901498333353
  20
8.79317770634956
  10
49.08587465023475
  20
8.525262297006423
  10
49.04185557470423
  20
8.211001225688042
  10
49.04354567250423
  20
8.117407765479767
  10
49.07306817332005
  20
8.23871332678962
  10
49.142910667689044
  20
8.421306975978187
  10
49.23382517387387
  20
8.50123497780281
  10
49.326837952421705
  20
8.508839605271538
  10
49.41565418624351
  20
8.43287592052335
  10
49.49776742841325
  20
8.242690350010529
  10
49.53348908040491
  20
8.117407765479767
  10
49.52026167347209
  20
8.263407718578216
  97
1
  330
1651
  75
0
  76
1
  47
0.4128176842155181
  98
1
  10
34.90568961886538
  20
22.81183545379326
  450
0
  451
0
  460
0
  461
0
  452
1
  462
1
  453
2
  463
0
  63
5
  421
255
  463
1
  63
7
  421
16777215
  470
LINEAR
  1001
ACAD
  1010
0
  1020
0
  1030
0
  0
LWPOLYLINE
  5
1651
  100
AcDbEntity
  8
Bottom-Silkscreen-Layer
  100
AcDbPolyline
  90
17
  70
1
  43
0.25400050800101603
  10
49.48275425776722
  20
8.485689010036747
  10
49.43416235158538
  20
8.620456731418638
  10
49.379224606494105
  20
8.73744855667898
  10
49.28751926209344
  20
8.81818339867781
  10
49.226446143101796
  20
8.840425504582585
  10
49.17901498333353
  20
8.79317770634956
  10
49.08587465023475
  20
8.525262297006423
  10
49.04185557470423
  20
8.211001225688042
  10
49.04354567250423
  20
8.117407765479767
  10
49.07306817332005
  20
8.23871332678962
  10
49.142910667689044
  20
8.421306975978187
  10
49.23382517387387
  20
8.50123497780281
  10
49.326837952421705
  20
8.508839605271538
  10
49.41565418624351
  20
8.43287592052335
  10
49.49776742841325
  20
8.242690350010529
  10
49.53348908040491
  20
8.117407765479767
  10
49.52026167347209
  20
8.263407718578216
  0
HATCH
  5
1654
  100
AcDbEntity
  8
Bottom-Silkscreen-Layer
  100
AcDbHatch
  10
0
  20
0
  30
0
  210
0
  220
0
  230
1
  2
SOLID
  70
1
  71
0
  91
1
  92
7
  72
0
  73
1
  93
17
  10
49.49647274972117
  20
7.737049330598607
  10
49.424672292995204
  20
7.555440407606906
  10
49.32664024286775
  20
7.481954421031486
  10
49.230872286019526
  20
7.489889408256585
  10
49.149466971607524
  20
7.572885943972094
  10
49.07394829972156
  20
7.758262238800846
  10
49.04354567250423
  20
7.8834304680313245
  10
49.04154944378196
  20
7.808540452491334
  10
49.06456666249967
  20
7.609663879157113
  10
49.13700489198037
  20
7.364683060592681
  10
49.22785562088972
  20
7.204541168692739
  10
49.341162328492636
  20
7.180685382439544
  10
49.411036711499364
  20
7.195970874243856
  10
49.45905462220196
  20
7.317428909287419
  10
49.51674116786606
  20
7.4973733273527925
  10
49.52806163426227
  20
7.707952259749168
  10
49.52971984342454
  20
7.860038456051495
  97
1
  330
1653
  75
0
  76
1
  47
0.4128176842155181
  98
1
  10
34.90568961886538
  20
22.81183545379326
  450
0
  451
0
  460
0
  461
0
  452
1
  462
1
  453
2
  463
0
  63
5
  421
255
  463
1
  63
7
  421
16777215
  470
LINEAR
  1001
ACAD
  1010
0
  1020
0
  1030
0
  0
LWPOLYLINE
  5
1653
  100
AcDbEntity
  8
Bottom-Silkscreen-Layer
  100
AcDbPolyline
  90
17
  70
1
  43
0.25400050800101603
  10
49.49647274972117
  20
7.737049330598607
  10
49.424672292995204
  20
7.555440407606906
  10
49.32664024286775
  20
7.481954421031486
  10
49.230872286019526
  20
7.489889408256585
  10
49.149466971607524
  20
7.572885943972094
  10
49.07394829972156
  20
7.758262238800846
  10
49.04354567250423
  20
7.8834304680313245
  10
49.04154944378196
  20
7.808540452491334
  10
49.06456666249967
  20
7.609663879157113
  10
49.13700489198037
  20
7.364683060592681
  10
49.22785562088972
  20
7.204541168692739
  10
49.341162328492636
  20
7.180685382439544
  10
49.411036711499364
  20
7.195970874243856
  10
49.45905462220196
  20
7.317428909287419
  10
49.51674116786606
  20
7.4973733273527925
  10
49.52806163426227
  20
7.707952259749168
  10
49.52971984342454
  20
7.860038456051495
  0
HATCH
  5
1656
  100
AcDbEntity
  8
Bottom-Silkscreen-Layer
  100
AcDbHatch
  10
0
  20
0
  30
0
  210
0
  220
0
  230
1
  2
SOLID
  70
1
  71
0
  91
1
  92
7
  72
0
  73
1
  93
34
  10
38.719541805984605
  20
-8.122588671064888
  10
37.398319011859016
  20
-8.126934172475588
  10
36.109157054113034
  20
-8.11903095061168
  10
35.97513548743693
  20
-8.07063959937584
  10
35.70765359410886
  20
-7.942720489866365
  10
35.459279372512114
  20
-7.726595325406331
  10
35.27628323600134
  20
-7.455649500605732
  10
35.17129308511993
  20
-7.179411566630989
  10
35.13522065811317
  20
-6.8888093363264264
  10
35.168907815017285
  20
-6.603092618572785
  10
35.26609800510852
  20
-6.334020950082357
  10
35.49665285593849
  20
-6.036805171578174
  10
35.81759286156687
  20
-5.798107541456994
  10
36.146428493898654
  20
-5.705886344852101
  10
37.5374618937555
  20
-5.69367574001092
  10
38.75437057611966
  20
-5.700143167549069
  10
38.747112722170996
  20
-5.7872628471469545
  10
38.73986124594987
  20
-5.874388879817077
  10
37.38927539419714
  20
-5.8860848858069925
  10
36.038689542444416
  20
-5.897787244869145
  10
35.88392122805739
  20
-5.973229977693829
  10
35.617702124783676
  20
-6.167360806066364
  10
35.44059263079893
  20
-6.431184836888312
  10
35.345538979435986
  20
-6.742135957570766
  10
35.31613765544356
  20
-6.907957496051361
  10
35.34436547756732
  20
-7.0697067152274835
  10
35.44003139077478
  20
-7.372335311278331
  10
35.63082748807573
  20
-7.637398191186662
  10
35.84717276193063
  20
-7.808829492453295
  10
36.03640631598253
  20
-7.89139401925663
  10
36.13263984694169
  20
-7.926704394754701
  10
37.412764564753346
  20
-7.93653895057892
  10
38.7222459624646
  20
-7.956697248789675
  10
38.751602642364205
  20
-8.038670939874889
  97
1
  330
1655
  75
0
  76
1
  47
0.4128176842155181
  98
1
  10
34.90568961886538
  20
22.81183545379326
  450
0
  451
0
  460
0
  461
0
  452
1
  462
1
  453
2
  463
0
  63
5
  421
255
  463
1
  63
7
  421
16777215
  470
LINEAR
  1001
ACAD
  1010
0
  1020
0
  1030
0
  0
LWPOLYLINE
  5
1655
  100
AcDbEntity
  8
Bottom-Silkscreen-Layer
  100
AcDbPolyline
  90
34
  70
1
  43
0.25400050800101603
  10
38.719541805984605
  20
-8.122588671064888
  10
37.398319011859016
  20
-8.126934172475588
  10
36.109157054113034
  20
-8.11903095061168
  10
35.97513548743693
  20
-8.07063959937584
  10
35.70765359410886
  20
-7.942720489866365
  10
35.459279372512114
  20
-7.726595325406331
  10
35.27628323600134
  20
-7.455649500605732
  10
35.17129308511993
  20
-7.179411566630989
  10
35.13522065811317
  20
-6.8888093363264264
  10
35.168907815017285
  20
-6.603092618572785
  10
35.26609800510852
  20
-6.334020950082357
  10
35.49665285593849
  20
-6.036805171578174
  10
35.81759286156687
  20
-5.798107541456994
  10
36.146428493898654
  20
-5.705886344852101
  10
37.5374618937555
  20
-5.69367574001092
  10
38.75437057611966
  20
-5.700143167549069
  10
38.747112722170996
  20
-5.7872628471469545
  10
38.73986124594987
  20
-5.874388879817077
  10
37.38927539419714
  20
-5.8860848858069925
  10
36.038689542444416
  20
-5.897787244869145
  10
35.88392122805739
  20
-5.973229977693829
  10
35.617702124783676
  20
-6.167360806066364
  10
35.44059263079893
  20
-6.431184836888312
  10
35.345538979435986
  20
-6.742135957570766
  10
35.31613765544356
  20
-6.907957496051361
  10
35.34436547756732
  20
-7.0697067152274835
  10
35.44003139077478
  20
-7.372335311278331
  10
35.63082748807573
  20
-7.637398191186662
  10
35.84717276193063
  20
-7.808829492453295
  10
36.03640631598253
  20
-7.89139401925663
  10
36.13263984694169
  20
-7.926704394754701
  10
37.412764564753346
  20
-7.93653895057892
  10
38.7222459624646
  20
-7.956697248789675
  10
38.751602642364205
  20
-8.038670939874889
  0
HATCH
  5
1658
  100
AcDbEntity
  8
Bottom-Silkscreen-Layer
  100
AcDbHatch
  10
0
  20
0
  30
0
  210
0
  220
0
  230
1
  2
SOLID
  70
1
  71
0
  91
1
  92
7
  72
0
  73
1
  93
15
  10
38.72970152596724
  20
-1.1814061830651044
  10
38.708514715055564
  20
-1.2147534592416724
  10
36.94249644633567
  20
-1.2139466190674637
  10
35.17647179988823
  20
-1.2131397788932552
  10
35.15564851944673
  20
-1.1805993428908939
  10
35.14046952788449
  20
-0.14196097501079133
  10
35.14612657221882
  20
0.8641369568669535
  10
35.21543333747385
  20
0.8719957072251953
  10
35.31576774724583
  20
0.8375811149126642
  10
35.34679539176279
  20
0.7953141253141268
  10
35.34520733760355
  20
-0.10618047216711718
  10
35.34362566117184
  20
-1.007675069648363
  10
37.01603802268202
  20
-1.0136850759853862
  10
38.7200265132782
  20
-1.0457935030755705
  10
38.75124548962156
  20
-1.1099785918947527
  97
1
  330
1657
  75
0
  76
1
  47
0.4128176842155181
  98
1
  10
34.90568961886538
  20
22.81183545379326
  450
0
  451
0
  460
0
  461
0
  452
1
  462
1
  453
2
  463
0
  63
5
  421
255
  463
1
  63
7
  421
16777215
  470
LINEAR
  1001
ACAD
  1010
0
  1020
0
  1030
0
  0
LWPOLYLINE
  5
1657
  100
AcDbEntity
  8
Bottom-Silkscreen-Layer
  100
AcDbPolyline
  90
15
  70
1
  43
0.25400050800101603
  10
38.72970152596724
  20
-1.1814061830651044
  10
38.708514715055564
  20
-1.2147534592416724
  10
36.94249644633567
  20
-1.2139466190674637
  10
35.17647179988823
  20
-1.2131397788932552
  10
35.15564851944673
  20
-1.1805993428908939
  10
35.14046952788449
  20
-0.14196097501079133
  10
35.14612657221882
  20
0.8641369568669535
  10
35.21543333747385
  20
0.8719957072251953
  10
35.31576774724583
  20
0.8375811149126642
  10
35.34679539176279
  20
0.7953141253141268
  10
35.34520733760355
  20
-0.10618047216711718
  10
35.34362566117184
  20
-1.007675069648363
  10
37.01603802268202
  20
-1.0136850759853862
  10
38.7200265132782
  20
-1.0457935030755705
  10
38.75124548962156
  20
-1.1099785918947527
  0
HATCH
  5
1660
  100
AcDbEntity
  8
Bottom-Silkscreen-Layer
  100
AcDbHatch
  10
0
  20
0
  30
0
  210
0
  220
0
  230
1
  2
SOLID
  70
1
  71
0
  91
1
  92
7
  72
0
  73
1
  93
14
  10
38.73604736487666
  20
-4.289195707313181
  10
38.72420392482159
  20
-4.3184452518963266
  10
36.95360644772282
  20
-4.318445251896326
  10
35.18301534835162
  20
-4.318445251896326
  10
35.15869707321428
  20
-4.273185965273753
  10
35.13438517580449
  20
-3.2690003081396073
  10
35.1486393968724
  20
-2.2730609387702163
  10
35.22615429748063
  20
-2.236054292984635
  10
35.31759177732432
  20
-2.264128519203774
  10
35.34578133308278
  20
-3.2117337149874654
  10
35.34578133308278
  20
-4.131264684552017
  10
37.020508809692565
  20
-4.131264684552017
  10
38.72341946433328
  20
-4.159338910771158
  10
38.74975310137552
  20
-4.223682826396285
  97
1
  330
1659
  75
0
  76
1
  47
0.4128176842155181
  98
1
  10
34.90568961886538
  20
22.81183545379326
  450
0
  451
0
  460
0
  461
0
  452
1
  462
1
  453
2
  463
0
  63
5
  421
255
  463
1
  63
7
  421
16777215
  470
LINEAR
  1001
ACAD
  1010
0
  1020
0
  1030
0
  0
LWPOLYLINE
  5
1659
  100
AcDbEntity
  8
Bottom-Silkscreen-Layer
  100
AcDbPolyline
  90
14
  70
1
  43
0.25400050800101603
  10
38.73604736487666
  20
-4.289195707313181
  10
38.72420392482159
  20
-4.3184452518963266
  10
36.95360644772282
  20
-4.318445251896326
  10
35.18301534835162
  20
-4.318445251896326
  10
35.15869707321428
  20
-4.273185965273753
  10
35.13438517580449
  20
-3.2690003081396073
  10
35.1486393968724
  20
-2.2730609387702163
  10
35.22615429748063
  20
-2.236054292984635
  10
35.31759177732432
  20
-2.264128519203774
  10
35.34578133308278
  20
-3.2117337149874654
  10
35.34578133308278
  20
-4.131264684552017
  10
37.020508809692565
  20
-4.131264684552017
  10
38.72341946433328
  20
-4.159338910771158
  10
38.74975310137552
  20
-4.223682826396285
  0
HATCH
  5
1662
  100
AcDbEntity
  8
Bottom-Silkscreen-Layer
  100
AcDbHatch
  10
0
  20
0
  30
0
  210
0
  220
0
  230
1
  2
SOLID
  70
1
  71
0
  91
1
  92
7
  72
0
  73
1
  93
40
  10
38.8032048359483
  20
-7.713774825630313
  10
38.72948468323064
  20
-7.838485633659665
  10
38.57014353819229
  20
-7.91443025919114
  10
38.40208403959698
  20
-7.888033244042797
  10
38.300537861591025
  20
-7.7918731426504255
  10
38.274293512734445
  20
-7.734504900342476
  10
37.236337487616154
  20
-7.734504900342476
  10
36.11853231360736
  20
-7.708794016995825
  10
35.9682220307758
  20
-7.65185778360005
  10
35.817586483839335
  20
-7.543036009237607
  10
35.650923707576844
  20
-7.332857320392217
  10
35.533650053439594
  20
-7.05579984009879
  10
35.50287114029698
  20
-6.911311918192956
  10
35.53028899102224
  20
-6.76307568366678
  10
35.60941745669991
  20
-6.518342634919625
  10
35.76769989896542
  20
-6.313983360244122
  10
36.00345897547388
  20
-6.145544356001524
  10
36.13263984694169
  20
-6.084967812213452
  10
37.394256399411475
  20
-6.077820605945852
  10
38.70510900854537
  20
-6.096924294165121
  10
38.747106344443445
  20
-6.1976586075687585
  10
38.73986124594987
  20
-6.272148379557761
  10
37.44353710016841
  20
-6.27721813120358
  10
36.14721295438696
  20
-6.282287882849397
  10
36.04308379672442
  20
-6.331041359202797
  10
35.89128112564681
  20
-6.431267426827405
  10
35.79053216358427
  20
-6.576320772162409
  10
35.72682504311564
  20
-6.858206587356616
  10
35.71619974902207
  20
-7.046505295414789
  10
35.7685353812741
  20
-7.167690148352123
  10
35.920497495540374
  20
-7.38035288844252
  10
36.15046559543601
  20
-7.509580730832996
  10
36.28080083558985
  20
-7.547324332998169
  10
37.278615443526306
  20
-7.547324332998169
  10
38.27643642919029
  20
-7.547324332998169
  10
38.31458799537743
  20
-7.489314430394195
  10
38.425841074710156
  20
-7.393649868636378
  10
38.577382258958316
  20
-7.370658100207534
  10
38.72438887892045
  20
-7.453616517489616
  10
38.80164229269924
  20
-7.587266098157646
  97
1
  330
1661
  75
0
  76
1
  47
0.4128176842155181
  98
1
  10
34.90568961886538
  20
22.81183545379326
  450
0
  451
0
  460
0
  461
0
  452
1
  462
1
  453
2
  463
0
  63
5
  421
255
  463
1
  63
7
  421
16777215
  470
LINEAR
  1001
ACAD
  1010
0
  1020
0
  1030
0
  0
LWPOLYLINE
  5
1661
  100
AcDbEntity
  8
Bottom-Silkscreen-Layer
  100
AcDbPolyline
  90
40
  70
1
  43
0.25400050800101603
  10
38.8032048359483
  20
-7.713774825630313
  10
38.72948468323064
  20
-7.838485633659665
  10
38.57014353819229
  20
-7.91443025919114
  10
38.40208403959698
  20
-7.888033244042797
  10
38.300537861591025
  20
-7.7918731426504255
  10
38.274293512734445
  20
-7.734504900342476
  10
37.236337487616154
  20
-7.734504900342476
  10
36.11853231360736
  20
-7.708794016995825
  10
35.9682220307758
  20
-7.65185778360005
  10
35.817586483839335
  20
-7.543036009237607
  10
35.650923707576844
  20
-7.332857320392217
  10
35.533650053439594
  20
-7.05579984009879
  10
35.50287114029698
  20
-6.911311918192956
  10
35.53028899102224
  20
-6.76307568366678
  10
35.60941745669991
  20
-6.518342634919625
  10
35.76769989896542
  20
-6.313983360244122
  10
36.00345897547388
  20
-6.145544356001524
  10
36.13263984694169
  20
-6.084967812213452
  10
37.394256399411475
  20
-6.077820605945852
  10
38.70510900854537
  20
-6.096924294165121
  10
38.747106344443445
  20
-6.1976586075687585
  10
38.73986124594987
  20
-6.272148379557761
  10
37.44353710016841
  20
-6.27721813120358
  10
36.14721295438696
  20
-6.282287882849397
  10
36.04308379672442
  20
-6.331041359202797
  10
35.89128112564681
  20
-6.431267426827405
  10
35.79053216358427
  20
-6.576320772162409
  10
35.72682504311564
  20
-6.858206587356616
  10
35.71619974902207
  20
-7.046505295414789
  10
35.7685353812741
  20
-7.167690148352123
  10
35.920497495540374
  20
-7.38035288844252
  10
36.15046559543601
  20
-7.509580730832996
  10
36.28080083558985
  20
-7.547324332998169
  10
37.278615443526306
  20
-7.547324332998169
  10
38.27643642919029
  20
-7.547324332998169
  10
38.31458799537743
  20
-7.489314430394195
  10
38.425841074710156
  20
-7.393649868636378
  10
38.577382258958316
  20
-7.370658100207534
  10
38.72438887892045
  20
-7.453616517489616
  10
38.80164229269924
  20
-7.587266098157646
  0
HATCH
  5
1664
  100
AcDbEntity
  8
Bottom-Silkscreen-Layer
  100
AcDbHatch
  10
0
  20
0
  30
0
  210
0
  220
0
  230
1
  2
SOLID
  70
1
  71
0
  91
1
  92
7
  72
0
  73
1
  93
7
  10
38.534338975742514
  20
-7.575017374883037
  10
38.46974535114483
  20
-7.567609692653682
  10
38.46974535114483
  20
-7.6368518269742065
  10
38.50497591811536
  20
-7.719568827511249
  10
38.57671259756587
  20
-7.719079640948934
  10
38.60607565519302
  20
-7.643770322641245
  10
38.59893260034019
  20
-7.582418704040153
  97
1
  330
1663
  75
0
  76
1
  47
0.4128176842155181
  98
1
  10
34.90568961886538
  20
22.81183545379326
  450
0
  451
0
  460
0
  461
0
  452
1
  462
1
  453
2
  463
0
  63
5
  421
255
  463
1
  63
7
  421
16777215
  470
LINEAR
  1001
ACAD
  1010
0
  1020
0
  1030
0
  0
LWPOLYLINE
  5
1663
  100
AcDbEntity
  8
Bottom-Silkscreen-Layer
  100
AcDbPolyline
  90
7
  70
1
  43
0.25400050800101603
  10
38.534338975742514
  20
-7.575017374883037
  10
38.46974535114483
  20
-7.567609692653682
  10
38.46974535114483
  20
-7.6368518269742065
  10
38.50497591811536
  20
-7.719568827511249
  10
38.57671259756587
  20
-7.719079640948934
  10
38.60607565519302
  20
-7.643770322641245
  10
38.59893260034019
  20
-7.582418704040153
  0
HATCH
  5
1666
  100
AcDbEntity
  8
Bottom-Silkscreen-Layer
  100
AcDbHatch
  10
0
  20
0
  30
0
  210
0
  220
0
  230
1
  2
SOLID
  70
1
  71
0
  91
1
  92
7
  72
0
  73
1
  93
22
  10
38.70617408904575
  20
-0.8079725969232181
  10
37.15746413104038
  20
-0.8321968613662077
  10
35.59393871194294
  20
-0.8093766258877851
  10
35.53368831980488
  20
-0.7865563904093626
  10
35.53368831980488
  20
-0.1982746073272534
  10
35.53368831980488
  20
0.3900071757548576
  10
35.46322080813626
  20
0.4699478837239509
  10
35.39275329646765
  20
0.6449114931548368
  10
35.432830936374025
  20
0.8075056709385956
  10
35.55365060702751
  20
0.9132462052656719
  10
35.63439901550215
  20
0.9514154632707835
  10
35.7243568625549
  20
0.9245673799935532
  10
35.873653086706454
  20
0.8202245215588085
  10
35.93299146380527
  20
0.6531895462807806
  10
35.93299146380527
  20
0.5636429930880279
  10
35.826591835135936
  20
0.46208913336570734
  10
35.72019220646659
  20
0.36053527364338667
  10
35.726767643567726
  20
-0.13034120588772988
  10
35.7333367029413
  20
-0.6212240384910838
  10
37.19703793047053
  20
-0.6214209837304575
  10
38.70617408904575
  20
-0.6458358403405853
  10
38.751602642364205
  20
-0.7269073951680204
  97
1
  330
1665
  75
0
  76
1
  47
0.4128176842155181
  98
1
  10
34.90568961886538
  20
22.81183545379326
  450
0
  451
0
  460
0
  461
0
  452
1
  462
1
  453
2
  463
0
  63
5
  421
255
  463
1
  63
7
  421
16777215
  470
LINEAR
  1001
ACAD
  1010
0
  1020
0
  1030
0
  0
LWPOLYLINE
  5
1665
  100
AcDbEntity
  8
Bottom-Silkscreen-Layer
  100
AcDbPolyline
  90
22
  70
1
  43
0.25400050800101603
  10
38.70617408904575
  20
-0.8079725969232181
  10
37.15746413104038
  20
-0.8321968613662077
  10
35.59393871194294
  20
-0.8093766258877851
  10
35.53368831980488
  20
-0.7865563904093626
  10
35.53368831980488
  20
-0.1982746073272534
  10
35.53368831980488
  20
0.3900071757548576
  10
35.46322080813626
  20
0.4699478837239509
  10
35.39275329646765
  20
0.6449114931548368
  10
35.432830936374025
  20
0.8075056709385956
  10
35.55365060702751
  20
0.9132462052656719
  10
35.63439901550215
  20
0.9514154632707835
  10
35.7243568625549
  20
0.9245673799935532
  10
35.873653086706454
  20
0.8202245215588085
  10
35.93299146380527
  20
0.6531895462807806
  10
35.93299146380527
  20
0.5636429930880279
  10
35.826591835135936
  20
0.46208913336570734
  10
35.72019220646659
  20
0.36053527364338667
  10
35.726767643567726
  20
-0.13034120588772988
  10
35.7333367029413
  20
-0.6212240384910838
  10
37.19703793047053
  20
-0.6214209837304575
  10
38.70617408904575
  20
-0.6458358403405853
  10
38.751602642364205
  20
-0.7269073951680204
  0
HATCH
  5
1668
  100
AcDbEntity
  8
Bottom-Silkscreen-Layer
  100
AcDbHatch
  10
0
  20
0
  30
0
  210
0
  220
0
  230
1
  2
SOLID
  70
1
  71
0
  91
1
  92
7
  72
0
  73
1
  93
8
  10
35.69075899383643
  20
0.7447563764451728
  10
35.648187662459115
  20
0.770543496658681
  10
35.6030205959701
  20
0.7157291893903533
  10
35.55785990720863
  20
0.6609085290497901
  10
35.58183378505842
  20
0.6162909027232412
  10
35.64725651423723
  20
0.5716669233244568
  10
35.71779418090887
  20
0.6006369327291347
  10
35.74010984959639
  20
0.6742944522549776
  97
1
  330
1667
  75
0
  76
1
  47
0.4128176842155181
  98
1
  10
34.90568961886538
  20
22.81183545379326
  450
0
  451
0
  460
0
  461
0
  452
1
  462
1
  453
2
  463
0
  63
5
  421
255
  463
1
  63
7
  421
16777215
  470
LINEAR
  1001
ACAD
  1010
0
  1020
0
  1030
0
  0
LWPOLYLINE
  5
1667
  100
AcDbEntity
  8
Bottom-Silkscreen-Layer
  100
AcDbPolyline
  90
8
  70
1
  43
0.25400050800101603
  10
35.69075899383643
  20
0.7447563764451728
  10
35.648187662459115
  20
0.770543496658681
  10
35.6030205959701
  20
0.7157291893903533
  10
35.55785990720863
  20
0.6609085290497901
  10
35.58183378505842
  20
0.6162909027232412
  10
35.64725651423723
  20
0.5716669233244568
  10
35.71779418090887
  20
0.6006369327291347
  10
35.74010984959639
  20
0.6742944522549776
  0
HATCH
  5
1670
  100
AcDbEntity
  8
Bottom-Silkscreen-Layer
  100
AcDbHatch
  10
0
  20
0
  30
0
  210
0
  220
0
  230
1
  2
SOLID
  70
1
  71
0
  91
1
  92
7
  72
0
  73
1
  93
22
  10
38.7222459624646
  20
-3.9099300008569324
  10
37.119159499392104
  20
-3.9150442240084153
  10
35.5454297162192
  20
-3.908983393093488
  10
35.53914765458524
  20
-3.313198631698456
  10
35.532859215223745
  20
-2.7174075172311865
  10
35.477424007383796
  20
-2.658063469457262
  10
35.39347397968047
  20
-2.543606520019829
  10
35.3795896668103
  20
-2.4108590756095762
  10
35.476511992344555
  20
-2.2612378713355437
  10
35.64244770766666
  20
-2.1892575628804987
  10
35.79112529224614
  20
-2.227528470041415
  10
35.89457203306115
  20
-2.3305753017396365
  10
35.932468490146405
  20
-2.473640135464188
  10
35.89026068923926
  20
-2.6058920402398886
  10
35.79532821469974
  20
-2.6877831413860087
  10
35.74208694513601
  20
-2.7157048938714374
  10
35.74048613552167
  20
-3.2187538598103087
  10
35.73888532590733
  20
-3.7218028257491804
  10
37.22634996627729
  20
-3.7278318913029174
  10
38.7138209843748
  20
-3.733854603784418
  10
38.73235466062686
  20
-3.762926262344902
  10
38.75124548962155
  20
-3.845376433847954
  97
1
  330
1669
  75
0
  76
1
  47
0.4128176842155181
  98
1
  10
34.90568961886538
  20
22.81183545379326
  450
0
  451
0
  460
0
  461
0
  452
1
  462
1
  453
2
  463
0
  63
5
  421
255
  463
1
  63
7
  421
16777215
  470
LINEAR
  1001
ACAD
  1010
0
  1020
0
  1030
0
  0
LWPOLYLINE
  5
1669
  100
AcDbEntity
  8
Bottom-Silkscreen-Layer
  100
AcDbPolyline
  90
22
  70
1
  43
0.25400050800101603
  10
38.7222459624646
  20
-3.9099300008569324
  10
37.119159499392104
  20
-3.9150442240084153
  10
35.5454297162192
  20
-3.908983393093488
  10
35.53914765458524
  20
-3.313198631698456
  10
35.532859215223745
  20
-2.7174075172311865
  10
35.477424007383796
  20
-2.658063469457262
  10
35.39347397968047
  20
-2.543606520019829
  10
35.3795896668103
  20
-2.4108590756095762
  10
35.476511992344555
  20
-2.2612378713355437
  10
35.64244770766666
  20
-2.1892575628804987
  10
35.79112529224614
  20
-2.227528470041415
  10
35.89457203306115
  20
-2.3305753017396365
  10
35.932468490146405
  20
-2.473640135464188
  10
35.89026068923926
  20
-2.6058920402398886
  10
35.79532821469974
  20
-2.6877831413860087
  10
35.74208694513601
  20
-2.7157048938714374
  10
35.74048613552167
  20
-3.2187538598103087
  10
35.73888532590733
  20
-3.7218028257491804
  10
37.22634996627729
  20
-3.7278318913029174
  10
38.7138209843748
  20
-3.733854603784418
  10
38.73235466062686
  20
-3.762926262344902
  10
38.75124548962155
  20
-3.845376433847954
  0
HATCH
  5
1672
  100
AcDbEntity
  8
Bottom-Silkscreen-Layer
  100
AcDbHatch
  10
0
  20
0
  30
0
  210
0
  220
0
  230
1
  2
SOLID
  70
1
  71
0
  91
1
  92
7
  72
0
  73
1
  93
8
  10
35.71689492132471
  20
-2.3811203444641156
  10
35.652084453990426
  20
-2.353039765172739
  10
35.58489509428106
  20
-2.4017868884539
  10
35.55433302387504
  20
-2.4505276586628244
  10
35.5915279309301
  20
-2.507076354652088
  10
35.65871729063948
  20
-2.563618697569114
  10
35.71689492132471
  20
-2.535544471349976
  10
35.74508447708318
  20
-2.4583292313709264
  97
1
  330
1671
  75
0
  76
1
  47
0.4128176842155181
  98
1
  10
34.90568961886538
  20
22.81183545379326
  450
0
  451
0
  460
0
  461
0
  452
1
  462
1
  453
2
  463
0
  63
5
  421
255
  463
1
  63
7
  421
16777215
  470
LINEAR
  1001
ACAD
  1010
0
  1020
0
  1030
0
  0
LWPOLYLINE
  5
1671
  100
AcDbEntity
  8
Bottom-Silkscreen-Layer
  100
AcDbPolyline
  90
8
  70
1
  43
0.25400050800101603
  10
35.71689492132471
  20
-2.3811203444641156
  10
35.652084453990426
  20
-2.353039765172739
  10
35.58489509428106
  20
-2.4017868884539
  10
35.55433302387504
  20
-2.4505276586628244
  10
35.5915279309301
  20
-2.507076354652088
  10
35.65871729063948
  20
-2.563618697569114
  10
35.71689492132471
  20
-2.535544471349976
  10
35.74508447708318
  20
-2.4583292313709264
  0
HATCH
  5
1674
  100
AcDbEntity
  8
Bottom-Silkscreen-Layer
  100
AcDbHatch
  10
0
  20
0
  30
0
  210
0
  220
0
  230
1
  2
SOLID
  70
1
  71
0
  91
1
  92
7
  72
0
  73
1
  93
22
  10
36.508740818125496
  20
2.136155433405141
  10
36.47456257620025
  20
2.0745052204088696
  10
35.77969640448163
  20
2.057205804705154
  10
34.98877527817519
  20
2.0527332418496944
  10
34.87241363907719
  20
2.096588499507698
  10
34.85817855119191
  20
2.1861032873392605
  10
34.86426290327191
  20
2.24459602343331
  10
35.61002334081688
  20
2.2507775627207574
  10
36.35578377836187
  20
2.256952748935964
  10
36.35578377836187
  20
2.8529344555703706
  10
36.35578377836187
  20
3.448909809132538
  10
35.62177111495876
  20
3.4550913484199857
  10
34.8877520738281
  20
3.4612792407796684
  10
34.88045595351416
  20
3.5365186752927404
  10
34.873153455472654
  20
3.6117581098058102
  10
34.92927745788769
  20
3.625785693307025
  10
35.71676098904623
  20
3.6324373599400714
  10
36.44812689551725
  20
3.625061443071909
  10
36.49003494322966
  20
3.5833154053968768
  10
36.531942990942085
  20
3.541563014649607
  10
36.5374342143602
  20
2.8696811539893914
  10
36.54291906005075
  20
2.1978056464014126
  97
1
  330
1673
  75
0
  76
1
  47
0.4128176842155181
  98
1
  10
34.90568961886538
  20
22.81183545379326
  450
0
  451
0
  460
0
  461
0
  452
1
  462
1
  453
2
  463
0
  63
5
  421
255
  463
1
  63
7
  421
16777215
  470
LINEAR
  1001
ACAD
  1010
0
  1020
0
  1030
0
  0
LWPOLYLINE
  5
1673
  100
AcDbEntity
  8
Bottom-Silkscreen-Layer
  100
AcDbPolyline
  90
22
  70
1
  43
0.25400050800101603
  10
36.508740818125496
  20
2.136155433405141
  10
36.47456257620025
  20
2.0745052204088696
  10
35.77969640448163
  20
2.057205804705154
  10
34.98877527817519
  20
2.0527332418496944
  10
34.87241363907719
  20
2.096588499507698
  10
34.85817855119191
  20
2.1861032873392605
  10
34.86426290327191
  20
2.24459602343331
  10
35.61002334081688
  20
2.2507775627207574
  10
36.35578377836187
  20
2.256952748935964
  10
36.35578377836187
  20
2.8529344555703706
  10
36.35578377836187
  20
3.448909809132538
  10
35.62177111495876
  20
3.4550913484199857
  10
34.8877520738281
  20
3.4612792407796684
  10
34.88045595351416
  20
3.5365186752927404
  10
34.873153455472654
  20
3.6117581098058102
  10
34.92927745788769
  20
3.625785693307025
  10
35.71676098904623
  20
3.6324373599400714
  10
36.44812689551725
  20
3.625061443071909
  10
36.49003494322966
  20
3.5833154053968768
  10
36.531942990942085
  20
3.541563014649607
  10
36.5374342143602
  20
2.8696811539893914
  10
36.54291906005075
  20
2.1978056464014126
  0
HATCH
  5
1676
  100
AcDbEntity
  8
Bottom-Silkscreen-Layer
  100
AcDbHatch
  10
0
  20
0
  30
0
  210
0
  220
0
  230
1
  2
SOLID
  70
1
  71
0
  91
1
  92
7
  72
0
  73
1
  93
22
  10
38.733987358878935
  20
2.084549427616938
  10
38.65765233786693
  20
2.068876398406118
  10
37.901062518946866
  20
2.066525761678106
  10
37.203198815281084
  20
2.0691178151511562
  10
37.15530845912944
  20
2.120323577388373
  10
37.10741172525023
  20
2.17152933962559
  10
37.10750101343589
  20
2.523934256660134
  10
37.123069046378525
  20
3.213566601152953
  10
37.13856054659059
  20
3.550794028611229
  10
37.18203113755205
  20
3.5941029220567766
  10
37.22550810624107
  20
3.6374054624300864
  10
37.98268467609547
  20
3.6312302762148763
  10
38.739861245949875
  20
3.625061443071909
  10
38.739861245949875
  20
3.5431703419257867
  10
38.739861245949875
  20
3.4612792407796684
  10
38.0289359562675
  20
3.4550849953477463
  10
37.318004288857594
  20
3.448890749915826
  10
37.324279972763996
  20
2.8584425692006024
  10
37.330555656670406
  20
2.267994388485379
  10
38.02230311961846
  20
2.261787436908982
  10
38.73246945972271
  20
2.226686712794761
  10
38.75124548962156
  20
2.1465363534418174
  97
1
  330
1675
  75
0
  76
1
  47
0.4128176842155181
  98
1
  10
34.90568961886538
  20
22.81183545379326
  450
0
  451
0
  460
0
  461
0
  452
1
  462
1
  453
2
  463
0
  63
5
  421
255
  463
1
  63
7
  421
16777215
  470
LINEAR
  1001
ACAD
  1010
0
  1020
0
  1030
0
  0
LWPOLYLINE
  5
1675
  100
AcDbEntity
  8
Bottom-Silkscreen-Layer
  100
AcDbPolyline
  90
22
  70
1
  43
0.25400050800101603
  10
38.733987358878935
  20
2.084549427616938
  10
38.65765233786693
  20
2.068876398406118
  10
37.901062518946866
  20
2.066525761678106
  10
37.203198815281084
  20
2.0691178151511562
  10
37.15530845912944
  20
2.120323577388373
  10
37.10741172525023
  20
2.17152933962559
  10
37.10750101343589
  20
2.523934256660134
  10
37.123069046378525
  20
3.213566601152953
  10
37.13856054659059
  20
3.550794028611229
  10
37.18203113755205
  20
3.5941029220567766
  10
37.22550810624107
  20
3.6374054624300864
  10
37.98268467609547
  20
3.6312302762148763
  10
38.739861245949875
  20
3.625061443071909
  10
38.739861245949875
  20
3.5431703419257867
  10
38.739861245949875
  20
3.4612792407796684
  10
38.0289359562675
  20
3.4550849953477463
  10
37.318004288857594
  20
3.448890749915826
  10
37.324279972763996
  20
2.8584425692006024
  10
37.330555656670406
  20
2.267994388485379
  10
38.02230311961846
  20
2.261787436908982
  10
38.73246945972271
  20
2.226686712794761
  10
38.75124548962156
  20
2.1465363534418174
  0
HATCH
  5
1678
  100
AcDbEntity
  8
Bottom-Silkscreen-Layer
  100
AcDbHatch
  10
0
  20
0
  30
0
  210
0
  220
0
  230
1
  2
SOLID
  70
1
  71
0
  91
1
  92
7
  72
0
  73
1
  93
16
  10
37.982933407469815
  20
9.915130263557069
  10
37.36997001291188
  20
9.881090502506567
  10
36.775546672333554
  20
9.874349892862192
  10
36.75304604954716
  20
9.908389653912687
  10
36.73694228749057
  20
10.468876745954125
  10
36.74333914822038
  20
10.995324076945064
  10
36.806772026404474
  20
11.10279899999308
  10
36.94919306026019
  20
11.270297749544474
  10
37.12065188763815
  20
11.37049205180789
  10
37.3565448964251
  20
11.412111028038163
  10
37.49997998896082
  20
11.413553175436158
  10
37.63145684234561
  20
11.349476088845021
  10
37.8238537492609
  20
11.213278926209604
  10
37.936293085917406
  20
11.044839921967009
  10
37.98780599131584
  20
10.94852734684093
  10
37.99463653751886
  20
10.445478380902058
  97
1
  330
1677
  75
0
  76
1
  47
0.4128176842155181
  98
1
  10
34.90568961886538
  20
22.81183545379326
  450
0
  451
0
  460
0
  461
0
  452
1
  462
1
  453
2
  463
0
  63
5
  421
255
  463
1
  63
7
  421
16777215
  470
LINEAR
  1001
ACAD
  1010
0
  1020
0
  1030
0
  0
LWPOLYLINE
  5
1677
  100
AcDbEntity
  8
Bottom-Silkscreen-Layer
  100
AcDbPolyline
  90
16
  70
1
  43
0.25400050800101603
  10
37.982933407469815
  20
9.915130263557069
  10
37.36997001291188
  20
9.881090502506567
  10
36.775546672333554
  20
9.874349892862192
  10
36.75304604954716
  20
9.908389653912687
  10
36.73694228749057
  20
10.468876745954125
  10
36.74333914822038
  20
10.995324076945064
  10
36.806772026404474
  20
11.10279899999308
  10
36.94919306026019
  20
11.270297749544474
  10
37.12065188763815
  20
11.37049205180789
  10
37.3565448964251
  20
11.412111028038163
  10
37.49997998896082
  20
11.413553175436158
  10
37.63145684234561
  20
11.349476088845021
  10
37.8238537492609
  20
11.213278926209604
  10
37.936293085917406
  20
11.044839921967009
  10
37.98780599131584
  20
10.94852734684093
  10
37.99463653751886
  20
10.445478380902058
  0
HATCH
  5
1680
  100
AcDbEntity
  8
Bottom-Silkscreen-Layer
  100
AcDbHatch
  10
0
  20
0
  30
0
  210
0
  220
0
  230
1
  2
SOLID
  70
1
  71
0
  91
1
  92
7
  72
0
  73
1
  93
12
  10
37.78578509353188
  20
10.901730616736796
  10
37.71346804087459
  20
11.060195297565937
  10
37.576142811329056
  20
11.171335943295201
  10
37.369593726986594
  20
11.21759901533136
  10
37.1739633122049
  20
11.184251739154787
  10
37.03046444239371
  20
11.087773984150521
  10
36.94342759455755
  20
10.939785519441623
  10
36.919638670806634
  20
10.463025566423049
  10
36.91950473852814
  20
10.071117246213442
  10
37.36578622364094
  20
10.071117246213442
  10
37.81206770875374
  20
10.071117246213442
  10
37.81193377647525
  20
10.439627201370978
  97
1
  330
1679
  75
0
  76
1
  47
0.4128176842155181
  98
1
  10
34.90568961886538
  20
22.81183545379326
  450
0
  451
0
  460
0
  461
0
  452
1
  462
1
  453
2
  463
0
  63
5
  421
255
  463
1
  63
7
  421
16777215
  470
LINEAR
  1001
ACAD
  1010
0
  1020
0
  1030
0
  0
LWPOLYLINE
  5
1679
  100
AcDbEntity
  8
Bottom-Silkscreen-Layer
  100
AcDbPolyline
  90
12
  70
1
  43
0.25400050800101603
  10
37.78578509353188
  20
10.901730616736796
  10
37.71346804087459
  20
11.060195297565937
  10
37.576142811329056
  20
11.171335943295201
  10
37.369593726986594
  20
11.21759901533136
  10
37.1739633122049
  20
11.184251739154787
  10
37.03046444239371
  20
11.087773984150521
  10
36.94342759455755
  20
10.939785519441623
  10
36.919638670806634
  20
10.463025566423049
  10
36.91950473852814
  20
10.071117246213442
  10
37.36578622364094
  20
10.071117246213442
  10
37.81206770875374
  20
10.071117246213442
  10
37.81193377647525
  20
10.439627201370978
  0
HATCH
  5
1682
  100
AcDbEntity
  8
Bottom-Silkscreen-Layer
  100
AcDbHatch
  10
0
  20
0
  30
0
  210
0
  220
0
  230
1
  2
SOLID
  70
1
  71
0
  91
1
  92
7
  72
0
  73
1
  93
18
  10
38.04039035494221
  20
9.042319787229797
  10
37.93156718980495
  20
8.931179141500529
  10
37.79568332668507
  20
8.877832393919151
  10
37.67204470045575
  20
8.91246299068777
  10
37.558259663286805
  20
9.006056450896045
  10
37.51170225219251
  20
9.06501296126346
  10
36.21029505755597
  20
9.06501296126346
  10
34.88070468488849
  20
9.093093540554838
  10
34.85252150685758
  20
9.173606025025338
  10
34.88188456448472
  20
9.244588901139037
  10
36.20889195749558
  20
9.25591642893916
  10
37.506542670606855
  20
9.248692985804704
  10
37.52863511883023
  20
9.306575826963916
  10
37.60441527754563
  20
9.401922735109846
  10
37.75269744301719
  20
9.439291506012985
  10
37.9196472170193
  20
9.395258362332319
  10
38.03121280500184
  20
9.268971992387975
  10
38.07009143212936
  20
9.143371754245324
  97
1
  330
1681
  75
0
  76
1
  47
0.4128176842155181
  98
1
  10
34.90568961886538
  20
22.81183545379326
  450
0
  451
0
  460
0
  461
0
  452
1
  462
1
  453
2
  463
0
  63
5
  421
255
  463
1
  63
7
  421
16777215
  470
LINEAR
  1001
ACAD
  1010
0
  1020
0
  1030
0
  0
LWPOLYLINE
  5
1681
  100
AcDbEntity
  8
Bottom-Silkscreen-Layer
  100
AcDbPolyline
  90
18
  70
1
  43
0.25400050800101603
  10
38.04039035494221
  20
9.042319787229797
  10
37.93156718980495
  20
8.931179141500529
  10
37.79568332668507
  20
8.877832393919151
  10
37.67204470045575
  20
8.91246299068777
  10
37.558259663286805
  20
9.006056450896045
  10
37.51170225219251
  20
9.06501296126346
  10
36.21029505755597
  20
9.06501296126346
  10
34.88070468488849
  20
9.093093540554838
  10
34.85252150685758
  20
9.173606025025338
  10
34.88188456448472
  20
9.244588901139037
  10
36.20889195749558
  20
9.25591642893916
  10
37.506542670606855
  20
9.248692985804704
  10
37.52863511883023
  20
9.306575826963916
  10
37.60441527754563
  20
9.401922735109846
  10
37.75269744301719
  20
9.439291506012985
  10
37.9196472170193
  20
9.395258362332319
  10
38.03121280500184
  20
9.268971992387975
  10
38.07009143212936
  20
9.143371754245324
  0
HATCH
  5
1684
  100
AcDbEntity
  8
Bottom-Silkscreen-Layer
  100
AcDbHatch
  10
0
  20
0
  30
0
  210
0
  220
0
  230
1
  2
SOLID
  70
1
  71
0
  91
1
  92
7
  72
0
  73
1
  93
6
  10
37.82184476508354
  20
9.230427903120832
  10
37.74550336634399
  20
9.236590383191562
  10
37.706369630114594
  20
9.158606421471735
  10
37.74427884265494
  20
9.081391181492686
  10
37.820620241394494
  20
9.07225546361463
  10
37.85904604986615
  20
9.143308223522943
  97
1
  330
1683
  75
0
  76
1
  47
0.4128176842155181
  98
1
  10
34.90568961886538
  20
22.81183545379326
  450
0
  451
0
  460
0
  461
0
  452
1
  462
1
  453
2
  463
0
  63
5
  421
255
  463
1
  63
7
  421
16777215
  470
LINEAR
  1001
ACAD
  1010
0
  1020
0
  1030
0
  0
LWPOLYLINE
  5
1683
  100
AcDbEntity
  8
Bottom-Silkscreen-Layer
  100
AcDbPolyline
  90
6
  70
1
  43
0.25400050800101603
  10
37.82184476508354
  20
9.230427903120832
  10
37.74550336634399
  20
9.236590383191562
  10
37.706369630114594
  20
9.158606421471735
  10
37.74427884265494
  20
9.081391181492686
  10
37.820620241394494
  20
9.07225546361463
  10
37.85904604986615
  20
9.143308223522943
  0
HATCH
  5
1686
  100
AcDbEntity
  8
Bottom-Silkscreen-Layer
  100
AcDbHatch
  10
0
  20
0
  30
0
  210
0
  220
0
  230
1
  2
SOLID
  70
1
  71
0
  91
1
  92
7
  72
0
  73
1
  93
9
  10
38.714452379401976
  20
1.2643995670693562
  10
36.813806659888996
  20
1.250200450617721
  10
34.91316094037602
  20
1.2643995670693562
  10
34.87601067741378
  20
1.3579930272776286
  10
34.88188456448472
  20
1.4397443608345148
  10
36.76682831877658
  20
1.4519422595312226
  10
38.6987567919084
  20
1.4491342016020847
  10
38.751602642364205
  20
1.436485234776488
  10
38.751602642364205
  20
1.3575419591487417
  97
1
  330
1685
  75
0
  76
1
  47
0.4128176842155181
  98
1
  10
34.90568961886538
  20
22.81183545379326
  450
0
  451
0
  460
0
  461
0
  452
1
  462
1
  453
2
  463
0
  63
5
  421
255
  463
1
  63
7
  421
16777215
  470
LINEAR
  1001
ACAD
  1010
0
  1020
0
  1030
0
  0
LWPOLYLINE
  5
1685
  100
AcDbEntity
  8
Bottom-Silkscreen-Layer
  100
AcDbPolyline
  90
9
  70
1
  43
0.25400050800101603
  10
38.714452379401976
  20
1.2643995670693562
  10
36.813806659888996
  20
1.250200450617721
  10
34.91316094037602
  20
1.2643995670693562
  10
34.87601067741378
  20
1.3579930272776286
  10
34.88188456448472
  20
1.4397443608345148
  10
36.76682831877658
  20
1.4519422595312226
  10
38.6987567919084
  20
1.4491342016020847
  10
38.751602642364205
  20
1.436485234776488
  10
38.751602642364205
  20
1.3575419591487417
  0
HATCH
  5
1688
  100
AcDbEntity
  8
Bottom-Silkscreen-Layer
  100
AcDbHatch
  10
0
  20
0
  30
0
  210
0
  220
0
  230
1
  2
SOLID
  70
1
  71
0
  91
1
  92
7
  72
0
  73
1
  93
11
  10
38.73604736487667
  20
4.274345425782027
  10
38.72420392482159
  20
4.245095881198883
  10
36.80055374204599
  20
4.245095881198883
  10
34.87690355927038
  20
4.245095881198883
  10
34.86217738636398
  20
4.303537792715032
  10
34.86099750676776
  20
4.397131252923303
  10
34.87453742235039
  20
4.43227644854319
  10
36.79881262242561
  20
4.43227644854319
  10
38.72309420022838
  20
4.43227644854319
  10
38.737348421296296
  20
4.395269802757609
  10
38.74975310137552
  20
4.330925887132481
  97
1
  330
1687
  75
0
  76
1
  47
0.4128176842155181
  98
1
  10
34.90568961886538
  20
22.81183545379326
  450
0
  451
0
  460
0
  461
0
  452
1
  462
1
  453
2
  463
0
  63
5
  421
255
  463
1
  63
7
  421
16777215
  470
LINEAR
  1001
ACAD
  1010
0
  1020
0
  1030
0
  0
LWPOLYLINE
  5
1687
  100
AcDbEntity
  8
Bottom-Silkscreen-Layer
  100
AcDbPolyline
  90
11
  70
1
  43
0.25400050800101603
  10
38.73604736487667
  20
4.274345425782027
  10
38.72420392482159
  20
4.245095881198883
  10
36.80055374204599
  20
4.245095881198883
  10
34.87690355927038
  20
4.245095881198883
  10
34.86217738636398
  20
4.303537792715032
  10
34.86099750676776
  20
4.397131252923303
  10
34.87453742235039
  20
4.43227644854319
  10
36.79881262242561
  20
4.43227644854319
  10
38.72309420022838
  20
4.43227644854319
  10
38.737348421296296
  20
4.395269802757609
  10
38.74975310137552
  20
4.330925887132481
  0
HATCH
  5
1690
  100
AcDbEntity
  8
Bottom-Silkscreen-Layer
  100
AcDbHatch
  10
0
  20
0
  30
0
  210
0
  220
0
  230
1
  2
SOLID
  70
1
  71
0
  91
1
  92
7
  72
0
  73
1
  93
10
  10
45.336804044364975
  20
-7.883287499081112
  10
45.056541185032394
  20
-8.108866035031093
  10
44.95120663686344
  20
-8.036777724348005
  10
44.89967459828235
  20
-7.964695766737154
  10
44.92865499225666
  20
-7.910758183437652
  10
45.11374302340291
  20
-7.738596278863665
  10
45.3387428735393
  20
-7.548753774251691
  10
45.4465711131792
  20
-7.477129237841965
  10
45.524385766982164
  20
-7.519917179364008
  10
45.56325801638212
  20
-7.6102070420085886
  97
1
  330
1689
  75
0
  76
1
  47
0.4128176842155181
  98
1
  10
34.90568961886538
  20
22.81183545379326
  450
0
  451
0
  460
0
  461
0
  452
1
  462
1
  453
2
  463
0
  63
5
  421
255
  463
1
  63
7
  421
16777215
  470
LINEAR
  1001
ACAD
  1010
0
  1020
0
  1030
0
  0
LWPOLYLINE
  5
1689
  100
AcDbEntity
  8
Bottom-Silkscreen-Layer
  100
AcDbPolyline
  90
10
  70
1
  43
0.25400050800101603
  10
45.336804044364975
  20
-7.883287499081112
  10
45.056541185032394
  20
-8.108866035031093
  10
44.95120663686344
  20
-8.036777724348005
  10
44.89967459828235
  20
-7.964695766737154
  10
44.92865499225666
  20
-7.910758183437652
  10
45.11374302340291
  20
-7.738596278863665
  10
45.3387428735393
  20
-7.548753774251691
  10
45.4465711131792
  20
-7.477129237841965
  10
45.524385766982164
  20
-7.519917179364008
  10
45.56325801638212
  20
-7.6102070420085886
  0
HATCH
  5
1692
  100
AcDbEntity
  8
Bottom-Silkscreen-Layer
  100
AcDbHatch
  10
0
  20
0
  30
0
  210
0
  220
0
  230
1
  2
SOLID
  70
1
  71
0
  91
1
  92
7
  72
0
  73
1
  93
9
  10
46.33380230317538
  20
-6.868790805704906
  10
46.109114961688796
  20
-7.108612929612191
  10
45.94761814473951
  20
-7.243151940393522
  10
45.85417805844601
  20
-7.184112840087014
  10
45.80239728849058
  20
-7.091802700470791
  10
46.018755317800576
  20
-6.834020441347054
  10
46.268743104466765
  20
-6.587572063095675
  10
46.37109925387119
  20
-6.613626012343173
  10
46.43174506511718
  20
-6.712556053231254
  97
1
  330
1691
  75
0
  76
1
  47
0.4128176842155181
  98
1
  10
34.90568961886538
  20
22.81183545379326
  450
0
  451
0
  460
0
  461
0
  452
1
  462
1
  453
2
  463
0
  63
5
  421
255
  463
1
  63
7
  421
16777215
  470
LINEAR
  1001
ACAD
  1010
0
  1020
0
  1030
0
  0
LWPOLYLINE
  5
1691
  100
AcDbEntity
  8
Bottom-Silkscreen-Layer
  100
AcDbPolyline
  90
9
  70
1
  43
0.25400050800101603
  10
46.33380230317538
  20
-6.868790805704906
  10
46.109114961688796
  20
-7.108612929612191
  10
45.94761814473951
  20
-7.243151940393522
  10
45.85417805844601
  20
-7.184112840087014
  10
45.80239728849058
  20
-7.091802700470791
  10
46.018755317800576
  20
-6.834020441347054
  10
46.268743104466765
  20
-6.587572063095675
  10
46.37109925387119
  20
-6.613626012343173
  10
46.43174506511718
  20
-6.712556053231254
  0
HATCH
  5
1694
  100
AcDbEntity
  8
Bottom-Silkscreen-Layer
  100
AcDbHatch
  10
0
  20
0
  30
0
  210
0
  220
0
  230
1
  2
SOLID
  70
1
  71
0
  91
1
  92
7
  72
0
  73
1
  93
11
  10
47.14742813954973
  20
-5.8392945087750965
  10
47.013521371969475
  20
-6.014397885795216
  10
46.858261972561316
  20
-6.195727273608447
  10
46.75109063885878
  20
-6.283850738619914
  10
46.659870001751685
  20
-6.218223502402738
  10
46.5967496322174
  20
-6.133085981343067
  10
46.72152987167767
  20
-5.958884740580724
  10
46.92315535035371
  20
-5.704755497993762
  10
47.041838482278884
  20
-5.605317211326651
  10
47.14555946537842
  20
-5.653810211718299
  10
47.2063009425376
  20
-5.7298501333333425
  97
1
  330
1693
  75
0
  76
1
  47
0.4128176842155181
  98
1
  10
34.90568961886538
  20
22.81183545379326
  450
0
  451
0
  460
0
  461
0
  452
1
  462
1
  453
2
  463
0
  63
5
  421
255
  463
1
  63
7
  421
16777215
  470
LINEAR
  1001
ACAD
  1010
0
  1020
0
  1030
0
  0
LWPOLYLINE
  5
1693
  100
AcDbEntity
  8
Bottom-Silkscreen-Layer
  100
AcDbPolyline
  90
11
  70
1
  43
0.25400050800101603
  10
47.14742813954973
  20
-5.8392945087750965
  10
47.013521371969475
  20
-6.014397885795216
  10
46.858261972561316
  20
-6.195727273608447
  10
46.75109063885878
  20
-6.283850738619914
  10
46.659870001751685
  20
-6.218223502402738
  10
46.5967496322174
  20
-6.133085981343067
  10
46.72152987167767
  20
-5.958884740580724
  10
46.92315535035371
  20
-5.704755497993762
  10
47.041838482278884
  20
-5.605317211326651
  10
47.14555946537842
  20
-5.653810211718299
  10
47.2063009425376
  20
-5.7298501333333425
  0
HATCH
  5
1696
  100
AcDbEntity
  8
Bottom-Silkscreen-Layer
  100
AcDbHatch
  10
0
  20
0
  30
0
  210
0
  220
0
  230
1
  2
SOLID
  70
1
  71
0
  91
1
  92
7
  72
0
  73
1
  93
11
  10
48.914147958299814
  20
-2.7771073370504364
  10
48.781172338941445
  20
-3.0458613519289695
  10
48.67825494951286
  20
-3.1447024498057212
  10
48.578826177052576
  20
-3.123724605276281
  10
48.510016874546224
  20
-3.051706178387808
  10
48.56656180697938
  20
-2.8624227441327665
  10
48.68738147763285
  20
-2.587074240271324
  10
48.76251110813844
  20
-2.4291432175101626
  10
48.82786368231423
  20
-2.399836495276877
  10
48.93068540582961
  20
-2.4483294956685233
  10
48.99048297931182
  20
-2.5477677823356353
  97
1
  330
1695
  75
0
  76
1
  47
0.4128176842155181
  98
1
  10
34.90568961886538
  20
22.81183545379326
  450
0
  451
0
  460
0
  461
0
  452
1
  462
1
  453
2
  463
0
  63
5
  421
255
  463
1
  63
7
  421
16777215
  470
LINEAR
  1001
ACAD
  1010
0
  1020
0
  1030
0
  0
LWPOLYLINE
  5
1695
  100
AcDbEntity
  8
Bottom-Silkscreen-Layer
  100
AcDbPolyline
  90
11
  70
1
  43
0.25400050800101603
  10
48.914147958299814
  20
-2.7771073370504364
  10
48.781172338941445
  20
-3.0458613519289695
  10
48.67825494951286
  20
-3.1447024498057212
  10
48.578826177052576
  20
-3.123724605276281
  10
48.510016874546224
  20
-3.051706178387808
  10
48.56656180697938
  20
-2.8624227441327665
  10
48.68738147763285
  20
-2.587074240271324
  10
48.76251110813844
  20
-2.4291432175101626
  10
48.82786368231423
  20
-2.399836495276877
  10
48.93068540582961
  20
-2.4483294956685233
  10
48.99048297931182
  20
-2.5477677823356353
  0
HATCH
  5
1698
  100
AcDbEntity
  8
Bottom-Silkscreen-Layer
  100
AcDbHatch
  10
0
  20
0
  30
0
  210
0
  220
0
  230
1
  2
SOLID
  70
1
  71
0
  91
1
  92
7
  72
0
  73
1
  93
11
  10
47.799117095774044
  20
-4.833190223825115
  10
47.63455896960212
  20
-5.108113071846619
  10
47.48689544370263
  20
-5.254348088617867
  10
47.393812510151776
  20
-5.230130177247114
  10
47.348383956833324
  20
-5.127705946628203
  10
47.38558524161593
  20
-5.018744404676529
  10
47.52880349141504
  20
-4.8049063462221255
  10
47.673635306283586
  20
-4.6019828658723805
  10
47.74768710083371
  20
-4.593730225035391
  10
47.82402212184572
  20
-4.640990729412891
  10
47.86439313721927
  20
-4.690582811301689
  97
1
  330
1697
  75
0
  76
1
  47
0.4128176842155181
  98
1
  10
34.90568961886538
  20
22.81183545379326
  450
0
  451
0
  460
0
  461
0
  452
1
  462
1
  453
2
  463
0
  63
5
  421
255
  463
1
  63
7
  421
16777215
  470
LINEAR
  1001
ACAD
  1010
0
  1020
0
  1030
0
  0
LWPOLYLINE
  5
1697
  100
AcDbEntity
  8
Bottom-Silkscreen-Layer
  100
AcDbPolyline
  90
11
  70
1
  43
0.25400050800101603
  10
47.799117095774044
  20
-4.833190223825115
  10
47.63455896960212
  20
-5.108113071846619
  10
47.48689544370263
  20
-5.254348088617867
  10
47.393812510151776
  20
-5.230130177247114
  10
47.348383956833324
  20
-5.127705946628203
  10
47.38558524161593
  20
-5.018744404676529
  10
47.52880349141504
  20
-4.8049063462221255
  10
47.673635306283586
  20
-4.6019828658723805
  10
47.74768710083371
  20
-4.593730225035391
  10
47.82402212184572
  20
-4.640990729412891
  10
47.86439313721927
  20
-4.690582811301689
  0
HATCH
  5
1700
  100
AcDbEntity
  8
Bottom-Silkscreen-Layer
  100
AcDbHatch
  10
0
  20
0
  30
0
  210
0
  220
0
  230
1
  2
SOLID
  70
1
  71
0
  91
1
  92
7
  72
0
  73
1
  93
10
  10
48.30553417392905
  20
-3.96748248225978
  10
48.18222081180463
  20
-4.21315578569814
  10
48.130765305954114
  20
-4.220449112627213
  10
48.01919334024403
  20
-4.18851221848745
  10
47.96083075545994
  20
-4.099327790412258
  10
48.08414411758435
  20
-3.8165017205268454
  10
48.244040124919294
  20
-3.560993861264267
  10
48.355605712901834
  20
-3.568573076444043
  10
48.42885391378101
  20
-3.5987946410795812
  10
48.42885391378101
  20
-3.660298733414382
  97
1
  330
1699
  75
0
  76
1
  47
0.4128176842155181
  98
1
  10
34.90568961886538
  20
22.81183545379326
  450
0
  451
0
  460
0
  461
0
  452
1
  462
1
  453
2
  463
0
  63
5
  421
255
  463
1
  63
7
  421
16777215
  470
LINEAR
  1001
ACAD
  1010
0
  1020
0
  1030
0
  0
LWPOLYLINE
  5
1699
  100
AcDbEntity
  8
Bottom-Silkscreen-Layer
  100
AcDbPolyline
  90
10
  70
1
  43
0.25400050800101603
  10
48.30553417392905
  20
-3.96748248225978
  10
48.18222081180463
  20
-4.21315578569814
  10
48.130765305954114
  20
-4.220449112627213
  10
48.01919334024403
  20
-4.18851221848745
  10
47.96083075545994
  20
-4.099327790412258
  10
48.08414411758435
  20
-3.8165017205268454
  10
48.244040124919294
  20
-3.560993861264267
  10
48.355605712901834
  20
-3.568573076444043
  10
48.42885391378101
  20
-3.5987946410795812
  10
48.42885391378101
  20
-3.660298733414382
  0
HATCH
  5
1702
  100
AcDbEntity
  8
Bottom-Silkscreen-Layer
  100
AcDbHatch
  10
0
  20
0
  30
0
  210
0
  220
0
  230
1
  2
SOLID
  70
1
  71
0
  91
1
  92
7
  72
0
  73
1
  93
11
  10
49.388185313697875
  20
-1.5692231247535249
  10
49.31690145290322
  20
-1.7680996980877492
  10
49.236637751722164
  20
-1.9702862220579007
  10
49.1694228811026
  20
-2.0570691888271786
  10
49.05186860695328
  20
-2.03590710520284
  10
48.96908570339109
  20
-1.9760675177943599
  10
49.05498731572384
  20
-1.6897599643225967
  10
49.16356174948675
  20
-1.3995897429302093
  10
49.26423417881874
  20
-1.370340198347065
  10
49.37880367647599
  20
-1.4223400946140157
  10
49.41351126978766
  20
-1.4866840102391439
  97
1
  330
1701
  75
0
  76
1
  47
0.4128176842155181
  98
1
  10
34.90568961886538
  20
22.81183545379326
  450
0
  451
0
  460
0
  461
0
  452
1
  462
1
  453
2
  463
0
  63
5
  421
255
  463
1
  63
7
  421
16777215
  470
LINEAR
  1001
ACAD
  1010
0
  1020
0
  1030
0
  0
LWPOLYLINE
  5
1701
  100
AcDbEntity
  8
Bottom-Silkscreen-Layer
  100
AcDbPolyline
  90
11
  70
1
  43
0.25400050800101603
  10
49.388185313697875
  20
-1.5692231247535249
  10
49.31690145290322
  20
-1.7680996980877492
  10
49.236637751722164
  20
-1.9702862220579007
  10
49.1694228811026
  20
-2.0570691888271786
  10
49.05186860695328
  20
-2.03590710520284
  10
48.96908570339109
  20
-1.9760675177943599
  10
49.05498731572384
  20
-1.6897599643225967
  10
49.16356174948675
  20
-1.3995897429302093
  10
49.26423417881874
  20
-1.370340198347065
  10
49.37880367647599
  20
-1.4223400946140157
  10
49.41351126978766
  20
-1.4866840102391439
  0
HATCH
  5
1704
  100
AcDbEntity
  8
Bottom-Silkscreen-Layer
  100
AcDbHatch
  10
0
  20
0
  30
0
  210
0
  220
0
  230
1
  2
SOLID
  70
1
  71
0
  91
1
  92
7
  72
0
  73
1
  93
10
  10
49.68742191248325
  20
-0.6450099409496647
  10
49.60651406081993
  20
-0.8965344239191004
  10
49.49962334712947
  20
-0.9491823335543137
  10
49.39199281704353
  20
-0.9142213770293246
  10
49.3751938826843
  20
-0.8264790963521275
  10
49.4257820175884
  20
-0.6216179289698348
  10
49.48751204251741
  20
-0.3821706363245849
  10
49.55691447368564
  20
-0.27032479957691646
  10
49.67352484415799
  20
-0.2822368100229189
  10
49.742079037562455
  20
-0.3823929938529116
  97
1
  330
1703
  75
0
  76
1
  47
0.4128176842155181
  98
1
  10
34.90568961886538
  20
22.81183545379326
  450
0
  451
0
  460
0
  461
0
  452
1
  462
1
  453
2
  463
0
  63
5
  421
255
  463
1
  63
7
  421
16777215
  470
LINEAR
  1001
ACAD
  1010
0
  1020
0
  1030
0
  0
LWPOLYLINE
  5
1703
  100
AcDbEntity
  8
Bottom-Silkscreen-Layer
  100
AcDbPolyline
  90
10
  70
1
  43
0.25400050800101603
  10
49.68742191248325
  20
-0.6450099409496647
  10
49.60651406081993
  20
-0.8965344239191004
  10
49.49962334712947
  20
-0.9491823335543137
  10
49.39199281704353
  20
-0.9142213770293246
  10
49.3751938826843
  20
-0.8264790963521275
  10
49.4257820175884
  20
-0.6216179289698348
  10
49.48751204251741
  20
-0.3821706363245849
  10
49.55691447368564
  20
-0.27032479957691646
  10
49.67352484415799
  20
-0.2822368100229189
  10
49.742079037562455
  20
-0.3823929938529116
  0
HATCH
  5
1706
  100
AcDbEntity
  8
Bottom-Silkscreen-Layer
  100
AcDbHatch
  10
0
  20
0
  30
0
  210
0
  220
0
  230
1
  2
SOLID
  70
1
  71
0
  91
1
  92
7
  72
0
  73
1
  93
10
  10
49.952390981157734
  20
0.4313656760233744
  10
49.87175737177894
  20
0.17984119305394045
  10
49.770026239674124
  20
0.12711069347963458
  10
49.673575865978364
  20
0.16240200976099226
  10
49.65973619720102
  20
0.28524501455241075
  10
49.707830640634185
  20
0.5649517259690278
  10
49.75541486586357
  20
0.7813818378964796
  10
49.83432011107708
  20
0.8056442207728988
  10
49.95037561925283
  20
0.7692157045609638
  10
50.00045353595316
  20
0.6814797769560057
  97
1
  330
1705
  75
0
  76
1
  47
0.4128176842155181
  98
1
  10
34.90568961886538
  20
22.81183545379326
  450
0
  451
0
  460
0
  461
0
  452
1
  462
1
  453
2
  463
0
  63
5
  421
255
  463
1
  63
7
  421
16777215
  470
LINEAR
  1001
ACAD
  1010
0
  1020
0
  1030
0
  0
LWPOLYLINE
  5
1705
  100
AcDbEntity
  8
Bottom-Silkscreen-Layer
  100
AcDbPolyline
  90
10
  70
1
  43
0.25400050800101603
  10
49.952390981157734
  20
0.4313656760233744
  10
49.87175737177894
  20
0.17984119305394045
  10
49.770026239674124
  20
0.12711069347963458
  10
49.673575865978364
  20
0.16240200976099226
  10
49.65973619720102
  20
0.28524501455241075
  10
49.707830640634185
  20
0.5649517259690278
  10
49.75541486586357
  20
0.7813818378964796
  10
49.83432011107708
  20
0.8056442207728988
  10
49.95037561925283
  20
0.7692157045609638
  10
50.00045353595316
  20
0.6814797769560057
  0
HATCH
  5
1708
  100
AcDbEntity
  8
Bottom-Silkscreen-Layer
  100
AcDbHatch
  10
0
  20
0
  30
0
  210
0
  220
0
  230
1
  2
SOLID
  70
1
  71
0
  91
1
  92
7
  72
0
  73
1
  93
8
  10
49.503449983657774
  20
4.9467736506546975
  10
49.40361941436201
  20
4.907073302240261
  10
49.26479541884289
  20
5.141882852151868
  10
49.17287323170562
  20
5.3933628636156365
  10
49.28016574223156
  20
5.430242447956461
  10
49.36405837038695
  20
5.443799904112073
  10
49.471918498664586
  20
5.260246941015588
  10
49.57978500466977
  20
5.034916174882881
  97
1
  330
1707
  75
0
  76
1
  47
0.4128176842155181
  98
1
  10
34.90568961886538
  20
22.81183545379326
  450
0
  451
0
  460
0
  461
0
  452
1
  462
1
  453
2
  463
0
  63
5
  421
255
  463
1
  63
7
  421
16777215
  470
LINEAR
  1001
ACAD
  1010
0
  1020
0
  1030
0
  0
LWPOLYLINE
  5
1707
  100
AcDbEntity
  8
Bottom-Silkscreen-Layer
  100
AcDbPolyline
  90
8
  70
1
  43
0.25400050800101603
  10
49.503449983657774
  20
4.9467736506546975
  10
49.40361941436201
  20
4.907073302240261
  10
49.26479541884289
  20
5.141882852151868
  10
49.17287323170562
  20
5.3933628636156365
  10
49.28016574223156
  20
5.430242447956461
  10
49.36405837038695
  20
5.443799904112073
  10
49.471918498664586
  20
5.260246941015588
  10
49.57978500466977
  20
5.034916174882881
  0
HATCH
  5
1710
  100
AcDbEntity
  8
Bottom-Silkscreen-Layer
  100
AcDbHatch
  10
0
  20
0
  30
0
  210
0
  220
0
  230
1
  2
SOLID
  70
1
  71
0
  91
1
  92
7
  72
0
  73
1
  93
11
  10
49.84880393033669
  20
4.141242209326451
  10
49.73353288264926
  20
4.114051060148376
  10
49.68031074626817
  20
4.127360746486709
  10
49.6026555356539
  20
4.360474026110803
  10
49.52499394731209
  20
4.593587305734897
  10
49.55310697033998
  20
4.627328472390214
  10
49.64037341636783
  20
4.67233998919551
  10
49.74398597809906
  20
4.645682498085415
  10
49.8337269824152
  20
4.466957869889711
  10
49.89492765595779
  20
4.25395206389847
  10
49.910852841643056
  20
4.181736691770621
  97
1
  330
1709
  75
0
  76
1
  47
0.4128176842155181
  98
1
  10
34.90568961886538
  20
22.81183545379326
  450
0
  451
0
  460
0
  461
0
  452
1
  462
1
  453
2
  463
0
  63
5
  421
255
  463
1
  63
7
  421
16777215
  470
LINEAR
  1001
ACAD
  1010
0
  1020
0
  1030
0
  0
LWPOLYLINE
  5
1709
  100
AcDbEntity
  8
Bottom-Silkscreen-Layer
  100
AcDbPolyline
  90
11
  70
1
  43
0.25400050800101603
  10
49.84880393033669
  20
4.141242209326451
  10
49.73353288264926
  20
4.114051060148376
  10
49.68031074626817
  20
4.127360746486709
  10
49.6026555356539
  20
4.360474026110803
  10
49.52499394731209
  20
4.593587305734897
  10
49.55310697033998
  20
4.627328472390214
  10
49.64037341636783
  20
4.67233998919551
  10
49.74398597809906
  20
4.645682498085415
  10
49.8337269824152
  20
4.466957869889711
  10
49.89492765595779
  20
4.25395206389847
  10
49.910852841643056
  20
4.181736691770621
  0
HATCH
  5
1712
  100
AcDbEntity
  8
Bottom-Silkscreen-Layer
  100
AcDbHatch
  10
0
  20
0
  30
0
  210
0
  220
0
  230
1
  2
SOLID
  70
1
  71
0
  91
1
  92
7
  72
0
  73
1
  93
10
  10
50.06902686254026
  20
3.2219907749403647
  10
49.978960594119215
  20
3.182150658936694
  10
49.88887519251553
  20
3.1888150317142174
  10
49.82474076430125
  20
3.393777848252318
  10
49.791646736059015
  20
3.664622023897111
  10
49.81498284115409
  20
3.765635872479213
  10
49.91117172802041
  20
3.782344452464806
  10
50.002424253765234
  20
3.7539906910672003
  10
50.04600964382255
  20
3.5924320640582157
  10
50.08562170961799
  20
3.35464292326705
  97
1
  330
1711
  75
0
  76
1
  47
0.4128176842155181
  98
1
  10
34.90568961886538
  20
22.81183545379326
  450
0
  451
0
  460
0
  461
0
  452
1
  462
1
  453
2
  463
0
  63
5
  421
255
  463
1
  63
7
  421
16777215
  470
LINEAR
  1001
ACAD
  1010
0
  1020
0
  1030
0
  0
LWPOLYLINE
  5
1711
  100
AcDbEntity
  8
Bottom-Silkscreen-Layer
  100
AcDbPolyline
  90
10
  70
1
  43
0.25400050800101603
  10
50.06902686254026
  20
3.2219907749403647
  10
49.978960594119215
  20
3.182150658936694
  10
49.88887519251553
  20
3.1888150317142174
  10
49.82474076430125
  20
3.393777848252318
  10
49.791646736059015
  20
3.664622023897111
  10
49.81498284115409
  20
3.765635872479213
  10
49.91117172802041
  20
3.782344452464806
  10
50.002424253765234
  20
3.7539906910672003
  10
50.04600964382255
  20
3.5924320640582157
  10
50.08562170961799
  20
3.35464292326705
  0
HATCH
  5
1714
  100
AcDbEntity
  8
Bottom-Silkscreen-Layer
  100
AcDbHatch
  10
0
  20
0
  30
0
  210
0
  220
0
  230
1
  2
SOLID
  70
1
  71
0
  91
1
  92
7
  72
0
  73
1
  93
10
  10
50.12156658207381
  20
2.233719563762078
  10
49.994892157532036
  20
2.209501652391326
  10
49.8993920652408
  20
2.2465146512491447
  10
49.88513784417289
  20
2.548177580319836
  10
49.88513784417289
  20
2.812833863604944
  10
49.92228810713512
  20
2.8270329800565794
  10
50.03890485533501
  20
2.841238449580454
  10
50.14268323798247
  20
2.7959791629578814
  10
50.166995135392256
  20
2.504335028806309
  10
50.166995135392256
  20
2.25794382820507
  97
1
  330
1713
  75
0
  76
1
  47
0.4128176842155181
  98
1
  10
34.90568961886538
  20
22.81183545379326
  450
0
  451
0
  460
0
  461
0
  452
1
  462
1
  453
2
  463
0
  63
5
  421
255
  463
1
  63
7
  421
16777215
  470
LINEAR
  1001
ACAD
  1010
0
  1020
0
  1030
0
  0
LWPOLYLINE
  5
1713
  100
AcDbEntity
  8
Bottom-Silkscreen-Layer
  100
AcDbPolyline
  90
10
  70
1
  43
0.25400050800101603
  10
50.12156658207381
  20
2.233719563762078
  10
49.994892157532036
  20
2.209501652391326
  10
49.8993920652408
  20
2.2465146512491447
  10
49.88513784417289
  20
2.548177580319836
  10
49.88513784417289
  20
2.812833863604944
  10
49.92228810713512
  20
2.8270329800565794
  10
50.03890485533501
  20
2.841238449580454
  10
50.14268323798247
  20
2.7959791629578814
  10
50.166995135392256
  20
2.504335028806309
  10
50.166995135392256
  20
2.25794382820507
  0
HATCH
  5
1716
  100
AcDbEntity
  8
Bottom-Silkscreen-Layer
  100
AcDbHatch
  10
0
  20
0
  30
0
  210
0
  220
0
  230
1
  2
SOLID
  70
1
  71
0
  91
1
  92
7
  72
0
  73
1
  93
10
  10
50.102554576255706
  20
1.3676433440069493
  10
50.06758549611461
  20
1.2319480740783249
  10
49.94588569905962
  20
1.208092287825128
  10
49.84990089947481
  20
1.2150997265034995
  10
49.857834792543485
  20
1.4704932304657952
  10
49.88661109923628
  20
1.7805168026015195
  10
49.907459890587965
  20
1.8351405177027107
  10
49.98555516440299
  20
1.8351405177027107
  10
50.09183361624893
  20
1.8070599384113324
  10
50.11591591546702
  20
1.6257305505981017
  97
1
  330
1715
  75
0
  76
1
  47
0.4128176842155181
  98
1
  10
34.90568961886538
  20
22.81183545379326
  450
0
  451
0
  460
0
  461
0
  452
1
  462
1
  453
2
  463
0
  63
5
  421
255
  463
1
  63
7
  421
16777215
  470
LINEAR
  1001
ACAD
  1010
0
  1020
0
  1030
0
  0
LWPOLYLINE
  5
1715
  100
AcDbEntity
  8
Bottom-Silkscreen-Layer
  100
AcDbPolyline
  90
10
  70
1
  43
0.25400050800101603
  10
50.102554576255706
  20
1.3676433440069493
  10
50.06758549611461
  20
1.2319480740783249
  10
49.94588569905962
  20
1.208092287825128
  10
49.84990089947481
  20
1.2150997265034995
  10
49.857834792543485
  20
1.4704932304657952
  10
49.88661109923628
  20
1.7805168026015195
  10
49.907459890587965
  20
1.8351405177027107
  10
49.98555516440299
  20
1.8351405177027107
  10
50.09183361624893
  20
1.8070599384113324
  10
50.11591591546702
  20
1.6257305505981017
  0
LWPOLYLINE
  5
1038
  100
AcDbEntity
  8
Top-Silkscreen-Layer
  100
AcDbPolyline
  90
4
  70
1
  43
0.25400050800101603
  10
57.5001016002032
  20
-10.000000000000002
  10
53.5001016002032
  20
-10.000000000000002
  10
53.5001016002032
  20
-6.000000000000004
  10
57.5001016002032
  20
-6.000000000000004
  0
LWPOLYLINE
  5
1039
  100
AcDbEntity
  8
Top-Silkscreen-Layer
  100
AcDbPolyline
  90
2
  70
1
  43
0.15001270002540007
  10
8.88493776987554
  20
-2.2559776979937144e-16
  42
1
  10
9.03479806959614
  20
-2.2559776979937144e-16
  42
1
  0
LWPOLYLINE
  5
1042
  100
AcDbEntity
  8
Top-Silkscreen-Layer
  100
AcDbPolyline
  90
4
  70
0
  43
0.15001270002540007
  10
58.425069850139714
  20
-10.520040640060857
  42
1
  10
58.57493014986031
  20
-10.520040640089412
  10
58.57493014986031
  20
-10.520040640101707
  42
1
  10
58.425069850139714
  20
-10.520040640073152
  0
LWPOLYLINE
  5
1044
  100
AcDbEntity
  8
Top-Silkscreen-Layer
  100
AcDbPolyline
  90
4
  70
0
  43
0.15001270002540007
  10
60.62518923037847
  20
10.120058420137266
  42
1
  10
60.77504953009906
  20
10.12005842010871
  10
60.77504953009906
  20
10.120058420096417
  42
1
  10
60.62518923037847
  20
10.120058420124971
  0
LWPOLYLINE
  5
1045
  100
AcDbEntity
  8
Top-Silkscreen-Layer
  100
AcDbPolyline
  90
4
  70
0
  43
0.25400050800101603
  10
13.300076200152402
  20
1.2000000052078552
  42
1
  10
15.099923799847602
  20
1.1999999966835169
  10
15.099923799847602
  20
1.1999999947921456
  42
1
  10
13.300076200152402
  20
1.200000003316483
  0
LWPOLYLINE
  5
1047
  100
AcDbEntity
  8
Top-Silkscreen-Layer
  100
AcDbPolyline
  90
2
  70
1
  43
0.15001270002540007
  10
16.75945897891796
  20
-2.5391186182372367
  42
1
  10
16.90931927863856
  20
-2.5391186182372367
  42
1
  0
LWPOLYLINE
  5
1058
  100
AcDbEntity
  8
Top-Silkscreen-Layer
  100
AcDbPolyline
  90
2
  70
1
  43
0.5
  10
52.47012954025908
  20
13.4498348996698
  42
1
  10
52.97000254000509
  20
13.4498348996698
  42
1
  0
LWPOLYLINE
  5
1086
  100
AcDbEntity
  8
Top-Silkscreen-Layer
  100
AcDbPolyline
  90
2
  70
0
  43
0.15240030480060962
  10
21.988798577597155
  20
12.796393192786386
  10
23.398806197612398
  20
12.796393192786388
  0
LWPOLYLINE
  5
1087
  100
AcDbEntity
  8
Top-Silkscreen-Layer
  100
AcDbPolyline
  90
2
  70
0
  43
0.15240030480060962
  10
23.398806197612398
  20
14.603606807213616
  10
21.988798577597155
  20
14.603606807213614
  0
LWPOLYLINE
  5
1088
  100
AcDbEntity
  8
Top-Silkscreen-Layer
  100
AcDbPolyline
  90
2
  70
0
  43
0.15240030480060962
  10
21.836398272796547
  20
14.451206502413006
  10
21.836398272796547
  20
12.948793497586996
  0
LWPOLYLINE
  5
1089
  100
AcDbEntity
  8
Top-Silkscreen-Layer
  100
AcDbPolyline
  90
2
  70
0
  43
0.15240030480060962
  10
25.611201422402846
  20
12.796393192786388
  10
24.201193802387607
  20
12.796393192786388
  0
LWPOLYLINE
  5
1090
  100
AcDbEntity
  8
Top-Silkscreen-Layer
  100
AcDbPolyline
  90
2
  70
0
  43
0.15240030480060962
  10
24.201193802387607
  20
14.603606807213616
  10
25.611201422402846
  20
14.603606807213616
  0
LWPOLYLINE
  5
1091
  100
AcDbEntity
  8
Top-Silkscreen-Layer
  100
AcDbPolyline
  90
2
  70
0
  43
0.15240030480060962
  10
25.763601727203454
  20
14.451206502413006
  10
25.763601727203454
  20
12.948793497586996
  0
LWPOLYLINE
  5
1092
  100
AcDbEntity
  8
Top-Silkscreen-Layer
  100
AcDbPolyline
  90
2
  70
0
  43
0.15240030480060962
  10
21.988798577597155
  20
14.603606807213616
  42
0.414
  10
21.836398272796547
  20
14.451206502413006
  0
LWPOLYLINE
  5
1093
  100
AcDbEntity
  8
Top-Silkscreen-Layer
  100
AcDbPolyline
  90
2
  70
0
  43
0.15240030480060962
  10
21.836398272796547
  20
12.948793497586996
  42
0.414
  10
21.988798577597155
  20
12.796393192786386
  0
LWPOLYLINE
  5
1094
  100
AcDbEntity
  8
Top-Silkscreen-Layer
  100
AcDbPolyline
  90
2
  70
0
  43
0.15240030480060962
  10
25.611201422402846
  20
14.603606807213616
  42
-0.414
  10
25.763601727203454
  20
14.451206502413006
  0
LWPOLYLINE
  5
1095
  100
AcDbEntity
  8
Top-Silkscreen-Layer
  100
AcDbPolyline
  90
2
  70
0
  43
0.15240030480060962
  10
25.763601727203454
  20
12.948793497586996
  42
-0.414
  10
25.611201422402846
  20
12.796393192786386
  0
LWPOLYLINE
  5
1096
  100
AcDbEntity
  8
Top-Silkscreen-Layer
  100
AcDbPolyline
  90
2
  70
0
  43
0.15240030480060962
  10
30.211257302514614
  20
14.603634747269496
  10
28.80124968249937
  20
14.603634747269496
  0
LWPOLYLINE
  5
1097
  100
AcDbEntity
  8
Top-Silkscreen-Layer
  100
AcDbPolyline
  90
2
  70
0
  43
0.15240030480060962
  10
28.80124968249937
  20
12.796421132842267
  10
30.211257302514614
  20
12.796421132842267
  0
LWPOLYLINE
  5
1098
  100
AcDbEntity
  8
Top-Silkscreen-Layer
  100
AcDbPolyline
  90
2
  70
0
  43
0.15240030480060962
  10
30.363657607315222
  20
12.948821437642877
  10
30.363657607315222
  20
14.451234442468888
  0
LWPOLYLINE
  5
1099
  100
AcDbEntity
  8
Top-Silkscreen-Layer
  100
AcDbPolyline
  90
2
  70
0
  43
0.15240030480060962
  10
26.588854457708923
  20
14.603634747269496
  10
27.998862077724162
  20
14.603634747269496
  0
LWPOLYLINE
  5
1100
  100
AcDbEntity
  8
Top-Silkscreen-Layer
  100
AcDbPolyline
  90
2
  70
0
  43
0.15240030480060962
  10
27.998862077724162
  20
12.796421132842267
  10
26.588854457708923
  20
12.796421132842267
  0
LWPOLYLINE
  5
1101
  100
AcDbEntity
  8
Top-Silkscreen-Layer
  100
AcDbPolyline
  90
2
  70
0
  43
0.15240030480060962
  10
26.43645415290831
  20
12.948821437642877
  10
26.43645415290831
  20
14.451234442468888
  0
LWPOLYLINE
  5
1102
  100
AcDbEntity
  8
Top-Silkscreen-Layer
  100
AcDbPolyline
  90
2
  70
0
  43
0.15240030480060962
  10
30.211257302514614
  20
12.796421132842267
  42
0.414
  10
30.363657607315222
  20
12.948821437642877
  0
LWPOLYLINE
  5
1103
  100
AcDbEntity
  8
Top-Silkscreen-Layer
  100
AcDbPolyline
  90
2
  70
0
  43
0.15240030480060962
  10
30.363657607315222
  20
14.451234442468888
  42
0.414
  10
30.211257302514614
  20
14.603634747269496
  0
LWPOLYLINE
  5
1104
  100
AcDbEntity
  8
Top-Silkscreen-Layer
  100
AcDbPolyline
  90
2
  70
0
  43
0.15240030480060962
  10
26.588854457708923
  20
12.796421132842267
  42
-0.414
  10
26.43645415290831
  20
12.948821437642879
  0
LWPOLYLINE
  5
1105
  100
AcDbEntity
  8
Top-Silkscreen-Layer
  100
AcDbPolyline
  90
2
  70
0
  43
0.15240030480060962
  10
26.43645415290831
  20
14.451234442468888
  42
-0.414
  10
26.588854457708923
  20
14.603634747269496
  0
LWPOLYLINE
  5
1106
  100
AcDbEntity
  8
Top-Silkscreen-Layer
  100
AcDbPolyline
  90
2
  70
0
  43
0.15240030480060962
  10
7.00246380492761
  20
-3.571391922783846
  10
7.00246380492761
  20
-3.071391922783846
  0
LWPOLYLINE
  5
1107
  100
AcDbEntity
  8
Top-Silkscreen-Layer
  100
AcDbPolyline
  90
2
  70
0
  43
0.15240030480060962
  10
7.84724409448819
  20
-3.7238176276352557
  10
7.15483870967742
  20
-3.7238176276352557
  0
LWPOLYLINE
  5
1108
  100
AcDbEntity
  8
Top-Silkscreen-Layer
  100
AcDbPolyline
  90
2
  70
0
  43
0.15240030480060962
  10
7.9996443992887984
  20
-3.0713919227838464
  10
7.9996443992887984
  20
-3.571391922783846
  0
LWPOLYLINE
  5
1109
  100
AcDbEntity
  8
Top-Silkscreen-Layer
  100
AcDbPolyline
  90
2
  70
0
  43
0.15240030480060962
  10
7.99751079502159
  20
-2.128618237236475
  10
7.99751079502159
  20
-2.6286182372364753
  0
LWPOLYLINE
  5
1110
  100
AcDbEntity
  8
Top-Silkscreen-Layer
  100
AcDbPolyline
  90
2
  70
0
  43
0.15240030480060962
  10
7.000381000762002
  20
-2.628618237236475
  10
7.000381000762002
  20
-2.128618237236475
  0
LWPOLYLINE
  5
1111
  100
AcDbEntity
  8
Top-Silkscreen-Layer
  100
AcDbPolyline
  90
2
  70
0
  43
0.15240030480060962
  10
7.152730505461011
  20
-1.976192532385065
  10
7.84516129032258
  20
-1.976192532385065
  0
LWPOLYLINE
  5
1112
  100
AcDbEntity
  8
Top-Silkscreen-Layer
  100
AcDbPolyline
  90
2
  70
0
  43
0.15240030480060962
  10
7.000355600711201
  20
-2.128618237236475
  42
-0.414
  10
7.15275590551181
  20
-1.9762179324358655
  0
LWPOLYLINE
  5
1113
  100
AcDbEntity
  8
Top-Silkscreen-Layer
  100
AcDbPolyline
  90
2
  70
0
  43
0.15240030480060962
  10
7.84516129032258
  20
-1.9762179324358655
  42
-0.414
  10
7.99756159512319
  20
-2.128618237236475
  0
LWPOLYLINE
  5
1114
  100
AcDbEntity
  8
Top-Silkscreen-Layer
  100
AcDbPolyline
  90
2
  70
0
  43
0.15240030480060962
  10
7.999644399288799
  20
-3.571391922783846
  42
-0.414
  10
7.84724409448819
  20
-3.7237922275844557
  0
LWPOLYLINE
  5
1115
  100
AcDbEntity
  8
Top-Silkscreen-Layer
  100
AcDbPolyline
  90
2
  70
0
  43
0.15240030480060962
  10
7.154838709677419
  20
-3.7237922275844557
  42
-0.414
  10
7.00243840487681
  20
-3.571391922783846
  0
LWPOLYLINE
  5
1116
  100
AcDbEntity
  8
Top-Silkscreen-Layer
  100
AcDbPolyline
  90
2
  70
0
  43
0.15240030480060962
  10
7.00246380492761
  20
2.078613157226315
  10
7.00246380492761
  20
2.578613157226315
  0
LWPOLYLINE
  5
1117
  100
AcDbEntity
  8
Top-Silkscreen-Layer
  100
AcDbPolyline
  90
2
  70
0
  43
0.15240030480060962
  10
7.84724409448819
  20
1.926187452374905
  10
7.15483870967742
  20
1.926187452374905
  0
LWPOLYLINE
  5
1118
  100
AcDbEntity
  8
Top-Silkscreen-Layer
  100
AcDbPolyline
  90
2
  70
0
  43
0.15240030480060962
  10
7.9996443992887984
  20
2.5786131572263145
  10
7.9996443992887984
  20
2.078613157226315
  0
LWPOLYLINE
  5
1119
  100
AcDbEntity
  8
Top-Silkscreen-Layer
  100
AcDbPolyline
  90
2
  70
0
  43
0.15240030480060962
  10
7.99751079502159
  20
3.521386842773686
  10
7.99751079502159
  20
3.0213868427736856
  0
LWPOLYLINE
  5
1120
  100
AcDbEntity
  8
Top-Silkscreen-Layer
  100
AcDbPolyline
  90
2
  70
0
  43
0.15240030480060962
  10
7.000381000762002
  20
3.021386842773686
  10
7.000381000762002
  20
3.521386842773686
  0
LWPOLYLINE
  5
1121
  100
AcDbEntity
  8
Top-Silkscreen-Layer
  100
AcDbPolyline
  90
2
  70
0
  43
0.15240030480060962
  10
7.152730505461011
  20
3.6738125476250953
  10
7.84516129032258
  20
3.6738125476250953
  0
LWPOLYLINE
  5
1122
  100
AcDbEntity
  8
Top-Silkscreen-Layer
  100
AcDbPolyline
  90
2
  70
0
  43
0.15240030480060962
  10
7.000355600711201
  20
3.521386842773686
  42
-0.414
  10
7.15275590551181
  20
3.6737871475742954
  0
LWPOLYLINE
  5
1123
  100
AcDbEntity
  8
Top-Silkscreen-Layer
  100
AcDbPolyline
  90
2
  70
0
  43
0.15240030480060962
  10
7.84516129032258
  20
3.6737871475742954
  42
-0.414
  10
7.99756159512319
  20
3.521386842773686
  0
LWPOLYLINE
  5
1124
  100
AcDbEntity
  8
Top-Silkscreen-Layer
  100
AcDbPolyline
  90
2
  70
0
  43
0.15240030480060962
  10
7.999644399288799
  20
2.078613157226315
  42
-0.414
  10
7.84724409448819
  20
1.9262128524257054
  0
LWPOLYLINE
  5
1125
  100
AcDbEntity
  8
Top-Silkscreen-Layer
  100
AcDbPolyline
  90
2
  70
0
  43
0.15240030480060962
  10
7.154838709677419
  20
1.9262128524257054
  42
-0.414
  10
7.00243840487681
  20
2.078613157226315
  0
LWPOLYLINE
  5
1126
  100
AcDbEntity
  8
Top-Silkscreen-Layer
  100
AcDbPolyline
  90
2
  70
0
  43
0.15240030480060962
  10
12.402463804927612
  20
-4.321386842773687
  10
12.402463804927613
  20
-3.821386842773686
  0
LWPOLYLINE
  5
1127
  100
AcDbEntity
  8
Top-Silkscreen-Layer
  100
AcDbPolyline
  90
2
  70
0
  43
0.15240030480060962
  10
13.247244094488192
  20
-4.473812547625095
  10
12.554838709677421
  20
-4.473812547625095
  0
LWPOLYLINE
  5
1128
  100
AcDbEntity
  8
Top-Silkscreen-Layer
  100
AcDbPolyline
  90
2
  70
0
  43
0.15240030480060962
  10
13.399644399288801
  20
-3.8213868427736863
  10
13.399644399288801
  20
-4.321386842773687
  0
LWPOLYLINE
  5
1129
  100
AcDbEntity
  8
Top-Silkscreen-Layer
  100
AcDbPolyline
  90
2
  70
0
  43
0.15240030480060962
  10
13.397510795021592
  20
-2.8786131572263147
  10
13.397510795021592
  20
-3.378613157226315
  0
LWPOLYLINE
  5
1130
  100
AcDbEntity
  8
Top-Silkscreen-Layer
  100
AcDbPolyline
  90
2
  70
0
  43
0.15240030480060962
  10
12.400381000762003
  20
-3.3786131572263147
  10
12.400381000762003
  20
-2.8786131572263147
  0
LWPOLYLINE
  5
1131
  100
AcDbEntity
  8
Top-Silkscreen-Layer
  100
AcDbPolyline
  90
2
  70
0
  43
0.15240030480060962
  10
12.552730505461014
  20
-2.7261874523749055
  10
13.245161290322583
  20
-2.7261874523749055
  0
LWPOLYLINE
  5
1132
  100
AcDbEntity
  8
Top-Silkscreen-Layer
  100
AcDbPolyline
  90
2
  70
0
  43
0.15240030480060962
  10
12.400355600711203
  20
-2.8786131572263147
  42
-0.414
  10
12.552755905511813
  20
-2.7262128524257054
  0
LWPOLYLINE
  5
1133
  100
AcDbEntity
  8
Top-Silkscreen-Layer
  100
AcDbPolyline
  90
2
  70
0
  43
0.15240030480060962
  10
13.245161290322583
  20
-2.7262128524257054
  42
-0.414
  10
13.397561595123193
  20
-2.8786131572263147
  0
LWPOLYLINE
  5
1134
  100
AcDbEntity
  8
Top-Silkscreen-Layer
  100
AcDbPolyline
  90
2
  70
0
  43
0.15240030480060962
  10
13.399644399288801
  20
-4.321386842773687
  42
-0.414
  10
13.247244094488192
  20
-4.4737871475742965
  0
LWPOLYLINE
  5
1135
  100
AcDbEntity
  8
Top-Silkscreen-Layer
  100
AcDbPolyline
  90
2
  70
0
  43
0.15240030480060962
  10
12.554838709677421
  20
-4.4737871475742965
  42
-0.414
  10
12.402438404876811
  20
-4.321386842773687
  0
LWPOLYLINE
  5
1136
  100
AcDbEntity
  8
Top-Silkscreen-Layer
  100
AcDbPolyline
  90
2
  70
0
  43
0.15240030480060962
  10
18.89753619507239
  20
-3.4786131572263157
  10
18.89753619507239
  20
-3.9786131572263153
  0
LWPOLYLINE
  5
1137
  100
AcDbEntity
  8
Top-Silkscreen-Layer
  100
AcDbPolyline
  90
2
  70
0
  43
0.15240030480060962
  10
18.052755905511813
  20
-3.3261874523749055
  10
18.745161290322585
  20
-3.3261874523749055
  0
LWPOLYLINE
  5
1138
  100
AcDbEntity
  8
Top-Silkscreen-Layer
  100
AcDbPolyline
  90
2
  70
0
  43
0.15240030480060962
  10
17.9003556007112
  20
-3.9786131572263157
  10
17.9003556007112
  20
-3.4786131572263157
  0
LWPOLYLINE
  5
1139
  100
AcDbEntity
  8
Top-Silkscreen-Layer
  100
AcDbPolyline
  90
2
  70
0
  43
0.15240030480060962
  10
17.902489204978412
  20
-4.921386842773686
  10
17.902489204978412
  20
-4.421386842773687
  0
LWPOLYLINE
  5
1140
  100
AcDbEntity
  8
Top-Silkscreen-Layer
  100
AcDbPolyline
  90
2
  70
0
  43
0.15240030480060962
  10
18.899618999238
  20
-4.421386842773687
  10
18.899618999238
  20
-4.921386842773686
  0
LWPOLYLINE
  5
1141
  100
AcDbEntity
  8
Top-Silkscreen-Layer
  100
AcDbPolyline
  90
2
  70
0
  43
0.15240030480060962
  10
18.74726949453899
  20
-5.073812547625097
  10
18.05483870967742
  20
-5.073812547625097
  0
LWPOLYLINE
  5
1142
  100
AcDbEntity
  8
Top-Silkscreen-Layer
  100
AcDbPolyline
  90
2
  70
0
  43
0.15240030480060962
  10
18.899644399288796
  20
-4.921386842773686
  42
-0.414
  10
18.747244094488188
  20
-5.073787147574297
  0
LWPOLYLINE
  5
1143
  100
AcDbEntity
  8
Top-Silkscreen-Layer
  100
AcDbPolyline
  90
2
  70
0
  43
0.15240030480060962
  10
18.05483870967742
  20
-5.073787147574297
  42
-0.414
  10
17.90243840487681
  20
-4.921386842773686
  0
LWPOLYLINE
  5
1144
  100
AcDbEntity
  8
Top-Silkscreen-Layer
  100
AcDbPolyline
  90
2
  70
0
  43
0.15240030480060962
  10
17.900355600711205
  20
-3.4786131572263157
  42
-0.414
  10
18.052755905511813
  20
-3.326212852425706
  0
LWPOLYLINE
  5
1145
  100
AcDbEntity
  8
Top-Silkscreen-Layer
  100
AcDbPolyline
  90
2
  70
0
  43
0.15240030480060962
  10
18.745161290322585
  20
-3.326212852425706
  42
-0.414
  10
18.897561595123193
  20
-3.4786131572263157
  0
LWPOLYLINE
  5
1146
  100
AcDbEntity
  8
Top-Silkscreen-Layer
  100
AcDbPolyline
  90
2
  70
0
  43
0.15240030480060962
  10
17.478613157226317
  20
1.1975361950723904
  10
17.978613157226317
  20
1.1975361950723904
  0
LWPOLYLINE
  5
1147
  100
AcDbEntity
  8
Top-Silkscreen-Layer
  100
AcDbPolyline
  90
2
  70
0
  43
0.15240030480060962
  10
17.326187452374906
  20
0.3527559055118111
  10
17.326187452374906
  20
1.0451612903225806
  0
LWPOLYLINE
  5
1148
  100
AcDbEntity
  8
Top-Silkscreen-Layer
  100
AcDbPolyline
  90
2
  70
0
  43
0.15240030480060962
  10
17.978613157226317
  20
0.20035560071120148
  10
17.478613157226317
  20
0.20035560071120148
  0
LWPOLYLINE
  5
1149
  100
AcDbEntity
  8
Top-Silkscreen-Layer
  100
AcDbPolyline
  90
2
  70
0
  43
0.15240030480060962
  10
18.921386842773693
  20
0.20248920497841003
  10
18.42138684277369
  20
0.20248920497841003
  0
LWPOLYLINE
  5
1150
  100
AcDbEntity
  8
Top-Silkscreen-Layer
  100
AcDbPolyline
  90
2
  70
0
  43
0.15240030480060962
  10
18.42138684277369
  20
1.1996189992379986
  10
18.921386842773693
  20
1.1996189992379986
  0
LWPOLYLINE
  5
1151
  100
AcDbEntity
  8
Top-Silkscreen-Layer
  100
AcDbPolyline
  90
2
  70
0
  43
0.15240030480060962
  10
19.0738125476251
  20
1.047269494538989
  10
19.0738125476251
  20
0.35483870967741943
  0
LWPOLYLINE
  5
1152
  100
AcDbEntity
  8
Top-Silkscreen-Layer
  100
AcDbPolyline
  90
2
  70
0
  43
0.15240030480060962
  10
18.921386842773693
  20
1.1996443992887984
  42
-0.414
  10
19.0737871475743
  20
1.0472440944881891
  0
LWPOLYLINE
  5
1153
  100
AcDbEntity
  8
Top-Silkscreen-Layer
  100
AcDbPolyline
  90
2
  70
0
  43
0.15240030480060962
  10
19.0737871475743
  20
0.3548387096774195
  42
-0.414
  10
18.921386842773693
  20
0.2024384048768098
  0
LWPOLYLINE
  5
1154
  100
AcDbEntity
  8
Top-Silkscreen-Layer
  100
AcDbPolyline
  90
2
  70
0
  43
0.15240030480060962
  10
17.478613157226317
  20
0.20035560071120148
  42
-0.414
  10
17.32621285242571
  20
0.352755905511811
  0
LWPOLYLINE
  5
1155
  100
AcDbEntity
  8
Top-Silkscreen-Layer
  100
AcDbPolyline
  90
2
  70
0
  43
0.15240030480060962
  10
17.32621285242571
  20
1.0451612903225809
  42
-0.414
  10
17.478613157226317
  20
1.1975615951231904
  0
LWPOLYLINE
  5
1156
  100
AcDbEntity
  8
Top-Silkscreen-Layer
  100
AcDbPolyline
  90
2
  70
0
  43
0.15240030480060962
  10
9.711201422402848
  20
7.603606807213616
  10
8.301193802387607
  20
7.603606807213616
  0
LWPOLYLINE
  5
1157
  100
AcDbEntity
  8
Top-Silkscreen-Layer
  100
AcDbPolyline
  90
2
  70
0
  43
0.15240030480060962
  10
8.301193802387607
  20
5.796393192786386
  10
9.711201422402848
  20
5.796393192786386
  0
LWPOLYLINE
  5
1158
  100
AcDbEntity
  8
Top-Silkscreen-Layer
  100
AcDbPolyline
  90
2
  70
0
  43
0.15240030480060962
  10
9.863601727203458
  20
5.948793497586996
  10
9.863601727203458
  20
7.451206502413005
  0
LWPOLYLINE
  5
1159
  100
AcDbEntity
  8
Top-Silkscreen-Layer
  100
AcDbPolyline
  90
2
  70
0
  43
0.15240030480060962
  10
6.0887985775971565
  20
7.603606807213616
  10
7.498806197612397
  20
7.603606807213616
  0
LWPOLYLINE
  5
1160
  100
AcDbEntity
  8
Top-Silkscreen-Layer
  100
AcDbPolyline
  90
2
  70
0
  43
0.15240030480060962
  10
7.498806197612397
  20
5.796393192786386
  10
6.0887985775971565
  20
5.796393192786386
  0
LWPOLYLINE
  5
1161
  100
AcDbEntity
  8
Top-Silkscreen-Layer
  100
AcDbPolyline
  90
2
  70
0
  43
0.15240030480060962
  10
5.936398272796547
  20
5.948793497586996
  10
5.936398272796547
  20
7.451206502413005
  0
LWPOLYLINE
  5
1162
  100
AcDbEntity
  8
Top-Silkscreen-Layer
  100
AcDbPolyline
  90
2
  70
0
  43
0.15240030480060962
  10
9.711201422402848
  20
5.796393192786386
  42
0.414
  10
9.863601727203458
  20
5.948793497586996
  0
LWPOLYLINE
  5
1163
  100
AcDbEntity
  8
Top-Silkscreen-Layer
  100
AcDbPolyline
  90
2
  70
0
  43
0.15240030480060962
  10
9.863601727203458
  20
7.451206502413005
  42
0.414
  10
9.711201422402848
  20
7.603606807213616
  0
LWPOLYLINE
  5
1164
  100
AcDbEntity
  8
Top-Silkscreen-Layer
  100
AcDbPolyline
  90
2
  70
0
  43
0.15240030480060962
  10
6.0887985775971565
  20
5.796393192786386
  42
-0.414
  10
5.936398272796547
  20
5.948793497586996
  0
LWPOLYLINE
  5
1165
  100
AcDbEntity
  8
Top-Silkscreen-Layer
  100
AcDbPolyline
  90
2
  70
0
  43
0.15240030480060962
  10
5.936398272796547
  20
7.451206502413005
  42
-0.414
  10
6.0887985775971565
  20
7.603606807213616
  0
LWPOLYLINE
  5
1166
  100
AcDbEntity
  8
Top-Silkscreen-Layer
  100
AcDbPolyline
  90
2
  70
0
  43
0.15240030480060962
  10
10.321386842773688
  20
-6.697536195072391
  10
9.821386842773688
  20
-6.697536195072391
  0
LWPOLYLINE
  5
1167
  100
AcDbEntity
  8
Top-Silkscreen-Layer
  100
AcDbPolyline
  90
2
  70
0
  43
0.15240030480060962
  10
10.473812547625096
  20
-5.8527559055118115
  10
10.473812547625096
  20
-6.545161290322581
  0
LWPOLYLINE
  5
1168
  100
AcDbEntity
  8
Top-Silkscreen-Layer
  100
AcDbPolyline
  90
2
  70
0
  43
0.15240030480060962
  10
9.821386842773688
  20
-5.700355600711202
  10
10.321386842773688
  20
-5.700355600711202
  0
LWPOLYLINE
  5
1169
  100
AcDbEntity
  8
Top-Silkscreen-Layer
  100
AcDbPolyline
  90
2
  70
0
  43
0.15240030480060962
  10
8.878613157226315
  20
-5.70248920497841
  10
9.378613157226315
  20
-5.70248920497841
  0
LWPOLYLINE
  5
1170
  100
AcDbEntity
  8
Top-Silkscreen-Layer
  100
AcDbPolyline
  90
2
  70
0
  43
0.15240030480060962
  10
9.378613157226315
  20
-6.699618999237998
  10
8.878613157226315
  20
-6.699618999237998
  0
LWPOLYLINE
  5
1171
  100
AcDbEntity
  8
Top-Silkscreen-Layer
  100
AcDbPolyline
  90
2
  70
0
  43
0.15240030480060962
  10
8.726187452374907
  20
-6.547269494538989
  10
8.726187452374907
  20
-5.854838709677419
  0
LWPOLYLINE
  5
1172
  100
AcDbEntity
  8
Top-Silkscreen-Layer
  100
AcDbPolyline
  90
2
  70
0
  43
0.15240030480060962
  10
8.878613157226315
  20
-6.6996443992887995
  42
-0.414
  10
8.726212852425705
  20
-6.54724409448819
  0
LWPOLYLINE
  5
1173
  100
AcDbEntity
  8
Top-Silkscreen-Layer
  100
AcDbPolyline
  90
2
  70
0
  43
0.15240030480060962
  10
8.726212852425705
  20
-5.854838709677419
  42
-0.414
  10
8.878613157226315
  20
-5.70243840487681
  0
LWPOLYLINE
  5
1174
  100
AcDbEntity
  8
Top-Silkscreen-Layer
  100
AcDbPolyline
  90
2
  70
0
  43
0.15240030480060962
  10
10.321386842773688
  20
-5.700355600711201
  42
-0.414
  10
10.473787147574297
  20
-5.8527559055118115
  0
LWPOLYLINE
  5
1175
  100
AcDbEntity
  8
Top-Silkscreen-Layer
  100
AcDbPolyline
  90
2
  70
0
  43
0.15240030480060962
  10
10.473787147574297
  20
-6.545161290322581
  42
-0.414
  10
10.321386842773688
  20
-6.69756159512319
  0
LWPOLYLINE
  5
1176
  100
AcDbEntity
  8
Top-Silkscreen-Layer
  100
AcDbPolyline
  90
2
  70
0
  43
0.15240030480060962
  10
12.102463804927611
  20
-10.221386842773686
  10
12.102463804927613
  20
-9.721386842773686
  0
LWPOLYLINE
  5
1177
  100
AcDbEntity
  8
Top-Silkscreen-Layer
  100
AcDbPolyline
  90
2
  70
0
  43
0.15240030480060962
  10
12.947244094488191
  20
-10.373812547625096
  10
12.254838709677422
  20
-10.373812547625096
  0
LWPOLYLINE
  5
1178
  100
AcDbEntity
  8
Top-Silkscreen-Layer
  100
AcDbPolyline
  90
2
  70
0
  43
0.15240030480060962
  10
13.0996443992888
  20
-9.721386842773686
  10
13.0996443992888
  20
-10.221386842773686
  0
LWPOLYLINE
  5
1179
  100
AcDbEntity
  8
Top-Silkscreen-Layer
  100
AcDbPolyline
  90
2
  70
0
  43
0.15240030480060962
  10
13.097510795021591
  20
-8.778613157226316
  10
13.097510795021591
  20
-9.278613157226316
  0
LWPOLYLINE
  5
1180
  100
AcDbEntity
  8
Top-Silkscreen-Layer
  100
AcDbPolyline
  90
2
  70
0
  43
0.15240030480060962
  10
12.100381000762004
  20
-9.278613157226316
  10
12.100381000762004
  20
-8.778613157226316
  0
LWPOLYLINE
  5
1181
  100
AcDbEntity
  8
Top-Silkscreen-Layer
  100
AcDbPolyline
  90
2
  70
0
  43
0.15240030480060962
  10
12.252730505461013
  20
-8.626187452374905
  10
12.945161290322583
  20
-8.626187452374905
  0
LWPOLYLINE
  5
1182
  100
AcDbEntity
  8
Top-Silkscreen-Layer
  100
AcDbPolyline
  90
2
  70
0
  43
0.15240030480060962
  10
12.100355600711202
  20
-8.778613157226316
  42
-0.414
  10
12.252755905511814
  20
-8.626212852425706
  0
LWPOLYLINE
  5
1183
  100
AcDbEntity
  8
Top-Silkscreen-Layer
  100
AcDbPolyline
  90
2
  70
0
  43
0.15240030480060962
  10
12.945161290322583
  20
-8.626212852425706
  42
-0.414
  10
13.097561595123192
  20
-8.778613157226316
  0
LWPOLYLINE
  5
1184
  100
AcDbEntity
  8
Top-Silkscreen-Layer
  100
AcDbPolyline
  90
2
  70
0
  43
0.15240030480060962
  10
13.0996443992888
  20
-10.221386842773686
  42
-0.414
  10
12.947244094488191
  20
-10.373787147574296
  0
LWPOLYLINE
  5
1185
  100
AcDbEntity
  8
Top-Silkscreen-Layer
  100
AcDbPolyline
  90
2
  70
0
  43
0.15240030480060962
  10
12.254838709677422
  20
-10.373787147574296
  42
-0.414
  10
12.102438404876812
  20
-10.221386842773686
  0
LWPOLYLINE
  5
1186
  100
AcDbEntity
  8
Top-Silkscreen-Layer
  100
AcDbPolyline
  90
2
  70
0
  43
0.15240030480060962
  10
14.978613157226317
  20
-1.8024638049276098
  10
15.478613157226317
  20
-1.8024638049276098
  0
LWPOLYLINE
  5
1187
  100
AcDbEntity
  8
Top-Silkscreen-Layer
  100
AcDbPolyline
  90
2
  70
0
  43
0.15240030480060962
  10
14.826187452374908
  20
-2.6472440944881894
  10
14.826187452374908
  20
-1.9548387096774194
  0
LWPOLYLINE
  5
1188
  100
AcDbEntity
  8
Top-Silkscreen-Layer
  100
AcDbPolyline
  90
2
  70
0
  43
0.15240030480060962
  10
15.478613157226317
  20
-2.7996443992887987
  10
14.978613157226317
  20
-2.7996443992887987
  0
LWPOLYLINE
  5
1189
  100
AcDbEntity
  8
Top-Silkscreen-Layer
  100
AcDbPolyline
  90
2
  70
0
  43
0.15240030480060962
  10
16.42138684277369
  20
-2.7975107950215903
  10
15.921386842773689
  20
-2.7975107950215903
  0
LWPOLYLINE
  5
1190
  100
AcDbEntity
  8
Top-Silkscreen-Layer
  100
AcDbPolyline
  90
2
  70
0
  43
0.15240030480060962
  10
15.921386842773689
  20
-1.8003810007620016
  10
16.42138684277369
  20
-1.8003810007620016
  0
LWPOLYLINE
  5
1191
  100
AcDbEntity
  8
Top-Silkscreen-Layer
  100
AcDbPolyline
  90
2
  70
0
  43
0.15240030480060962
  10
16.5738125476251
  20
-1.952730505461011
  10
16.5738125476251
  20
-2.645161290322581
  0
LWPOLYLINE
  5
1192
  100
AcDbEntity
  8
Top-Silkscreen-Layer
  100
AcDbPolyline
  90
2
  70
0
  43
0.15240030480060962
  10
16.42138684277369
  20
-1.8003556007112014
  42
-0.414
  10
16.573787147574297
  20
-1.952755905511811
  0
LWPOLYLINE
  5
1193
  100
AcDbEntity
  8
Top-Silkscreen-Layer
  100
AcDbPolyline
  90
2
  70
0
  43
0.15240030480060962
  10
16.573787147574297
  20
-2.645161290322581
  42
-0.414
  10
16.42138684277369
  20
-2.7975615951231902
  0
LWPOLYLINE
  5
1194
  100
AcDbEntity
  8
Top-Silkscreen-Layer
  100
AcDbPolyline
  90
2
  70
0
  43
0.15240030480060962
  10
14.978613157226317
  20
-2.7996443992887987
  42
-0.414
  10
14.826212852425707
  20
-2.6472440944881894
  0
LWPOLYLINE
  5
1195
  100
AcDbEntity
  8
Top-Silkscreen-Layer
  100
AcDbPolyline
  90
2
  70
0
  43
0.15240030480060962
  10
14.826212852425707
  20
-1.9548387096774194
  42
-0.414
  10
14.978613157226317
  20
-1.8024384048768098
  0
LWPOLYLINE
  5
1196
  100
AcDbEntity
  8
Top-Silkscreen-Layer
  100
AcDbPolyline
  90
2
  70
0
  43
0.15240030480060962
  10
7.00246380492761
  20
3.9786131572263144
  10
7.00246380492761
  20
4.478613157226314
  0
LWPOLYLINE
  5
1197
  100
AcDbEntity
  8
Top-Silkscreen-Layer
  100
AcDbPolyline
  90
2
  70
0
  43
0.15240030480060962
  10
7.84724409448819
  20
3.8261874523749047
  10
7.15483870967742
  20
3.8261874523749047
  0
LWPOLYLINE
  5
1198
  100
AcDbEntity
  8
Top-Silkscreen-Layer
  100
AcDbPolyline
  90
2
  70
0
  43
0.15240030480060962
  10
7.9996443992887984
  20
4.478613157226314
  10
7.9996443992887984
  20
3.9786131572263144
  0
LWPOLYLINE
  5
1199
  100
AcDbEntity
  8
Top-Silkscreen-Layer
  100
AcDbPolyline
  90
2
  70
0
  43
0.15240030480060962
  10
7.99751079502159
  20
5.4213868427736855
  10
7.99751079502159
  20
4.9213868427736855
  0
LWPOLYLINE
  5
1200
  100
AcDbEntity
  8
Top-Silkscreen-Layer
  100
AcDbPolyline
  90
2
  70
0
  43
0.15240030480060962
  10
7.000381000762002
  20
4.9213868427736855
  10
7.000381000762002
  20
5.4213868427736855
  0
LWPOLYLINE
  5
1201
  100
AcDbEntity
  8
Top-Silkscreen-Layer
  100
AcDbPolyline
  90
2
  70
0
  43
0.15240030480060962
  10
7.152730505461011
  20
5.573812547625096
  10
7.84516129032258
  20
5.573812547625096
  0
LWPOLYLINE
  5
1202
  100
AcDbEntity
  8
Top-Silkscreen-Layer
  100
AcDbPolyline
  90
2
  70
0
  43
0.15240030480060962
  10
7.000355600711201
  20
5.4213868427736855
  42
-0.414
  10
7.15275590551181
  20
5.573787147574295
  0
LWPOLYLINE
  5
1203
  100
AcDbEntity
  8
Top-Silkscreen-Layer
  100
AcDbPolyline
  90
2
  70
0
  43
0.15240030480060962
  10
7.84516129032258
  20
5.573787147574295
  42
-0.414
  10
7.99756159512319
  20
5.4213868427736855
  0
LWPOLYLINE
  5
1204
  100
AcDbEntity
  8
Top-Silkscreen-Layer
  100
AcDbPolyline
  90
2
  70
0
  43
0.15240030480060962
  10
7.999644399288799
  20
3.9786131572263144
  42
-0.414
  10
7.84724409448819
  20
3.826212852425705
  0
LWPOLYLINE
  5
1205
  100
AcDbEntity
  8
Top-Silkscreen-Layer
  100
AcDbPolyline
  90
2
  70
0
  43
0.15240030480060962
  10
7.154838709677419
  20
3.826212852425705
  42
-0.414
  10
7.00243840487681
  20
3.9786131572263144
  0
LWPOLYLINE
  5
1206
  100
AcDbEntity
  8
Top-Silkscreen-Layer
  100
AcDbPolyline
  90
2
  70
0
  43
0.15240030480060962
  10
10.278613157226316
  20
12.49753619507239
  10
10.778613157226316
  20
12.49753619507239
  0
LWPOLYLINE
  5
1207
  100
AcDbEntity
  8
Top-Silkscreen-Layer
  100
AcDbPolyline
  90
2
  70
0
  43
0.15240030480060962
  10
10.126187452374907
  20
11.652755905511812
  10
10.126187452374907
  20
12.345161290322581
  0
LWPOLYLINE
  5
1208
  100
AcDbEntity
  8
Top-Silkscreen-Layer
  100
AcDbPolyline
  90
2
  70
0
  43
0.15240030480060962
  10
10.778613157226316
  20
11.500355600711202
  10
10.278613157226316
  20
11.500355600711202
  0
LWPOLYLINE
  5
1209
  100
AcDbEntity
  8
Top-Silkscreen-Layer
  100
AcDbPolyline
  90
2
  70
0
  43
0.15240030480060962
  10
11.721386842773688
  20
11.502489204978412
  10
11.221386842773688
  20
11.502489204978412
  0
LWPOLYLINE
  5
1210
  100
AcDbEntity
  8
Top-Silkscreen-Layer
  100
AcDbPolyline
  90
2
  70
0
  43
0.15240030480060962
  10
11.221386842773688
  20
12.499618999237999
  10
11.721386842773688
  20
12.499618999237999
  0
LWPOLYLINE
  5
1211
  100
AcDbEntity
  8
Top-Silkscreen-Layer
  100
AcDbPolyline
  90
2
  70
0
  43
0.15240030480060962
  10
11.873812547625096
  20
12.34726949453899
  10
11.873812547625096
  20
11.65483870967742
  0
LWPOLYLINE
  5
1212
  100
AcDbEntity
  8
Top-Silkscreen-Layer
  100
AcDbPolyline
  90
2
  70
0
  43
0.15240030480060962
  10
11.721386842773688
  20
12.499644399288801
  42
-0.414
  10
11.873787147574298
  20
12.347244094488191
  0
LWPOLYLINE
  5
1213
  100
AcDbEntity
  8
Top-Silkscreen-Layer
  100
AcDbPolyline
  90
2
  70
0
  43
0.15240030480060962
  10
11.873787147574298
  20
11.65483870967742
  42
-0.414
  10
11.721386842773688
  20
11.502438404876811
  0
LWPOLYLINE
  5
1214
  100
AcDbEntity
  8
Top-Silkscreen-Layer
  100
AcDbPolyline
  90
2
  70
0
  43
0.15240030480060962
  10
10.278613157226316
  20
11.500355600711202
  42
-0.414
  10
10.126212852425706
  20
11.652755905511812
  0
LWPOLYLINE
  5
1215
  100
AcDbEntity
  8
Top-Silkscreen-Layer
  100
AcDbPolyline
  90
2
  70
0
  43
0.15240030480060962
  10
10.126212852425706
  20
12.345161290322581
  42
-0.414
  10
10.278613157226316
  20
12.49756159512319
  0
LWPOLYLINE
  5
1216
  100
AcDbEntity
  8
Top-Silkscreen-Layer
  100
AcDbPolyline
  90
2
  70
0
  43
0.15240030480060962
  10
13.596393192786389
  20
8.311201422402846
  10
13.596393192786389
  20
6.901193802387605
  0
LWPOLYLINE
  5
1217
  100
AcDbEntity
  8
Top-Silkscreen-Layer
  100
AcDbPolyline
  90
2
  70
0
  43
0.15240030480060962
  10
15.403606807213617
  20
6.901193802387605
  10
15.403606807213617
  20
8.311201422402846
  0
LWPOLYLINE
  5
1218
  100
AcDbEntity
  8
Top-Silkscreen-Layer
  100
AcDbPolyline
  90
2
  70
0
  43
0.15240030480060962
  10
15.251206502413007
  20
8.463601727203455
  10
13.748793497586998
  20
8.463601727203455
  0
LWPOLYLINE
  5
1219
  100
AcDbEntity
  8
Top-Silkscreen-Layer
  100
AcDbPolyline
  90
2
  70
0
  43
0.15240030480060962
  10
13.596393192786389
  20
4.688798577597155
  10
13.596393192786389
  20
6.0988061976123955
  0
LWPOLYLINE
  5
1220
  100
AcDbEntity
  8
Top-Silkscreen-Layer
  100
AcDbPolyline
  90
2
  70
0
  43
0.15240030480060962
  10
15.403606807213617
  20
6.0988061976123955
  10
15.403606807213617
  20
4.688798577597155
  0
LWPOLYLINE
  5
1221
  100
AcDbEntity
  8
Top-Silkscreen-Layer
  100
AcDbPolyline
  90
2
  70
0
  43
0.15240030480060962
  10
15.251206502413005
  20
4.536398272796546
  10
13.748793497586997
  20
4.536398272796546
  0
LWPOLYLINE
  5
1222
  100
AcDbEntity
  8
Top-Silkscreen-Layer
  100
AcDbPolyline
  90
2
  70
0
  43
0.15240030480060962
  10
15.403606807213619
  20
8.311201422402846
  42
0.414
  10
15.251206502413007
  20
8.463601727203455
  0
LWPOLYLINE
  5
1223
  100
AcDbEntity
  8
Top-Silkscreen-Layer
  100
AcDbPolyline
  90
2
  70
0
  43
0.15240030480060962
  10
13.748793497586998
  20
8.463601727203455
  42
0.414
  10
13.596393192786389
  20
8.311201422402846
  0
LWPOLYLINE
  5
1224
  100
AcDbEntity
  8
Top-Silkscreen-Layer
  100
AcDbPolyline
  90
2
  70
0
  43
0.15240030480060962
  10
15.403606807213617
  20
4.688798577597155
  42
-0.414
  10
15.251206502413005
  20
4.5363982727965455
  0
LWPOLYLINE
  5
1225
  100
AcDbEntity
  8
Top-Silkscreen-Layer
  100
AcDbPolyline
  90
2
  70
0
  43
0.15240030480060962
  10
13.748793497586997
  20
4.5363982727965455
  42
-0.414
  10
13.596393192786387
  20
4.688798577597155
  0
LWPOLYLINE
  5
1226
  100
AcDbEntity
  8
Top-Silkscreen-Layer
  100
AcDbPolyline
  90
2
  70
0
  43
0.15240030480060962
  10
19.07620015240031
  20
12.97985775971552
  10
16.1237998475997
  20
12.97985775971552
  0
LWPOLYLINE
  5
1227
  100
AcDbEntity
  8
Top-Silkscreen-Layer
  100
AcDbPolyline
  90
2
  70
0
  43
0.15199390398780802
  10
16.23185166370333
  20
10.573812547625096
  10
16.1237998475997
  20
10.573812547625096
  0
LWPOLYLINE
  5
1228
  100
AcDbEntity
  8
Top-Silkscreen-Layer
  100
AcDbPolyline
  90
2
  70
0
  43
0.15199390398780802
  10
19.07620015240031
  20
10.573812547625096
  10
18.968122936245877
  20
10.573812547625096
  0
LWPOLYLINE
  5
1229
  100
AcDbEntity
  8
Top-Silkscreen-Layer
  100
AcDbPolyline
  90
2
  70
0
  43
0.15240030480060962
  10
19.07620015240031
  20
14.226187452374907
  10
19.07620015240031
  20
10.573812547625096
  0
LWPOLYLINE
  5
1230
  100
AcDbEntity
  8
Top-Silkscreen-Layer
  100
AcDbPolyline
  90
2
  70
0
  43
0.15240030480060962
  10
16.1237998475997
  20
14.226187452374907
  10
16.1237998475997
  20
10.573812547625096
  0
HATCH
  5
1242
  100
AcDbEntity
  8
Top-Silkscreen-Layer
  100
AcDbHatch
  10
0
  20
0
  30
0
  210
0
  220
0
  230
1
  2
SOLID
  70
1
  71
0
  91
1
  92
7
  72
0
  73
1
  93
4
  10
16.04759969519939
  20
14.60718821437643
  10
16.259588519177044
  20
14.60718821437643
  10
16.259588519177044
  20
14.149987299974601
  10
16.04759969519939
  20
14.149987299974601
  97
1
  330
1241
  75
0
  76
1
  47
0.4128176842155181
  98
1
  10
34.90568961886538
  20
22.81183545379326
  450
0
  451
0
  460
0
  461
0
  452
1
  462
1
  453
2
  463
0
  63
5
  421
255
  463
1
  63
7
  421
16777215
  470
LINEAR
  1001
ACAD
  1010
0
  1020
0
  1030
0
  0
LWPOLYLINE
  5
1241
  100
AcDbEntity
  8
Top-Silkscreen-Layer
  100
AcDbPolyline
  90
4
  70
1
  43
0.005080010160020321
  10
16.04759969519939
  20
14.60718821437643
  10
16.259588519177044
  20
14.60718821437643
  10
16.259588519177044
  20
14.149987299974601
  10
16.04759969519939
  20
14.149987299974601
  0
HATCH
  5
1244
  100
AcDbEntity
  8
Top-Silkscreen-Layer
  100
AcDbHatch
  10
0
  20
0
  30
0
  210
0
  220
0
  230
1
  2
SOLID
  70
1
  71
0
  91
1
  92
7
  72
0
  73
1
  93
4
  10
19.152400304800615
  20
14.150012700025401
  10
18.940411480822963
  20
14.150012700025401
  10
18.940411480822963
  20
14.607213614427229
  10
19.152400304800615
  20
14.607213614427229
  97
1
  330
1243
  75
0
  76
1
  47
0.4128176842155181
  98
1
  10
34.90568961886538
  20
22.81183545379326
  450
0
  451
0
  460
0
  461
0
  452
1
  462
1
  453
2
  463
0
  63
5
  421
255
  463
1
  63
7
  421
16777215
  470
LINEAR
  1001
ACAD
  1010
0
  1020
0
  1030
0
  0
LWPOLYLINE
  5
1243
  100
AcDbEntity
  8
Top-Silkscreen-Layer
  100
AcDbPolyline
  90
4
  70
1
  43
0.005080010160020321
  10
19.152400304800615
  20
14.150012700025401
  10
18.940411480822963
  20
14.150012700025401
  10
18.940411480822963
  20
14.607213614427229
  10
19.152400304800615
  20
14.607213614427229
  0
LWPOLYLINE
  5
1245
  100
AcDbEntity
  8
Top-Silkscreen-Layer
  100
AcDbPolyline
  90
2
  70
0
  43
0.15240030480060962
  10
9.423799847599694
  20
0.326212852425705
  10
10.576200152400304
  20
0.326212852425705
  0
LWPOLYLINE
  5
1246
  100
AcDbEntity
  8
Top-Silkscreen-Layer
  100
AcDbPolyline
  90
2
  70
0
  43
0.15240030480060962
  10
9.423799847599696
  20
-2.326212852425705
  10
10.576200152400306
  20
-2.326212852425705
  0
LWPOLYLINE
  5
1247
  100
AcDbEntity
  8
Top-Silkscreen-Layer
  100
AcDbPolyline
  90
2
  70
0
  43
0.25400050800101603
  10
59.66511811023623
  20
0.9240030480060961
  10
60.93512065024131
  20
0.9240030480060961
  0
LWPOLYLINE
  5
1248
  100
AcDbEntity
  8
Top-Silkscreen-Layer
  100
AcDbPolyline
  90
2
  70
0
  43
0.25400050800101603
  10
59.66511811023623
  20
-2.124003048006096
  10
60.93512065024131
  20
-2.124003048006096
  0
LWPOLYLINE
  5
1249
  100
AcDbEntity
  8
Top-Silkscreen-Layer
  100
AcDbPolyline
  90
2
  70
0
  43
0.15240030480060962
  10
60.9823139446279
  20
-0.3388112776225554
  10
60.9823139446279
  20
0.6867411734823471
  0
LWPOLYLINE
  5
1250
  100
AcDbEntity
  8
Top-Silkscreen-Layer
  100
AcDbPolyline
  90
2
  70
0
  43
0.15240030480060962
  10
60.9823139446279
  20
0.6867411734823471
  10
59.61792481584964
  20
0.6867411734823469
  0
LWPOLYLINE
  5
1251
  100
AcDbEntity
  8
Top-Silkscreen-Layer
  100
AcDbPolyline
  90
2
  70
0
  43
0.15240030480060962
  10
59.61792481584964
  20
0.6867411734823469
  10
59.61792481584964
  20
-0.33881127762255525
  0
LWPOLYLINE
  5
1252
  100
AcDbEntity
  8
Top-Silkscreen-Layer
  100
AcDbPolyline
  90
2
  70
0
  43
0.15240030480060962
  10
60.9823139446279
  20
-0.8611887223774449
  10
60.9823139446279
  20
-1.8867411734823474
  0
LWPOLYLINE
  5
1253
  100
AcDbEntity
  8
Top-Silkscreen-Layer
  100
AcDbPolyline
  90
2
  70
0
  43
0.15240030480060962
  10
60.9823139446279
  20
-1.8867411734823474
  10
59.61792481584964
  20
-1.8867411734823474
  0
LWPOLYLINE
  5
1254
  100
AcDbEntity
  8
Top-Silkscreen-Layer
  100
AcDbPolyline
  90
2
  70
0
  43
0.15240030480060962
  10
59.61792481584964
  20
-1.8867411734823474
  10
59.61792481584964
  20
-0.8611887223774449
  0
LWPOLYLINE
  5
1255
  100
AcDbEntity
  8
Top-Silkscreen-Layer
  100
AcDbPolyline
  90
2
  70
0
  43
0.15240030480060962
  10
9.351358902717806
  20
2.4299974599949206
  10
9.199009398018797
  20
2.275895351790704
  0
LWPOLYLINE
  5
1256
  100
AcDbEntity
  8
Top-Silkscreen-Layer
  100
AcDbPolyline
  90
2
  70
0
  43
0.15240030480060962
  10
9.199009398018797
  20
2.275895351790704
  10
8.182575565151131
  20
2.275895351790704
  0
LWPOLYLINE
  5
1257
  100
AcDbEntity
  8
Top-Silkscreen-Layer
  100
AcDbPolyline
  90
2
  70
0
  43
0.15240030480060962
  10
8.182575565151131
  20
2.275895351790704
  10
8.0500127000254
  20
2.4299974599949206
  0
LWPOLYLINE
  5
1258
  100
AcDbEntity
  8
Top-Silkscreen-Layer
  100
AcDbPolyline
  90
2
  70
0
  43
0.15240030480060962
  10
8.0500127000254
  20
4.970002540005082
  10
8.201016002032004
  20
5.124155448310897
  0
LWPOLYLINE
  5
1259
  100
AcDbEntity
  8
Top-Silkscreen-Layer
  100
AcDbPolyline
  90
2
  70
0
  43
0.15240030480060962
  10
8.201016002032004
  20
5.124155448310897
  10
9.21744983489967
  20
5.124155448310897
  0
LWPOLYLINE
  5
1260
  100
AcDbEntity
  8
Top-Silkscreen-Layer
  100
AcDbPolyline
  90
2
  70
0
  43
0.15240030480060962
  10
9.21744983489967
  20
5.124155448310897
  10
9.3500127000254
  20
4.970002540005082
  0
LWPOLYLINE
  5
1261
  100
AcDbEntity
  8
Top-Silkscreen-Layer
  100
AcDbPolyline
  90
2
  70
0
  43
0.15199390398780802
  10
8.0500127000254
  20
2.4279908559817125
  10
8.0500127000254
  20
3.1899923799847607
  0
LWPOLYLINE
  5
1262
  100
AcDbEntity
  8
Top-Silkscreen-Layer
  100
AcDbPolyline
  90
2
  70
0
  43
0.15199390398780802
  10
9.3500127000254
  20
4.97205994411989
  10
9.3500127000254
  20
4.210058420116842
  0
LWPOLYLINE
  5
1263
  100
AcDbEntity
  8
Top-Silkscreen-Layer
  100
AcDbPolyline
  90
2
  70
0
  43
0.15199390398780802
  10
9.3500127000254
  20
2.4279908559817125
  10
9.3500127000254
  20
3.1899923799847607
  0
LWPOLYLINE
  5
1264
  100
AcDbEntity
  8
Top-Silkscreen-Layer
  100
AcDbPolyline
  90
2
  70
0
  43
0.15199390398780802
  10
8.0500127000254
  20
4.97205994411989
  10
8.0500127000254
  20
4.210058420116842
  0
LWPOLYLINE
  5
1265
  100
AcDbEntity
  8
Top-Silkscreen-Layer
  100
AcDbPolyline
  90
2
  70
0
  43
0.25400050800101603
  10
64.60012954025909
  20
-7.500015240030481
  10
64.2001295402591
  20
-7.9000152400304815
  0
LWPOLYLINE
  5
1266
  100
AcDbEntity
  8
Top-Silkscreen-Layer
  100
AcDbPolyline
  90
2
  70
0
  43
0.25400050800101603
  10
64.2001295402591
  20
-7.9000152400304815
  10
64.1001295402591
  20
-8.00001524003048
  0
LWPOLYLINE
  5
1267
  100
AcDbEntity
  8
Top-Silkscreen-Layer
  100
AcDbPolyline
  90
2
  70
0
  43
0.25400050800101603
  10
64.1001295402591
  20
-8.00001524003048
  10
64.2001295402591
  20
-8.100269240538482
  0
LWPOLYLINE
  5
1268
  100
AcDbEntity
  8
Top-Silkscreen-Layer
  100
AcDbPolyline
  90
2
  70
0
  43
0.25400050800101603
  10
64.2001295402591
  20
-8.100269240538482
  10
64.60012954025909
  20
-8.500269240538481
  0
LWPOLYLINE
  5
1269
  100
AcDbEntity
  8
Top-Silkscreen-Layer
  100
AcDbPolyline
  90
2
  70
0
  43
0.25400050800101603
  10
64.60012954025909
  20
-7.500015240030481
  10
64.60012954025909
  20
-8.500269240538481
  0
LWPOLYLINE
  5
1270
  100
AcDbEntity
  8
Top-Silkscreen-Layer
  100
AcDbPolyline
  90
2
  70
0
  43
0.25400050800101603
  10
64.84336042672086
  20
-9.017287274574551
  10
66.39276352552707
  20
-9.017287274574551
  0
LWPOLYLINE
  5
1271
  100
AcDbEntity
  8
Top-Silkscreen-Layer
  100
AcDbPolyline
  90
2
  70
0
  43
0.25400050800101603
  10
66.39276352552707
  20
-9.017287274574551
  10
66.39276352552707
  20
-6.985283210566422
  0
LWPOLYLINE
  5
1272
  100
AcDbEntity
  8
Top-Silkscreen-Layer
  100
AcDbPolyline
  90
2
  70
0
  43
0.25400050800101603
  10
66.39276352552707
  20
-6.985283210566422
  10
64.84336042672086
  20
-6.985283210566422
  0
LWPOLYLINE
  5
1273
  100
AcDbEntity
  8
Top-Silkscreen-Layer
  100
AcDbPolyline
  90
2
  70
0
  43
0.25400050800101603
  10
64.05595885191772
  20
-9.04268732537465
  10
62.582755905511824
  20
-9.04268732537465
  0
LWPOLYLINE
  5
1274
  100
AcDbEntity
  8
Top-Silkscreen-Layer
  100
AcDbPolyline
  90
2
  70
0
  43
0.25400050800101603
  10
62.582755905511824
  20
-9.04268732537465
  10
62.176355092710196
  20
-8.636286512573028
  0
LWPOLYLINE
  5
1275
  100
AcDbEntity
  8
Top-Silkscreen-Layer
  100
AcDbPolyline
  90
2
  70
0
  43
0.25400050800101603
  10
62.176355092710196
  20
-8.636286512573028
  10
62.176355092710196
  20
-7.366283972567945
  0
LWPOLYLINE
  5
1276
  100
AcDbEntity
  8
Top-Silkscreen-Layer
  100
AcDbPolyline
  90
2
  70
0
  43
0.25400050800101603
  10
62.176355092710196
  20
-7.366283972567945
  10
62.55735585471172
  20
-6.985283210566422
  0
LWPOLYLINE
  5
1277
  100
AcDbEntity
  8
Top-Silkscreen-Layer
  100
AcDbPolyline
  90
2
  70
0
  43
0.25400050800101603
  10
62.55735585471172
  20
-6.985283210566422
  10
64.08135890271782
  20
-6.985283210566422
  0
LWPOLYLINE
  5
1284
  100
AcDbEntity
  8
Top-Silkscreen-Layer
  100
AcDbPolyline
  90
2
  70
0
  43
0.25400050800101603
  10
64.60012954025909
  20
8.50001524003048
  10
64.2001295402591
  20
8.100015240030482
  0
LWPOLYLINE
  5
1285
  100
AcDbEntity
  8
Top-Silkscreen-Layer
  100
AcDbPolyline
  90
2
  70
0
  43
0.25400050800101603
  10
64.2001295402591
  20
8.100015240030482
  10
64.1001295402591
  20
8.00001524003048
  0
LWPOLYLINE
  5
1286
  100
AcDbEntity
  8
Top-Silkscreen-Layer
  100
AcDbPolyline
  90
2
  70
0
  43
0.25400050800101603
  10
64.1001295402591
  20
8.00001524003048
  10
64.2001295402591
  20
7.89976123952248
  0
LWPOLYLINE
  5
1287
  100
AcDbEntity
  8
Top-Silkscreen-Layer
  100
AcDbPolyline
  90
2
  70
0
  43
0.25400050800101603
  10
64.2001295402591
  20
7.89976123952248
  10
64.60012954025909
  20
7.49976123952248
  0
LWPOLYLINE
  5
1288
  100
AcDbEntity
  8
Top-Silkscreen-Layer
  100
AcDbPolyline
  90
2
  70
0
  43
0.25400050800101603
  10
64.60012954025909
  20
8.50001524003048
  10
64.60012954025909
  20
7.49976123952248
  0
LWPOLYLINE
  5
1289
  100
AcDbEntity
  8
Top-Silkscreen-Layer
  100
AcDbPolyline
  90
2
  70
0
  43
0.25400050800101603
  10
64.84336042672086
  20
6.982743205486412
  10
66.39276352552707
  20
6.982743205486412
  0
LWPOLYLINE
  5
1290
  100
AcDbEntity
  8
Top-Silkscreen-Layer
  100
AcDbPolyline
  90
2
  70
0
  43
0.25400050800101603
  10
66.39276352552707
  20
6.982743205486412
  10
66.39276352552707
  20
9.01474726949454
  0
LWPOLYLINE
  5
1291
  100
AcDbEntity
  8
Top-Silkscreen-Layer
  100
AcDbPolyline
  90
2
  70
0
  43
0.25400050800101603
  10
66.39276352552707
  20
9.01474726949454
  10
64.84336042672086
  20
9.01474726949454
  0
LWPOLYLINE
  5
1292
  100
AcDbEntity
  8
Top-Silkscreen-Layer
  100
AcDbPolyline
  90
2
  70
0
  43
0.25400050800101603
  10
64.05595885191772
  20
6.95734315468631
  10
62.582755905511824
  20
6.95734315468631
  0
LWPOLYLINE
  5
1293
  100
AcDbEntity
  8
Top-Silkscreen-Layer
  100
AcDbPolyline
  90
2
  70
0
  43
0.25400050800101603
  10
62.582755905511824
  20
6.95734315468631
  10
62.176355092710196
  20
7.363743967487936
  0
LWPOLYLINE
  5
1294
  100
AcDbEntity
  8
Top-Silkscreen-Layer
  100
AcDbPolyline
  90
2
  70
0
  43
0.25400050800101603
  10
62.176355092710196
  20
7.363743967487936
  10
62.176355092710196
  20
8.633746507493015
  0
LWPOLYLINE
  5
1295
  100
AcDbEntity
  8
Top-Silkscreen-Layer
  100
AcDbPolyline
  90
2
  70
0
  43
0.25400050800101603
  10
62.176355092710196
  20
8.633746507493015
  10
62.55735585471172
  20
9.01474726949454
  0
LWPOLYLINE
  5
1296
  100
AcDbEntity
  8
Top-Silkscreen-Layer
  100
AcDbPolyline
  90
2
  70
0
  43
0.25400050800101603
  10
62.55735585471172
  20
9.01474726949454
  10
64.08135890271782
  20
9.01474726949454
  0
LWPOLYLINE
  5
1303
  100
AcDbEntity
  8
Top-Silkscreen-Layer
  100
AcDbPolyline
  90
2
  70
0
  43
0.15199390398780802
  10
59.49265938531878
  20
-10.235001270002542
  10
59.907340614681246
  20
-10.235001270002542
  0
LWPOLYLINE
  5
1304
  100
AcDbEntity
  8
Top-Silkscreen-Layer
  100
AcDbPolyline
  90
2
  70
0
  43
0.15199390398780802
  10
59.25999491998985
  20
-8.975006350012702
  10
58.64000508001017
  20
-8.975006350012702
  0
LWPOLYLINE
  5
1305
  100
AcDbEntity
  8
Top-Silkscreen-Layer
  100
AcDbPolyline
  90
2
  70
0
  43
0.15199390398780802
  10
58.64000508001017
  20
-8.975006350012702
  10
58.64000508001017
  20
-10.214986029972062
  0
LWPOLYLINE
  5
1306
  100
AcDbEntity
  8
Top-Silkscreen-Layer
  100
AcDbPolyline
  90
2
  70
0
  43
0.15199390398780802
  10
58.64000508001017
  20
-10.214986029972062
  10
58.64000508001017
  20
-10.2249936499873
  0
LWPOLYLINE
  5
1307
  100
AcDbEntity
  8
Top-Silkscreen-Layer
  100
AcDbPolyline
  90
2
  70
0
  43
0.15199390398780802
  10
60.75999491998985
  20
-8.975006350012702
  10
60.75999491998985
  20
-10.2249936499873
  0
LWPOLYLINE
  5
1308
  100
AcDbEntity
  8
Top-Silkscreen-Layer
  100
AcDbPolyline
  90
2
  70
0
  43
0.15199390398780802
  10
60.75999491998985
  20
-8.975006350012702
  10
60.142646685293386
  20
-8.975006350012702
  0
LWPOLYLINE
  5
1309
  100
AcDbEntity
  8
Top-Silkscreen-Layer
  100
AcDbPolyline
  90
2
  70
0
  43
0.15199390398780802
  10
59.707459994919994
  20
9.8350190500381
  10
59.29277876555753
  20
9.8350190500381
  0
LWPOLYLINE
  5
1310
  100
AcDbEntity
  8
Top-Silkscreen-Layer
  100
AcDbPolyline
  90
2
  70
0
  43
0.15199390398780802
  10
59.940124460248924
  20
8.575024130048261
  10
60.560114300228605
  20
8.575024130048261
  0
LWPOLYLINE
  5
1311
  100
AcDbEntity
  8
Top-Silkscreen-Layer
  100
AcDbPolyline
  90
2
  70
0
  43
0.15199390398780802
  10
60.560114300228605
  20
8.575024130048261
  10
60.560114300228605
  20
9.815003810007621
  0
LWPOLYLINE
  5
1312
  100
AcDbEntity
  8
Top-Silkscreen-Layer
  100
AcDbPolyline
  90
2
  70
0
  43
0.15199390398780802
  10
60.560114300228605
  20
9.815003810007621
  10
60.560114300228605
  20
9.825011430022862
  0
LWPOLYLINE
  5
1313
  100
AcDbEntity
  8
Top-Silkscreen-Layer
  100
AcDbPolyline
  90
2
  70
0
  43
0.15199390398780802
  10
58.44012446024892
  20
8.575024130048261
  10
58.44012446024892
  20
9.825011430022862
  0
LWPOLYLINE
  5
1314
  100
AcDbEntity
  8
Top-Silkscreen-Layer
  100
AcDbPolyline
  90
2
  70
0
  43
0.15199390398780802
  10
58.44012446024892
  20
8.575024130048261
  10
59.05747269494539
  20
8.575024130048261
  0
LWPOLYLINE
  5
1315
  100
AcDbEntity
  8
Top-Silkscreen-Layer
  100
AcDbPolyline
  90
2
  70
0
  43
0.15240030480060962
  10
59.59872237744476
  20
-12.426238252476507
  10
59.59872237744476
  20
-13.14427228854458
  0
LWPOLYLINE
  5
1316
  100
AcDbEntity
  8
Top-Silkscreen-Layer
  100
AcDbPolyline
  90
2
  70
0
  43
0.15240030480060962
  10
59.59872237744476
  20
-13.14427228854458
  10
58.601516383032774
  20
-13.14427228854458
  0
LWPOLYLINE
  5
1317
  100
AcDbEntity
  8
Top-Silkscreen-Layer
  100
AcDbPolyline
  90
2
  70
0
  43
0.15240030480060962
  10
58.601516383032774
  20
-13.14427228854458
  10
58.601516383032774
  20
-12.426238252476507
  0
LWPOLYLINE
  5
1318
  100
AcDbEntity
  8
Top-Silkscreen-Layer
  100
AcDbPolyline
  90
2
  70
0
  43
0.15240030480060962
  10
59.59872237744476
  20
-11.973812547625098
  10
59.59872237744476
  20
-11.255778511557024
  0
LWPOLYLINE
  5
1319
  100
AcDbEntity
  8
Top-Silkscreen-Layer
  100
AcDbPolyline
  90
2
  70
0
  43
0.15240030480060962
  10
59.59872237744476
  20
-11.255778511557024
  10
58.601516383032774
  20
-11.255778511557024
  0
LWPOLYLINE
  5
1320
  100
AcDbEntity
  8
Top-Silkscreen-Layer
  100
AcDbPolyline
  90
2
  70
0
  43
0.15240030480060962
  10
58.601516383032774
  20
-11.255778511557024
  10
58.601516383032774
  20
-11.973812547625098
  0
LWPOLYLINE
  5
1321
  100
AcDbEntity
  8
Top-Silkscreen-Layer
  100
AcDbPolyline
  90
2
  70
0
  43
0.15240030480060962
  10
60.77390906781814
  20
-8.498618237236476
  10
60.05587503175007
  20
-8.498618237236476
  0
LWPOLYLINE
  5
1322
  100
AcDbEntity
  8
Top-Silkscreen-Layer
  100
AcDbPolyline
  90
2
  70
0
  43
0.15240030480060962
  10
60.05587503175007
  20
-8.498618237236476
  10
60.05587503175007
  20
-7.501412242824486
  0
LWPOLYLINE
  5
1323
  100
AcDbEntity
  8
Top-Silkscreen-Layer
  100
AcDbPolyline
  90
2
  70
0
  43
0.15240030480060962
  10
60.05587503175007
  20
-7.501412242824486
  10
60.77390906781814
  20
-7.501412242824486
  0
LWPOLYLINE
  5
1324
  100
AcDbEntity
  8
Top-Silkscreen-Layer
  100
AcDbPolyline
  90
2
  70
0
  43
0.15240030480060962
  10
61.22633477266955
  20
-8.498618237236476
  10
61.94436880873762
  20
-8.498618237236476
  0
LWPOLYLINE
  5
1325
  100
AcDbEntity
  8
Top-Silkscreen-Layer
  100
AcDbPolyline
  90
2
  70
0
  43
0.15240030480060962
  10
61.94436880873762
  20
-8.498618237236476
  10
61.94436880873762
  20
-7.501412242824486
  0
LWPOLYLINE
  5
1326
  100
AcDbEntity
  8
Top-Silkscreen-Layer
  100
AcDbPolyline
  90
2
  70
0
  43
0.15240030480060962
  10
61.94436880873762
  20
-7.501412242824486
  10
61.22633477266955
  20
-7.501412242824486
  0
LWPOLYLINE
  5
1327
  100
AcDbEntity
  8
Top-Silkscreen-Layer
  100
AcDbPolyline
  90
2
  70
0
  43
0.15240030480060962
  10
59.49871983743969
  20
11.573810007620015
  10
59.49871983743969
  20
10.855775971551942
  0
LWPOLYLINE
  5
1328
  100
AcDbEntity
  8
Top-Silkscreen-Layer
  100
AcDbPolyline
  90
2
  70
0
  43
0.15240030480060962
  10
59.49871983743969
  20
10.855775971551942
  10
58.5015138430277
  20
10.855775971551942
  0
LWPOLYLINE
  5
1329
  100
AcDbEntity
  8
Top-Silkscreen-Layer
  100
AcDbPolyline
  90
2
  70
0
  43
0.15240030480060962
  10
58.5015138430277
  20
10.855775971551942
  10
58.5015138430277
  20
11.573810007620015
  0
LWPOLYLINE
  5
1330
  100
AcDbEntity
  8
Top-Silkscreen-Layer
  100
AcDbPolyline
  90
2
  70
0
  43
0.15240030480060962
  10
59.49871983743969
  20
12.026235712471426
  10
59.49871983743969
  20
12.744269748539498
  0
LWPOLYLINE
  5
1331
  100
AcDbEntity
  8
Top-Silkscreen-Layer
  100
AcDbPolyline
  90
2
  70
0
  43
0.15240030480060962
  10
59.49871983743969
  20
12.744269748539498
  10
58.5015138430277
  20
12.744269748539498
  0
LWPOLYLINE
  5
1332
  100
AcDbEntity
  8
Top-Silkscreen-Layer
  100
AcDbPolyline
  90
2
  70
0
  43
0.15240030480060962
  10
58.5015138430277
  20
12.744269748539498
  10
58.5015138430277
  20
12.026235712471426
  0
LWPOLYLINE
  5
1333
  100
AcDbEntity
  8
Top-Silkscreen-Layer
  100
AcDbPolyline
  90
2
  70
0
  43
0.15240030480060962
  10
61.22633477266955
  20
8.398618237236475
  10
61.94436880873762
  20
8.398618237236475
  0
LWPOLYLINE
  5
1334
  100
AcDbEntity
  8
Top-Silkscreen-Layer
  100
AcDbPolyline
  90
2
  70
0
  43
0.15240030480060962
  10
61.94436880873762
  20
8.398618237236475
  10
61.94436880873762
  20
7.4014122428244855
  0
LWPOLYLINE
  5
1335
  100
AcDbEntity
  8
Top-Silkscreen-Layer
  100
AcDbPolyline
  90
2
  70
0
  43
0.15240030480060962
  10
61.94436880873762
  20
7.4014122428244855
  10
61.22633477266955
  20
7.4014122428244855
  0
LWPOLYLINE
  5
1336
  100
AcDbEntity
  8
Top-Silkscreen-Layer
  100
AcDbPolyline
  90
2
  70
0
  43
0.15240030480060962
  10
60.77390906781814
  20
8.398618237236475
  10
60.05587503175007
  20
8.398618237236475
  0
LWPOLYLINE
  5
1337
  100
AcDbEntity
  8
Top-Silkscreen-Layer
  100
AcDbPolyline
  90
2
  70
0
  43
0.15240030480060962
  10
60.05587503175007
  20
8.398618237236475
  10
60.05587503175007
  20
7.4014122428244855
  0
LWPOLYLINE
  5
1338
  100
AcDbEntity
  8
Top-Silkscreen-Layer
  100
AcDbPolyline
  90
2
  70
0
  43
0.15240030480060962
  10
60.05587503175007
  20
7.4014122428244855
  10
60.77390906781814
  20
7.4014122428244855
  0
LWPOLYLINE
  5
1339
  100
AcDbEntity
  8
Top-Silkscreen-Layer
  100
AcDbPolyline
  90
2
  70
0
  43
0.15240030480060962
  10
7.773787147574296
  20
-1.9986029972059947
  10
7.055753111506223
  20
-1.9986029972059947
  0
LWPOLYLINE
  5
1340
  100
AcDbEntity
  8
Top-Silkscreen-Layer
  100
AcDbPolyline
  90
2
  70
0
  43
0.15240030480060962
  10
7.055753111506223
  20
-1.9986029972059947
  10
7.055753111506223
  20
-1.0013970027940058
  0
LWPOLYLINE
  5
1341
  100
AcDbEntity
  8
Top-Silkscreen-Layer
  100
AcDbPolyline
  90
2
  70
0
  43
0.15240030480060962
  10
7.055753111506223
  20
-1.0013970027940058
  10
7.773787147574296
  20
-1.0013970027940058
  0
LWPOLYLINE
  5
1342
  100
AcDbEntity
  8
Top-Silkscreen-Layer
  100
AcDbPolyline
  90
2
  70
0
  43
0.15240030480060962
  10
8.226212852425705
  20
-1.9986029972059947
  10
8.944246888493778
  20
-1.9986029972059947
  0
LWPOLYLINE
  5
1343
  100
AcDbEntity
  8
Top-Silkscreen-Layer
  100
AcDbPolyline
  90
2
  70
0
  43
0.15240030480060962
  10
8.944246888493778
  20
-1.9986029972059947
  10
8.944246888493778
  20
-1.0013970027940058
  0
LWPOLYLINE
  5
1344
  100
AcDbEntity
  8
Top-Silkscreen-Layer
  100
AcDbPolyline
  90
2
  70
0
  43
0.15240030480060962
  10
8.944246888493778
  20
-1.0013970027940058
  10
8.226212852425705
  20
-1.0013970027940058
  0
LWPOLYLINE
  5
1345
  100
AcDbEntity
  8
Top-Silkscreen-Layer
  100
AcDbPolyline
  90
2
  70
0
  43
0.15240030480060962
  10
8.173787147574298
  20
0.8013970027940057
  10
7.455753111506225
  20
0.8013970027940057
  0
LWPOLYLINE
  5
1346
  100
AcDbEntity
  8
Top-Silkscreen-Layer
  100
AcDbPolyline
  90
2
  70
0
  43
0.15240030480060962
  10
7.455753111506225
  20
0.8013970027940057
  10
7.455753111506225
  20
1.7986029972059947
  0
LWPOLYLINE
  5
1347
  100
AcDbEntity
  8
Top-Silkscreen-Layer
  100
AcDbPolyline
  90
2
  70
0
  43
0.15240030480060962
  10
7.455753111506225
  20
1.7986029972059947
  10
8.173787147574298
  20
1.7986029972059947
  0
LWPOLYLINE
  5
1348
  100
AcDbEntity
  8
Top-Silkscreen-Layer
  100
AcDbPolyline
  90
2
  70
0
  43
0.15240030480060962
  10
8.626212852425708
  20
0.8013970027940057
  10
9.34424688849378
  20
0.8013970027940057
  0
LWPOLYLINE
  5
1349
  100
AcDbEntity
  8
Top-Silkscreen-Layer
  100
AcDbPolyline
  90
2
  70
0
  43
0.15240030480060962
  10
9.34424688849378
  20
0.8013970027940057
  10
9.34424688849378
  20
1.7986029972059947
  0
LWPOLYLINE
  5
1350
  100
AcDbEntity
  8
Top-Silkscreen-Layer
  100
AcDbPolyline
  90
2
  70
0
  43
0.15240030480060962
  10
9.34424688849378
  20
1.7986029972059947
  10
8.626212852425708
  20
1.7986029972059947
  0
LWPOLYLINE
  5
1351
  100
AcDbEntity
  8
Top-Silkscreen-Layer
  100
AcDbPolyline
  90
2
  70
0
  43
0.15240030480060962
  10
16.60139700279401
  20
-1.5737871475742953
  10
16.60139700279401
  20
-0.8557531115062231
  0
LWPOLYLINE
  5
1352
  100
AcDbEntity
  8
Top-Silkscreen-Layer
  100
AcDbPolyline
  90
2
  70
0
  43
0.15240030480060962
  10
16.60139700279401
  20
-0.8557531115062231
  10
17.598602997205994
  20
-0.8557531115062231
  0
LWPOLYLINE
  5
1353
  100
AcDbEntity
  8
Top-Silkscreen-Layer
  100
AcDbPolyline
  90
2
  70
0
  43
0.15240030480060962
  10
17.598602997205994
  20
-0.8557531115062231
  10
17.598602997205994
  20
-1.5737871475742953
  0
LWPOLYLINE
  5
1354
  100
AcDbEntity
  8
Top-Silkscreen-Layer
  100
AcDbPolyline
  90
2
  70
0
  43
0.15240030480060962
  10
16.60139700279401
  20
-2.0262128524257053
  10
16.60139700279401
  20
-2.744246888493777
  0
LWPOLYLINE
  5
1355
  100
AcDbEntity
  8
Top-Silkscreen-Layer
  100
AcDbPolyline
  90
2
  70
0
  43
0.15240030480060962
  10
16.60139700279401
  20
-2.744246888493777
  10
17.598602997205994
  20
-2.744246888493777
  0
LWPOLYLINE
  5
1356
  100
AcDbEntity
  8
Top-Silkscreen-Layer
  100
AcDbPolyline
  90
2
  70
0
  43
0.15240030480060962
  10
17.598602997205994
  20
-2.744246888493777
  10
17.598602997205994
  20
-2.0262128524257053
  0
LWPOLYLINE
  5
1357
  100
AcDbEntity
  8
Top-Silkscreen-Layer
  100
AcDbPolyline
  90
2
  70
0
  43
0.15240030480060962
  10
8.973787147574296
  20
11.501397002794008
  10
8.255753111506223
  20
11.501397002794008
  0
LWPOLYLINE
  5
1358
  100
AcDbEntity
  8
Top-Silkscreen-Layer
  100
AcDbPolyline
  90
2
  70
0
  43
0.15240030480060962
  10
8.255753111506223
  20
11.501397002794008
  10
8.255753111506223
  20
12.498602997205996
  0
LWPOLYLINE
  5
1359
  100
AcDbEntity
  8
Top-Silkscreen-Layer
  100
AcDbPolyline
  90
2
  70
0
  43
0.15240030480060962
  10
8.255753111506223
  20
12.498602997205996
  10
8.973787147574296
  20
12.498602997205996
  0
LWPOLYLINE
  5
1360
  100
AcDbEntity
  8
Top-Silkscreen-Layer
  100
AcDbPolyline
  90
2
  70
0
  43
0.15240030480060962
  10
9.426212852425705
  20
11.501397002794008
  10
10.144246888493779
  20
11.501397002794008
  0
LWPOLYLINE
  5
1361
  100
AcDbEntity
  8
Top-Silkscreen-Layer
  100
AcDbPolyline
  90
2
  70
0
  43
0.15240030480060962
  10
10.144246888493779
  20
11.501397002794008
  10
10.144246888493779
  20
12.498602997205996
  0
LWPOLYLINE
  5
1362
  100
AcDbEntity
  8
Top-Silkscreen-Layer
  100
AcDbPolyline
  90
2
  70
0
  43
0.15240030480060962
  10
10.144246888493779
  20
12.498602997205996
  10
9.426212852425705
  20
12.498602997205996
  0
LWPOLYLINE
  5
1363
  100
AcDbEntity
  8
Top-Silkscreen-Layer
  100
AcDbPolyline
  90
2
  70
0
  43
0.25400050800101603
  10
68.36710947421896
  20
-2.563728727457454
  10
76.39212852425706
  20
-2.5637287274574536
  0
LWPOLYLINE
  5
1364
  100
AcDbEntity
  8
Top-Silkscreen-Layer
  100
AcDbPolyline
  90
2
  70
0
  43
0.25400050800101603
  10
71.82009398018798
  20
2.538074676149353
  10
71.82009398018798
  20
-2.563703327406655
  0
LWPOLYLINE
  5
1365
  100
AcDbEntity
  8
Top-Silkscreen-Layer
  100
AcDbPolyline
  90
2
  70
0
  43
0.25400050800101603
  10
72.7272313944628
  20
-2.563703327406655
  10
71.96548387096774
  20
2.538074676149353
  0
LWPOLYLINE
  5
1366
  100
AcDbEntity
  8
Top-Silkscreen-Layer
  100
AcDbPolyline
  90
2
  70
0
  43
0.25400050800101603
  10
72.7272313944628
  20
2.538074676149353
  10
72.7272313944628
  20
-2.563703327406655
  0
LWPOLYLINE
  5
1367
  100
AcDbEntity
  8
Top-Silkscreen-Layer
  100
AcDbPolyline
  90
2
  70
0
  43
0.25400050800101603
  10
73.54366522733046
  20
-2.563703327406655
  10
72.78191770383542
  20
2.538074676149353
  0
LWPOLYLINE
  5
1368
  100
AcDbEntity
  8
Top-Silkscreen-Layer
  100
AcDbPolyline
  90
2
  70
0
  43
0.25400050800101603
  10
73.54366522733046
  20
2.538074676149353
  10
73.54366522733046
  20
-2.563703327406655
  0
LWPOLYLINE
  5
1369
  100
AcDbEntity
  8
Top-Silkscreen-Layer
  100
AcDbPolyline
  90
2
  70
0
  43
0.25400050800101603
  10
74.34196342392686
  20
-2.563703327406655
  10
73.58021590043181
  20
2.538074676149353
  0
LWPOLYLINE
  5
1370
  100
AcDbEntity
  8
Top-Silkscreen-Layer
  100
AcDbPolyline
  90
2
  70
0
  43
0.25400050800101603
  10
74.34196342392686
  20
2.538074676149353
  10
74.34196342392686
  20
-2.563703327406655
  0
LWPOLYLINE
  5
1371
  100
AcDbEntity
  8
Top-Silkscreen-Layer
  100
AcDbPolyline
  90
2
  70
0
  43
0.25400050800101603
  10
75.12212598425198
  20
-2.5637287274574545
  10
74.36032766065534
  20
2.538049276098553
  0
LWPOLYLINE
  5
1372
  100
AcDbEntity
  8
Top-Silkscreen-Layer
  100
AcDbPolyline
  90
2
  70
0
  43
0.25400050800101603
  10
75.12212598425198
  20
2.538049276098553
  10
75.12212598425198
  20
-2.5637287274574545
  0
LWPOLYLINE
  5
1373
  100
AcDbEntity
  8
Top-Silkscreen-Layer
  100
AcDbPolyline
  90
2
  70
0
  43
0.25400050800101603
  10
76.36713487426977
  20
2.538049276098554
  10
76.36713487426977
  20
-2.539954279908559
  0
LWPOLYLINE
  5
1374
  100
AcDbEntity
  8
Top-Silkscreen-Layer
  100
AcDbPolyline
  90
2
  70
0
  43
0.25400050800101603
  10
68.36710947421896
  20
2.5380492760985534
  10
76.36713487426977
  20
2.538049276098554
  0
LWPOLYLINE
  5
1375
  100
AcDbEntity
  8
Top-Silkscreen-Layer
  100
AcDbPolyline
  90
2
  70
0
  43
0.25400050800101603
  10
66.86710947421895
  20
-3.2499618999238002
  10
68.36710947421896
  20
-3.2499618999237994
  0
LWPOLYLINE
  5
1376
  100
AcDbEntity
  8
Top-Silkscreen-Layer
  100
AcDbPolyline
  90
2
  70
0
  43
0.25400050800101603
  10
68.36710947421896
  20
3.2500635001270015
  10
68.36710947421896
  20
-3.1749555499110995
  0
LWPOLYLINE
  5
1377
  100
AcDbEntity
  8
Top-Silkscreen-Layer
  100
AcDbPolyline
  90
2
  70
0
  43
0.25400050800101603
  10
66.86710947421895
  20
3.2500635001270006
  10
68.36710947421896
  20
3.2500635001270015
  0
LWPOLYLINE
  5
1378
  100
AcDbEntity
  8
Top-Silkscreen-Layer
  100
AcDbPolyline
  90
2
  70
0
  43
0.25400050800101603
  10
66.86710947421895
  20
3.2500635001270006
  10
66.86710947421895
  20
-3.2499618999238002
  0
LWPOLYLINE
  5
1381
  100
AcDbEntity
  8
Top-Silkscreen-Layer
  100
AcDbPolyline
  90
2
  70
0
  43
0.152
  10
15.741198882397768
  20
3.2262128524257054
  10
15.310134620269242
  20
3.2262128524257054
  0
LWPOLYLINE
  5
1382
  100
AcDbEntity
  8
Top-Silkscreen-Layer
  100
AcDbPolyline
  90
2
  70
0
  43
0.152
  10
12.658801117602236
  20
3.2262128524257054
  10
13.08986537973076
  20
3.2262128524257054
  0
LWPOLYLINE
  5
1383
  100
AcDbEntity
  8
Top-Silkscreen-Layer
  100
AcDbPolyline
  90
2
  70
0
  43
0.152
  10
13.089865379730762
  20
-0.8262128524257049
  10
12.658801117602236
  20
-0.8262128524257049
  0
LWPOLYLINE
  5
1384
  100
AcDbEntity
  8
Top-Silkscreen-Layer
  100
AcDbPolyline
  90
2
  70
0
  43
0.152
  10
15.741198882397768
  20
-0.8262128524257053
  10
15.310134620269244
  20
-0.8262128524257051
  0
LWPOLYLINE
  5
1385
  100
AcDbEntity
  8
Top-Silkscreen-Layer
  100
AcDbPolyline
  90
2
  70
0
  43
0.15240030480060962
  10
15.741198882397768
  20
-0.8262128524257053
  10
15.741198882397768
  20
3.2262128524257054
  0
LWPOLYLINE
  5
1386
  100
AcDbEntity
  8
Top-Silkscreen-Layer
  100
AcDbPolyline
  90
2
  70
0
  43
0.15240030480060962
  10
12.658801117602236
  20
-0.8262128524257049
  10
12.658801117602236
  20
3.2262128524257054
  0
LWPOLYLINE
  5
1387
  100
AcDbEntity
  8
Top-Silkscreen-Layer
  100
AcDbPolyline
  90
2
  70
0
  43
0.15240030480060962
  10
17.710690881381765
  20
-6.581638303276608
  10
17.710690881381765
  20
-7.155323850647703
  0
LWPOLYLINE
  5
1388
  100
AcDbEntity
  8
Top-Silkscreen-Layer
  100
AcDbPolyline
  90
2
  70
0
  43
0.15240030480060962
  10
17.710690881381765
  20
-7.155323850647703
  10
17.13700533401067
  20
-7.155323850647703
  0
LWPOLYLINE
  5
1389
  100
AcDbEntity
  8
Top-Silkscreen-Layer
  100
AcDbPolyline
  90
2
  70
0
  43
0.15240030480060962
  10
13.558290576581156
  20
-6.581638303276607
  10
13.558290576581156
  20
-7.155323850647703
  0
LWPOLYLINE
  5
1390
  100
AcDbEntity
  8
Top-Silkscreen-Layer
  100
AcDbPolyline
  90
2
  70
0
  43
0.15240030480060962
  10
13.558290576581156
  20
-7.155323850647703
  10
14.131976123952251
  20
-7.155323850647703
  0
LWPOLYLINE
  5
1391
  100
AcDbEntity
  8
Top-Silkscreen-Layer
  100
AcDbPolyline
  90
2
  70
0
  43
0.15240030480060962
  10
17.710690881381765
  20
-3.5766090932181873
  10
17.710690881381765
  20
-3.002923545847093
  0
LWPOLYLINE
  5
1392
  100
AcDbEntity
  8
Top-Silkscreen-Layer
  100
AcDbPolyline
  90
2
  70
0
  43
0.15240030480060962
  10
17.710690881381765
  20
-3.002923545847093
  10
17.13700533401067
  20
-3.002923545847092
  0
LWPOLYLINE
  5
1393
  100
AcDbEntity
  8
Top-Silkscreen-Layer
  100
AcDbPolyline
  90
2
  70
0
  43
0.15240030480060962
  10
13.558290576581156
  20
-3.5766090932181864
  10
13.558290576581156
  20
-3.0029235458470915
  0
LWPOLYLINE
  5
1394
  100
AcDbEntity
  8
Top-Silkscreen-Layer
  100
AcDbPolyline
  90
2
  70
0
  43
0.15240030480060962
  10
13.558290576581156
  20
-3.0029235458470915
  10
14.131976123952251
  20
-3.0029235458470924
  0
LWPOLYLINE
  5
1395
  100
AcDbEntity
  8
Top-Silkscreen-Layer
  100
AcDbPolyline
  90
2
  70
0
  43
0.25400050800101603
  10
19.000152400304803
  20
7.2082042164084354
  10
16.000000000000004
  20
7.208204216408435
  0
LWPOLYLINE
  5
1396
  100
AcDbEntity
  8
Top-Silkscreen-Layer
  100
AcDbPolyline
  90
2
  70
0
  43
0.25400050800101603
  10
16.000000000000004
  20
7.208204216408435
  10
16.000000000000004
  20
2.9409956819913647
  0
LWPOLYLINE
  5
1397
  100
AcDbEntity
  8
Top-Silkscreen-Layer
  100
AcDbPolyline
  90
2
  70
0
  43
0.25400050800101603
  10
16.037084074168153
  20
2.9409956819913647
  10
19.000000000000007
  20
2.940995681991365
  0
LWPOLYLINE
  5
1398
  100
AcDbEntity
  8
Top-Silkscreen-Layer
  100
AcDbPolyline
  90
2
  70
0
  43
0.25400050800101603
  10
19.000152400304803
  20
4.337998475996954
  10
19.000152400304803
  20
2.940995681991365
  0
LWPOLYLINE
  5
1399
  100
AcDbEntity
  8
Top-Silkscreen-Layer
  100
AcDbPolyline
  90
2
  70
0
  43
0.25400050800101603
  10
19.000152400304803
  20
7.2082042164084354
  10
19.000152400304803
  20
5.8112014224028465
  0
LWPOLYLINE
  5
1400
  100
AcDbEntity
  8
Top-Silkscreen-Layer
  100
AcDbPolyline
  90
3
  70
0
  43
0.30000000000000004
  10
19.237363474726955
  20
7.665405130810263
  42
0.996
  10
19.23609347218695
  20
7.965425131605335
  42
0.996
  10
19.234823469646944
  20
7.665405130810263
  0
LWPOLYLINE
  5
1401
  100
AcDbEntity
  8
Top-Silkscreen-Layer
  100
AcDbPolyline
  90
2
  70
0
  43
0.25400050800101603
  10
19.000152400304803
  20
4.337998475996954
  42
-1
  10
19.000152400304806
  20
5.785801371602744
  0
LWPOLYLINE
  5
1402
  100
AcDbEntity
  8
Top-Silkscreen-Layer
  100
AcDbPolyline
  90
2
  70
0
  43
0.25400050800101603
  10
2.7084937769875537
  20
4.500050800101601
  10
4.521447802895605
  20
4.500050800101601
  0
LWPOLYLINE
  5
1403
  100
AcDbEntity
  8
Top-Silkscreen-Layer
  100
AcDbPolyline
  90
2
  70
0
  43
0.25400050800101603
  10
2.7084937769875546
  20
-4.4999745999492005
  10
4.521447802895606
  20
-4.4999745999492005
  0
LWPOLYLINE
  5
1404
  100
AcDbEntity
  8
Top-Silkscreen-Layer
  100
AcDbPolyline
  90
2
  70
0
  43
0.25400050800101603
  10
-1.0300635001270004
  20
4.500050800101601
  10
0.49137414274828517
  20
4.500050800101601
  0
LWPOLYLINE
  5
1405
  100
AcDbEntity
  8
Top-Silkscreen-Layer
  100
AcDbPolyline
  90
2
  70
0
  43
0.25400050800101603
  10
-1.0300635001270004
  20
-4.4999745999492005
  10
0.49137414274828606
  20
-4.4999745999492005
  0
LWPOLYLINE
  5
1406
  100
AcDbEntity
  8
Top-Silkscreen-Layer
  100
AcDbPolyline
  90
2
  70
0
  43
0.25400050800101603
  10
-1.0300635001270004
  20
-4.4999745999492005
  10
-1.0300635001270004
  20
4.500050800101601
  0
LWPOLYLINE
  5
1407
  100
AcDbEntity
  8
Top-Silkscreen-Layer
  100
AcDbPolyline
  90
2
  70
0
  43
0.25400050800101603
  10
21.500127000254004
  20
-8
  10
51.500127000254004
  20
-8.000000000000002
  0
LWPOLYLINE
  5
1408
  100
AcDbEntity
  8
Top-Silkscreen-Layer
  100
AcDbPolyline
  90
2
  70
0
  43
0.25400050800101603
  10
51.500127000254004
  20
-8.000000000000002
  10
51.500127000254004
  20
-4.000000000000001
  0
LWPOLYLINE
  5
1409
  100
AcDbEntity
  8
Top-Silkscreen-Layer
  100
AcDbPolyline
  90
2
  70
0
  43
0.25400050800101603
  10
51.500127000254004
  20
-4.000000000000001
  10
56.50012700025401
  20
-4.000000000000002
  0
LWPOLYLINE
  5
1410
  100
AcDbEntity
  8
Top-Silkscreen-Layer
  100
AcDbPolyline
  90
2
  70
0
  43
0.25400050800101603
  10
56.50012700025401
  20
-4.000000000000002
  10
56.50012700025401
  20
9.1
  0
LWPOLYLINE
  5
1411
  100
AcDbEntity
  8
Top-Silkscreen-Layer
  100
AcDbPolyline
  90
2
  70
0
  43
0.25400050800101603
  10
56.50012700025401
  20
9.1
  10
21.500127000254004
  20
9.100000000000005
  0
LWPOLYLINE
  5
1412
  100
AcDbEntity
  8
Top-Silkscreen-Layer
  100
AcDbPolyline
  90
2
  70
0
  43
0.25400050800101603
  10
21.500127000254004
  20
9.100000000000005
  10
21.500127000254004
  20
-8
  0
LWPOLYLINE
  5
1413
  100
AcDbEntity
  8
Top-Silkscreen-Layer
  100
AcDbPolyline
  90
2
  70
0
  43
0.25400050800101603
  10
19.700127000254007
  20
-11.999999999999998
  10
21.27899415798832
  20
-11.999999999999998
  0
LWPOLYLINE
  5
1414
  100
AcDbEntity
  8
Top-Silkscreen-Layer
  100
AcDbPolyline
  90
2
  70
0
  43
0.25400050800101603
  10
19.700127000254007
  20
12.000000000000005
  10
19.700127000254007
  20
-11.999999999999998
  0
LWPOLYLINE
  5
1415
  100
AcDbEntity
  8
Top-Silkscreen-Layer
  100
AcDbPolyline
  90
2
  70
0
  43
0.25400050800101603
  10
21.27899415798832
  20
12.000000000000005
  10
19.700127000254007
  20
12.000000000000005
  0
LWPOLYLINE
  5
1416
  100
AcDbEntity
  8
Top-Silkscreen-Layer
  100
AcDbPolyline
  90
2
  70
0
  43
0.25400050800101603
  10
23.81899923799848
  20
12.000000000000002
  10
23.24124968249937
  20
12.000000000000002
  0
LWPOLYLINE
  5
1417
  100
AcDbEntity
  8
Top-Silkscreen-Layer
  100
AcDbPolyline
  90
2
  70
0
  43
0.25400050800101603
  10
26.35900431800864
  20
12.000000000000002
  10
25.781254762509526
  20
12.000000000000002
  0
LWPOLYLINE
  5
1418
  100
AcDbEntity
  8
Top-Silkscreen-Layer
  100
AcDbPolyline
  90
2
  70
0
  43
0.25400050800101603
  10
28.8990093980188
  20
12.000000000000002
  10
28.321259842519687
  20
12.000000000000002
  0
LWPOLYLINE
  5
1419
  100
AcDbEntity
  8
Top-Silkscreen-Layer
  100
AcDbPolyline
  90
2
  70
0
  43
0.25400050800101603
  10
31.439014478028962
  20
12.000000000000002
  10
30.861264922529852
  20
12.000000000000002
  0
LWPOLYLINE
  5
1420
  100
AcDbEntity
  8
Top-Silkscreen-Layer
  100
AcDbPolyline
  90
2
  70
0
  43
0.25400050800101603
  10
33.978994157988325
  20
12.000000000000002
  10
33.40127000254001
  20
12.000000000000002
  0
LWPOLYLINE
  5
1421
  100
AcDbEntity
  8
Top-Silkscreen-Layer
  100
AcDbPolyline
  90
2
  70
0
  43
0.25400050800101603
  10
36.518999237998486
  20
12.000000000000002
  10
35.94127508255017
  20
12.000000000000002
  0
LWPOLYLINE
  5
1422
  100
AcDbEntity
  8
Top-Silkscreen-Layer
  100
AcDbPolyline
  90
2
  70
0
  43
0.25400050800101603
  10
39.05900431800865
  20
12.000000000000002
  10
38.48128016256033
  20
12.000000000000002
  0
LWPOLYLINE
  5
1423
  100
AcDbEntity
  8
Top-Silkscreen-Layer
  100
AcDbPolyline
  90
2
  70
0
  43
0.25400050800101603
  10
46.65900431800865
  20
12.000000000000004
  10
41.02128524257049
  20
12.000000000000002
  0
LWPOLYLINE
  5
1424
  100
AcDbEntity
  8
Top-Silkscreen-Layer
  100
AcDbPolyline
  90
2
  70
0
  43
0.25400050800101603
  10
49.19900939801881
  20
12.000000000000004
  10
48.62125984251969
  20
12.000000000000004
  0
LWPOLYLINE
  5
1425
  100
AcDbEntity
  8
Top-Silkscreen-Layer
  100
AcDbPolyline
  90
2
  70
0
  43
0.25400050800101603
  10
51.73901447802896
  20
12.000000000000004
  10
51.16126492252985
  20
12.000000000000004
  0
LWPOLYLINE
  5
1426
  100
AcDbEntity
  8
Top-Silkscreen-Layer
  100
AcDbPolyline
  90
2
  70
0
  43
0.25400050800101603
  10
53.72128524257049
  20
-12.000000000000004
  10
58.200127000254014
  20
-12.000000000000004
  0
LWPOLYLINE
  5
1427
  100
AcDbEntity
  8
Top-Silkscreen-Layer
  100
AcDbPolyline
  90
2
  70
0
  43
0.25400050800101603
  10
58.200127000254014
  20
-12.000000000000004
  10
58.200127000254014
  20
12
  0
LWPOLYLINE
  5
1428
  100
AcDbEntity
  8
Top-Silkscreen-Layer
  100
AcDbPolyline
  90
2
  70
0
  43
0.25400050800101603
  10
58.200127000254014
  20
12
  10
53.701270002540014
  20
12
  0
LWPOLYLINE
  5
1429
  100
AcDbEntity
  8
Top-Silkscreen-Layer
  100
AcDbPolyline
  90
2
  70
0
  43
0.25400050800101603
  10
51.18128016256033
  20
-12
  10
51.75900431800864
  20
-12
  0
LWPOLYLINE
  5
1430
  100
AcDbEntity
  8
Top-Silkscreen-Layer
  100
AcDbPolyline
  90
2
  70
0
  43
0.25400050800101603
  10
48.64127508255017
  20
-12
  10
49.21899923799848
  20
-12
  0
LWPOLYLINE
  5
1431
  100
AcDbEntity
  8
Top-Silkscreen-Layer
  100
AcDbPolyline
  90
2
  70
0
  43
0.25400050800101603
  10
41.02128524257049
  20
-12.000000000000002
  10
46.67899415798832
  20
-12
  0
LWPOLYLINE
  5
1432
  100
AcDbEntity
  8
Top-Silkscreen-Layer
  100
AcDbPolyline
  90
2
  70
0
  43
0.25400050800101603
  10
38.48128016256033
  20
-12.000000000000002
  10
39.05900431800864
  20
-12.000000000000002
  0
LWPOLYLINE
  5
1433
  100
AcDbEntity
  8
Top-Silkscreen-Layer
  100
AcDbPolyline
  90
2
  70
0
  43
0.25400050800101603
  10
35.94127508255017
  20
-12.000000000000002
  10
36.51899923799848
  20
-12.000000000000002
  0
LWPOLYLINE
  5
1434
  100
AcDbEntity
  8
Top-Silkscreen-Layer
  100
AcDbPolyline
  90
2
  70
0
  43
0.25400050800101603
  10
33.40127000254001
  20
-12.000000000000002
  10
33.97899415798832
  20
-12.000000000000002
  0
LWPOLYLINE
  5
1435
  100
AcDbEntity
  8
Top-Silkscreen-Layer
  100
AcDbPolyline
  90
2
  70
0
  43
0.25400050800101603
  10
30.86126492252985
  20
-12.000000000000002
  10
31.43901447802896
  20
-12.000000000000002
  0
LWPOLYLINE
  5
1436
  100
AcDbEntity
  8
Top-Silkscreen-Layer
  100
AcDbPolyline
  90
2
  70
0
  43
0.25400050800101603
  10
28.321259842519687
  20
-12.000000000000002
  10
28.8990093980188
  20
-12.000000000000002
  0
LWPOLYLINE
  5
1437
  100
AcDbEntity
  8
Top-Silkscreen-Layer
  100
AcDbPolyline
  90
2
  70
0
  43
0.25400050800101603
  10
25.781254762509526
  20
-12.000000000000002
  10
26.35900431800864
  20
-12.000000000000002
  0
LWPOLYLINE
  5
1438
  100
AcDbEntity
  8
Top-Silkscreen-Layer
  100
AcDbPolyline
  90
2
  70
0
  43
0.25400050800101603
  10
23.24124968249937
  20
-12.000000000000002
  10
23.81899923799848
  20
-12.000000000000002
  0
LWPOLYLINE
  5
1439
  100
AcDbEntity
  8
Top-Silkscreen-Layer
  100
AcDbPolyline
  90
2
  70
0
  43
0.15240030480060962
  10
12.576073152146305
  20
8.136195072390144
  10
10.823672847345696
  20
8.136195072390144
  0
LWPOLYLINE
  5
1440
  100
AcDbEntity
  8
Top-Silkscreen-Layer
  100
AcDbPolyline
  90
2
  70
0
  43
0.15240030480060962
  10
10.823672847345696
  20
8.136195072390144
  10
10.823672847345696
  20
7.094589789179579
  0
LWPOLYLINE
  5
1441
  100
AcDbEntity
  8
Top-Silkscreen-Layer
  100
AcDbPolyline
  90
2
  70
0
  43
0.15240030480060962
  10
12.576073152146305
  20
5.063804927609856
  10
10.823672847345696
  20
5.063804927609856
  0
LWPOLYLINE
  5
1442
  100
AcDbEntity
  8
Top-Silkscreen-Layer
  100
AcDbPolyline
  90
2
  70
0
  43
0.15240030480060962
  10
10.823672847345696
  20
5.063804927609856
  10
10.823672847345696
  20
6.1054102108204225
  0
LWPOLYLINE
  5
1443
  100
AcDbEntity
  8
Top-Silkscreen-Layer
  100
AcDbPolyline
  90
2
  70
0
  43
0.15240030480060962
  10
12.576073152146305
  20
7.0553975107950215
  10
12.576073152146305
  20
6.144602489204979
  0
LWPOLYLINE
  5
1444
  100
AcDbEntity
  8
Top-Silkscreen-Layer
  100
AcDbPolyline
  90
2
  70
0
  43
0.15240030480060962
  10
8.621513843027689
  20
-6.871399542799087
  10
11.978740157480319
  20
-6.871399542799087
  0
LWPOLYLINE
  5
1445
  100
AcDbEntity
  8
Top-Silkscreen-Layer
  100
AcDbPolyline
  90
2
  70
0
  43
0.15240030480060962
  10
11.978740157480319
  20
-6.871399542799087
  10
11.978740157480319
  20
-10.928600457200917
  0
LWPOLYLINE
  5
1446
  100
AcDbEntity
  8
Top-Silkscreen-Layer
  100
AcDbPolyline
  90
2
  70
0
  43
0.15240030480060962
  10
11.978740157480319
  20
-10.928600457200917
  10
8.621513843027689
  20
-10.928600457200917
  0
LWPOLYLINE
  5
1447
  100
AcDbEntity
  8
Top-Silkscreen-Layer
  100
AcDbPolyline
  90
2
  70
0
  43
0.15240030480060962
  10
8.621513843027689
  20
-10.928600457200917
  10
8.621513843027689
  20
-6.871399542799087
  0
LWPOLYLINE
  5
1448
  100
AcDbEntity
  8
Top-Silkscreen-Layer
  100
AcDbPolyline
  90
2
  70
0
  43
0.15240030480060962
  10
10.050114300228602
  20
-6.642799085598172
  10
8.392913385826773
  20
-6.642799085598172
  0
LWPOLYLINE
  5
1449
  100
AcDbEntity
  8
Top-Silkscreen-Layer
  100
AcDbPolyline
  90
2
  70
0
  43
0.15240030480060962
  10
8.392913385826773
  20
-6.642799085598172
  10
8.392913385826773
  20
-8.500000000000002
  0
LWPOLYLINE
  5
1450
  100
AcDbEntity
  8
Top-Silkscreen-Layer
  100
AcDbPolyline
  90
2
  70
0
  43
0.15240030480060962
  10
9.371516383032768
  20
8.387048514097032
  10
10.823942087884175
  20
8.387048514097032
  0
LWPOLYLINE
  5
1451
  100
AcDbEntity
  8
Top-Silkscreen-Layer
  100
AcDbPolyline
  90
2
  70
0
  43
0.15240030480060962
  10
10.823942087884175
  20
8.387048514097032
  10
10.823942087884175
  20
9.418671577343156
  0
LWPOLYLINE
  5
1452
  100
AcDbEntity
  8
Top-Silkscreen-Layer
  100
AcDbPolyline
  90
2
  70
0
  43
0.15240030480060962
  10
9.371516383032768
  20
11.43957581915164
  10
10.823942087884175
  20
11.43957581915164
  0
LWPOLYLINE
  5
1453
  100
AcDbEntity
  8
Top-Silkscreen-Layer
  100
AcDbPolyline
  90
2
  70
0
  43
0.15240030480060962
  10
10.823942087884175
  20
11.43957581915164
  10
10.823942087884175
  20
10.407952755905514
  0
LWPOLYLINE
  5
1454
  100
AcDbEntity
  8
Top-Silkscreen-Layer
  100
AcDbPolyline
  90
2
  70
0
  43
0.15240030480060962
  10
9.371516383032768
  20
9.457863855727712
  10
9.371516383032768
  20
10.368760477520958
  0
TEXT
  5
1741
  100
AcDbEntity
  8
Top-Silkscreen-Layer
  7
default
  461
2.1336042672085345
  100
AcDbText
  10
32.200063500127
  20
12.800025400050803
  11
32.200063500127
  21
12.800025400050803
  40
2.1336042672085345
  1
MeshToad V3
  50
0
  71
1
  72
0
  41
1.1
  100
AcDbText
  73
1
  0
TEXT
  5
1742
  100
AcDbEntity
  8
Top-Silkscreen-Layer
  7
default
  461
0.700001778003556
  100
AcDbText
  10
11.600022860045723
  20
4.70001016002032
  11
11.600022860045723
  21
4.70001016002032
  40
0.7000017780035562
  1
PROGRAM
  50
270
  71
1
  72
0
  41
1.1
  100
AcDbText
  73
1
  0
TEXT
  5
1743
  100
AcDbEntity
  8
Top-Silkscreen-Layer
  7
default
  461
0.8001016002032005
  100
AcDbText
  10
63.000127000254004
  20
-6.7000127000254
  11
63.000127000254004
  21
-6.7000127000254
  40
0.8001016002032005
  1
RXEN
  50
360
  71
1
  72
0
  41
1.1
  100
AcDbText
  73
1
  0
TEXT
  5
1744
  100
AcDbEntity
  8
Top-Silkscreen-Layer
  7
default
  461
0.8001016002032005
  100
AcDbText
  10
62.80012446024893
  20
5.500010160020321
  11
62.80012446024893
  21
5.500010160020321
  40
0.8001016002032005
  1
TXEN
  50
1080
  71
1
  72
0
  41
1.1
  100
AcDbText
  73
1
  0
TEXT
  5
1745
  100
AcDbEntity
  8
Top-Silkscreen-Layer
  7
default
  461
0.8001016002032005
  100
AcDbText
  10
58.39831597663196
  20
-13.220472440944883
  11
58.39831597663196
  21
-13.220472440944883
  40
0.8001016002032005
  1
R1
  50
450
  71
1
  72
0
  41
1.1
  100
AcDbText
  73
1
  0
TEXT
  5
1746
  100
AcDbEntity
  8
Top-Silkscreen-Layer
  7
default
  461
0.8001016002032005
  100
AcDbText
  10
76.64869443738887
  20
3.3770637541275095
  11
76.64869443738887
  21
3.3770637541275095
  40
0.8001016002032005
  1
RF1
  50
270
  71
1
  72
0
  41
1.1
  100
AcDbText
  73
1
  0
TEXT
  5
1747
  100
AcDbEntity
  8
Top-Silkscreen-Layer
  7
default
  461
0.8001016002032005
  100
AcDbText
  10
19.44612649225299
  20
-12.749987299974599
  11
19.44612649225299
  21
-12.749987299974599
  40
0.8001016002032005
  1
U4
  50
90
  71
1
  72
0
  41
1.1
  100
AcDbText
  73
1
  0
LWPOLYLINE
  5
1748
  100
AcDbEntity
  8
Top-Silkscreen-Layer
  100
AcDbPolyline
  90
2
  70
0
  43
0.15240030480060962
  10
21.988798577597155
  20
12.796393192786386
  10
23.398806197612398
  20
12.796393192786388
  0
LWPOLYLINE
  5
1749
  100
AcDbEntity
  8
Top-Silkscreen-Layer
  100
AcDbPolyline
  90
2
  70
0
  43
0.15240030480060962
  10
23.398806197612398
  20
14.603606807213616
  10
21.988798577597155
  20
14.603606807213614
  0
LWPOLYLINE
  5
1750
  100
AcDbEntity
  8
Top-Silkscreen-Layer
  100
AcDbPolyline
  90
2
  70
0
  43
0.15240030480060962
  10
21.836398272796547
  20
14.451206502413006
  10
21.836398272796547
  20
12.948793497586996
  0
LWPOLYLINE
  5
1751
  100
AcDbEntity
  8
Top-Silkscreen-Layer
  100
AcDbPolyline
  90
2
  70
0
  43
0.15240030480060962
  10
25.611201422402846
  20
12.796393192786388
  10
24.201193802387607
  20
12.796393192786388
  0
LWPOLYLINE
  5
1752
  100
AcDbEntity
  8
Top-Silkscreen-Layer
  100
AcDbPolyline
  90
2
  70
0
  43
0.15240030480060962
  10
24.201193802387607
  20
14.603606807213616
  10
25.611201422402846
  20
14.603606807213616
  0
LWPOLYLINE
  5
1753
  100
AcDbEntity
  8
Top-Silkscreen-Layer
  100
AcDbPolyline
  90
2
  70
0
  43
0.15240030480060962
  10
25.763601727203454
  20
14.451206502413006
  10
25.763601727203454
  20
12.948793497586996
  0
LWPOLYLINE
  5
1754
  100
AcDbEntity
  8
Top-Silkscreen-Layer
  100
AcDbPolyline
  90
2
  70
0
  43
0.15240030480060962
  10
21.988798577597155
  20
14.603606807213616
  42
0.414
  10
21.836398272796547
  20
14.451206502413006
  0
LWPOLYLINE
  5
1755
  100
AcDbEntity
  8
Top-Silkscreen-Layer
  100
AcDbPolyline
  90
2
  70
0
  43
0.15240030480060962
  10
21.836398272796547
  20
12.948793497586996
  42
0.414
  10
21.988798577597155
  20
12.796393192786386
  0
LWPOLYLINE
  5
1756
  100
AcDbEntity
  8
Top-Silkscreen-Layer
  100
AcDbPolyline
  90
2
  70
0
  43
0.15240030480060962
  10
25.611201422402846
  20
14.603606807213616
  42
-0.414
  10
25.763601727203454
  20
14.451206502413006
  0
LWPOLYLINE
  5
1757
  100
AcDbEntity
  8
Top-Silkscreen-Layer
  100
AcDbPolyline
  90
2
  70
0
  43
0.15240030480060962
  10
25.763601727203454
  20
12.948793497586996
  42
-0.414
  10
25.611201422402846
  20
12.796393192786386
  0
LWPOLYLINE
  5
1758
  100
AcDbEntity
  8
Top-Silkscreen-Layer
  100
AcDbPolyline
  90
2
  70
0
  43
0.15240030480060962
  10
30.211257302514614
  20
14.603634747269496
  10
28.80124968249937
  20
14.603634747269496
  0
LWPOLYLINE
  5
1759
  100
AcDbEntity
  8
Top-Silkscreen-Layer
  100
AcDbPolyline
  90
2
  70
0
  43
0.15240030480060962
  10
28.80124968249937
  20
12.796421132842267
  10
30.211257302514614
  20
12.796421132842267
  0
LWPOLYLINE
  5
1760
  100
AcDbEntity
  8
Top-Silkscreen-Layer
  100
AcDbPolyline
  90
2
  70
0
  43
0.15240030480060962
  10
30.363657607315222
  20
12.948821437642877
  10
30.363657607315222
  20
14.451234442468888
  0
LWPOLYLINE
  5
1761
  100
AcDbEntity
  8
Top-Silkscreen-Layer
  100
AcDbPolyline
  90
2
  70
0
  43
0.15240030480060962
  10
26.588854457708923
  20
14.603634747269496
  10
27.998862077724162
  20
14.603634747269496
  0
LWPOLYLINE
  5
1762
  100
AcDbEntity
  8
Top-Silkscreen-Layer
  100
AcDbPolyline
  90
2
  70
0
  43
0.15240030480060962
  10
27.998862077724162
  20
12.796421132842267
  10
26.588854457708923
  20
12.796421132842267
  0
LWPOLYLINE
  5
1763
  100
AcDbEntity
  8
Top-Silkscreen-Layer
  100
AcDbPolyline
  90
2
  70
0
  43
0.15240030480060962
  10
26.43645415290831
  20
12.948821437642877
  10
26.43645415290831
  20
14.451234442468888
  0
LWPOLYLINE
  5
1764
  100
AcDbEntity
  8
Top-Silkscreen-Layer
  100
AcDbPolyline
  90
2
  70
0
  43
0.15240030480060962
  10
30.211257302514614
  20
12.796421132842267
  42
0.414
  10
30.363657607315222
  20
12.948821437642877
  0
LWPOLYLINE
  5
1765
  100
AcDbEntity
  8
Top-Silkscreen-Layer
  100
AcDbPolyline
  90
2
  70
0
  43
0.15240030480060962
  10
30.363657607315222
  20
14.451234442468888
  42
0.414
  10
30.211257302514614
  20
14.603634747269496
  0
LWPOLYLINE
  5
1766
  100
AcDbEntity
  8
Top-Silkscreen-Layer
  100
AcDbPolyline
  90
2
  70
0
  43
0.15240030480060962
  10
26.588854457708923
  20
12.796421132842267
  42
-0.414
  10
26.43645415290831
  20
12.948821437642879
  0
LWPOLYLINE
  5
1767
  100
AcDbEntity
  8
Top-Silkscreen-Layer
  100
AcDbPolyline
  90
2
  70
0
  43
0.15240030480060962
  10
26.43645415290831
  20
14.451234442468888
  42
-0.414
  10
26.588854457708923
  20
14.603634747269496
  0
LWPOLYLINE
  5
1768
  100
AcDbEntity
  8
Top-Silkscreen-Layer
  100
AcDbPolyline
  90
2
  70
0
  43
0.15240030480060962
  10
7.00246380492761
  20
-3.571391922783846
  10
7.00246380492761
  20
-3.071391922783846
  0
LWPOLYLINE
  5
1769
  100
AcDbEntity
  8
Top-Silkscreen-Layer
  100
AcDbPolyline
  90
2
  70
0
  43
0.15240030480060962
  10
7.84724409448819
  20
-3.7238176276352557
  10
7.15483870967742
  20
-3.7238176276352557
  0
LWPOLYLINE
  5
1770
  100
AcDbEntity
  8
Top-Silkscreen-Layer
  100
AcDbPolyline
  90
2
  70
0
  43
0.15240030480060962
  10
7.9996443992887984
  20
-3.0713919227838464
  10
7.9996443992887984
  20
-3.571391922783846
  0
LWPOLYLINE
  5
1771
  100
AcDbEntity
  8
Top-Silkscreen-Layer
  100
AcDbPolyline
  90
2
  70
0
  43
0.15240030480060962
  10
7.99751079502159
  20
-2.128618237236475
  10
7.99751079502159
  20
-2.6286182372364753
  0
LWPOLYLINE
  5
1772
  100
AcDbEntity
  8
Top-Silkscreen-Layer
  100
AcDbPolyline
  90
2
  70
0
  43
0.15240030480060962
  10
7.000381000762002
  20
-2.628618237236475
  10
7.000381000762002
  20
-2.128618237236475
  0
LWPOLYLINE
  5
1773
  100
AcDbEntity
  8
Top-Silkscreen-Layer
  100
AcDbPolyline
  90
2
  70
0
  43
0.15240030480060962
  10
7.152730505461011
  20
-1.976192532385065
  10
7.84516129032258
  20
-1.976192532385065
  0
LWPOLYLINE
  5
1774
  100
AcDbEntity
  8
Top-Silkscreen-Layer
  100
AcDbPolyline
  90
2
  70
0
  43
0.15240030480060962
  10
7.000355600711201
  20
-2.128618237236475
  42
-0.414
  10
7.15275590551181
  20
-1.9762179324358655
  0
LWPOLYLINE
  5
1775
  100
AcDbEntity
  8
Top-Silkscreen-Layer
  100
AcDbPolyline
  90
2
  70
0
  43
0.15240030480060962
  10
7.84516129032258
  20
-1.9762179324358655
  42
-0.414
  10
7.99756159512319
  20
-2.128618237236475
  0
LWPOLYLINE
  5
1776
  100
AcDbEntity
  8
Top-Silkscreen-Layer
  100
AcDbPolyline
  90
2
  70
0
  43
0.15240030480060962
  10
7.999644399288799
  20
-3.571391922783846
  42
-0.414
  10
7.84724409448819
  20
-3.7237922275844557
  0
LWPOLYLINE
  5
1777
  100
AcDbEntity
  8
Top-Silkscreen-Layer
  100
AcDbPolyline
  90
2
  70
0
  43
0.15240030480060962
  10
7.154838709677419
  20
-3.7237922275844557
  42
-0.414
  10
7.00243840487681
  20
-3.571391922783846
  0
LWPOLYLINE
  5
1778
  100
AcDbEntity
  8
Top-Silkscreen-Layer
  100
AcDbPolyline
  90
2
  70
0
  43
0.15240030480060962
  10
7.00246380492761
  20
2.078613157226315
  10
7.00246380492761
  20
2.578613157226315
  0
LWPOLYLINE
  5
1779
  100
AcDbEntity
  8
Top-Silkscreen-Layer
  100
AcDbPolyline
  90
2
  70
0
  43
0.15240030480060962
  10
7.84724409448819
  20
1.926187452374905
  10
7.15483870967742
  20
1.926187452374905
  0
LWPOLYLINE
  5
1780
  100
AcDbEntity
  8
Top-Silkscreen-Layer
  100
AcDbPolyline
  90
2
  70
0
  43
0.15240030480060962
  10
7.9996443992887984
  20
2.5786131572263145
  10
7.9996443992887984
  20
2.078613157226315
  0
LWPOLYLINE
  5
1781
  100
AcDbEntity
  8
Top-Silkscreen-Layer
  100
AcDbPolyline
  90
2
  70
0
  43
0.15240030480060962
  10
7.99751079502159
  20
3.521386842773686
  10
7.99751079502159
  20
3.0213868427736856
  0
LWPOLYLINE
  5
1782
  100
AcDbEntity
  8
Top-Silkscreen-Layer
  100
AcDbPolyline
  90
2
  70
0
  43
0.15240030480060962
  10
7.000381000762002
  20
3.021386842773686
  10
7.000381000762002
  20
3.521386842773686
  0
LWPOLYLINE
  5
1783
  100
AcDbEntity
  8
Top-Silkscreen-Layer
  100
AcDbPolyline
  90
2
  70
0
  43
0.15240030480060962
  10
7.152730505461011
  20
3.6738125476250953
  10
7.84516129032258
  20
3.6738125476250953
  0
LWPOLYLINE
  5
1784
  100
AcDbEntity
  8
Top-Silkscreen-Layer
  100
AcDbPolyline
  90
2
  70
0
  43
0.15240030480060962
  10
7.000355600711201
  20
3.521386842773686
  42
-0.414
  10
7.15275590551181
  20
3.6737871475742954
  0
LWPOLYLINE
  5
1785
  100
AcDbEntity
  8
Top-Silkscreen-Layer
  100
AcDbPolyline
  90
2
  70
0
  43
0.15240030480060962
  10
7.84516129032258
  20
3.6737871475742954
  42
-0.414
  10
7.99756159512319
  20
3.521386842773686
  0
LWPOLYLINE
  5
1786
  100
AcDbEntity
  8
Top-Silkscreen-Layer
  100
AcDbPolyline
  90
2
  70
0
  43
0.15240030480060962
  10
7.999644399288799
  20
2.078613157226315
  42
-0.414
  10
7.84724409448819
  20
1.9262128524257054
  0
LWPOLYLINE
  5
1787
  100
AcDbEntity
  8
Top-Silkscreen-Layer
  100
AcDbPolyline
  90
2
  70
0
  43
0.15240030480060962
  10
7.154838709677419
  20
1.9262128524257054
  42
-0.414
  10
7.00243840487681
  20
2.078613157226315
  0
LWPOLYLINE
  5
1788
  100
AcDbEntity
  8
Top-Silkscreen-Layer
  100
AcDbPolyline
  90
2
  70
0
  43
0.15240030480060962
  10
12.402463804927612
  20
-4.321386842773687
  10
12.402463804927613
  20
-3.821386842773686
  0
LWPOLYLINE
  5
1789
  100
AcDbEntity
  8
Top-Silkscreen-Layer
  100
AcDbPolyline
  90
2
  70
0
  43
0.15240030480060962
  10
13.247244094488192
  20
-4.473812547625095
  10
12.554838709677421
  20
-4.473812547625095
  0
LWPOLYLINE
  5
1790
  100
AcDbEntity
  8
Top-Silkscreen-Layer
  100
AcDbPolyline
  90
2
  70
0
  43
0.15240030480060962
  10
13.399644399288801
  20
-3.8213868427736863
  10
13.399644399288801
  20
-4.321386842773687
  0
LWPOLYLINE
  5
1791
  100
AcDbEntity
  8
Top-Silkscreen-Layer
  100
AcDbPolyline
  90
2
  70
0
  43
0.15240030480060962
  10
13.397510795021592
  20
-2.8786131572263147
  10
13.397510795021592
  20
-3.378613157226315
  0
LWPOLYLINE
  5
1792
  100
AcDbEntity
  8
Top-Silkscreen-Layer
  100
AcDbPolyline
  90
2
  70
0
  43
0.15240030480060962
  10
12.400381000762003
  20
-3.3786131572263147
  10
12.400381000762003
  20
-2.8786131572263147
  0
LWPOLYLINE
  5
1793
  100
AcDbEntity
  8
Top-Silkscreen-Layer
  100
AcDbPolyline
  90
2
  70
0
  43
0.15240030480060962
  10
12.552730505461014
  20
-2.7261874523749055
  10
13.245161290322583
  20
-2.7261874523749055
  0
LWPOLYLINE
  5
1794
  100
AcDbEntity
  8
Top-Silkscreen-Layer
  100
AcDbPolyline
  90
2
  70
0
  43
0.15240030480060962
  10
12.400355600711203
  20
-2.8786131572263147
  42
-0.414
  10
12.552755905511813
  20
-2.7262128524257054
  0
LWPOLYLINE
  5
1795
  100
AcDbEntity
  8
Top-Silkscreen-Layer
  100
AcDbPolyline
  90
2
  70
0
  43
0.15240030480060962
  10
13.245161290322583
  20
-2.7262128524257054
  42
-0.414
  10
13.397561595123193
  20
-2.8786131572263147
  0
LWPOLYLINE
  5
1796
  100
AcDbEntity
  8
Top-Silkscreen-Layer
  100
AcDbPolyline
  90
2
  70
0
  43
0.15240030480060962
  10
13.399644399288801
  20
-4.321386842773687
  42
-0.414
  10
13.247244094488192
  20
-4.4737871475742965
  0
LWPOLYLINE
  5
1797
  100
AcDbEntity
  8
Top-Silkscreen-Layer
  100
AcDbPolyline
  90
2
  70
0
  43
0.15240030480060962
  10
12.554838709677421
  20
-4.4737871475742965
  42
-0.414
  10
12.402438404876811
  20
-4.321386842773687
  0
LWPOLYLINE
  5
1798
  100
AcDbEntity
  8
Top-Silkscreen-Layer
  100
AcDbPolyline
  90
2
  70
0
  43
0.15240030480060962
  10
18.89753619507239
  20
-3.4786131572263157
  10
18.89753619507239
  20
-3.9786131572263153
  0
LWPOLYLINE
  5
1799
  100
AcDbEntity
  8
Top-Silkscreen-Layer
  100
AcDbPolyline
  90
2
  70
0
  43
0.15240030480060962
  10
18.052755905511813
  20
-3.3261874523749055
  10
18.745161290322585
  20
-3.3261874523749055
  0
LWPOLYLINE
  5
1800
  100
AcDbEntity
  8
Top-Silkscreen-Layer
  100
AcDbPolyline
  90
2
  70
0
  43
0.15240030480060962
  10
17.9003556007112
  20
-3.9786131572263157
  10
17.9003556007112
  20
-3.4786131572263157
  0
LWPOLYLINE
  5
1801
  100
AcDbEntity
  8
Top-Silkscreen-Layer
  100
AcDbPolyline
  90
2
  70
0
  43
0.15240030480060962
  10
17.902489204978412
  20
-4.921386842773686
  10
17.902489204978412
  20
-4.421386842773687
  0
LWPOLYLINE
  5
1802
  100
AcDbEntity
  8
Top-Silkscreen-Layer
  100
AcDbPolyline
  90
2
  70
0
  43
0.15240030480060962
  10
18.899618999238
  20
-4.421386842773687
  10
18.899618999238
  20
-4.921386842773686
  0
LWPOLYLINE
  5
1803
  100
AcDbEntity
  8
Top-Silkscreen-Layer
  100
AcDbPolyline
  90
2
  70
0
  43
0.15240030480060962
  10
18.74726949453899
  20
-5.073812547625097
  10
18.05483870967742
  20
-5.073812547625097
  0
LWPOLYLINE
  5
1804
  100
AcDbEntity
  8
Top-Silkscreen-Layer
  100
AcDbPolyline
  90
2
  70
0
  43
0.15240030480060962
  10
18.899644399288796
  20
-4.921386842773686
  42
-0.414
  10
18.747244094488188
  20
-5.073787147574297
  0
LWPOLYLINE
  5
1805
  100
AcDbEntity
  8
Top-Silkscreen-Layer
  100
AcDbPolyline
  90
2
  70
0
  43
0.15240030480060962
  10
18.05483870967742
  20
-5.073787147574297
  42
-0.414
  10
17.90243840487681
  20
-4.921386842773686
  0
LWPOLYLINE
  5
1806
  100
AcDbEntity
  8
Top-Silkscreen-Layer
  100
AcDbPolyline
  90
2
  70
0
  43
0.15240030480060962
  10
17.900355600711205
  20
-3.4786131572263157
  42
-0.414
  10
18.052755905511813
  20
-3.326212852425706
  0
LWPOLYLINE
  5
1807
  100
AcDbEntity
  8
Top-Silkscreen-Layer
  100
AcDbPolyline
  90
2
  70
0
  43
0.15240030480060962
  10
18.745161290322585
  20
-3.326212852425706
  42
-0.414
  10
18.897561595123193
  20
-3.4786131572263157
  0
LWPOLYLINE
  5
1808
  100
AcDbEntity
  8
Top-Silkscreen-Layer
  100
AcDbPolyline
  90
2
  70
0
  43
0.15240030480060962
  10
17.478613157226317
  20
1.1975361950723904
  10
17.978613157226317
  20
1.1975361950723904
  0
LWPOLYLINE
  5
1809
  100
AcDbEntity
  8
Top-Silkscreen-Layer
  100
AcDbPolyline
  90
2
  70
0
  43
0.15240030480060962
  10
17.326187452374906
  20
0.3527559055118111
  10
17.326187452374906
  20
1.0451612903225806
  0
LWPOLYLINE
  5
1810
  100
AcDbEntity
  8
Top-Silkscreen-Layer
  100
AcDbPolyline
  90
2
  70
0
  43
0.15240030480060962
  10
17.978613157226317
  20
0.20035560071120148
  10
17.478613157226317
  20
0.20035560071120148
  0
LWPOLYLINE
  5
1811
  100
AcDbEntity
  8
Top-Silkscreen-Layer
  100
AcDbPolyline
  90
2
  70
0
  43
0.15240030480060962
  10
18.921386842773693
  20
0.20248920497841003
  10
18.42138684277369
  20
0.20248920497841003
  0
LWPOLYLINE
  5
1812
  100
AcDbEntity
  8
Top-Silkscreen-Layer
  100
AcDbPolyline
  90
2
  70
0
  43
0.15240030480060962
  10
18.42138684277369
  20
1.1996189992379986
  10
18.921386842773693
  20
1.1996189992379986
  0
LWPOLYLINE
  5
1813
  100
AcDbEntity
  8
Top-Silkscreen-Layer
  100
AcDbPolyline
  90
2
  70
0
  43
0.15240030480060962
  10
19.0738125476251
  20
1.047269494538989
  10
19.0738125476251
  20
0.35483870967741943
  0
LWPOLYLINE
  5
1814
  100
AcDbEntity
  8
Top-Silkscreen-Layer
  100
AcDbPolyline
  90
2
  70
0
  43
0.15240030480060962
  10
18.921386842773693
  20
1.1996443992887984
  42
-0.414
  10
19.0737871475743
  20
1.0472440944881891
  0
LWPOLYLINE
  5
1815
  100
AcDbEntity
  8
Top-Silkscreen-Layer
  100
AcDbPolyline
  90
2
  70
0
  43
0.15240030480060962
  10
19.0737871475743
  20
0.3548387096774195
  42
-0.414
  10
18.921386842773693
  20
0.2024384048768098
  0
LWPOLYLINE
  5
1816
  100
AcDbEntity
  8
Top-Silkscreen-Layer
  100
AcDbPolyline
  90
2
  70
0
  43
0.15240030480060962
  10
17.478613157226317
  20
0.20035560071120148
  42
-0.414
  10
17.32621285242571
  20
0.352755905511811
  0
LWPOLYLINE
  5
1817
  100
AcDbEntity
  8
Top-Silkscreen-Layer
  100
AcDbPolyline
  90
2
  70
0
  43
0.15240030480060962
  10
17.32621285242571
  20
1.0451612903225809
  42
-0.414
  10
17.478613157226317
  20
1.1975615951231904
  0
LWPOLYLINE
  5
1818
  100
AcDbEntity
  8
Top-Silkscreen-Layer
  100
AcDbPolyline
  90
2
  70
0
  43
0.15240030480060962
  10
9.711201422402848
  20
7.603606807213616
  10
8.301193802387607
  20
7.603606807213616
  0
LWPOLYLINE
  5
1819
  100
AcDbEntity
  8
Top-Silkscreen-Layer
  100
AcDbPolyline
  90
2
  70
0
  43
0.15240030480060962
  10
8.301193802387607
  20
5.796393192786386
  10
9.711201422402848
  20
5.796393192786386
  0
LWPOLYLINE
  5
1820
  100
AcDbEntity
  8
Top-Silkscreen-Layer
  100
AcDbPolyline
  90
2
  70
0
  43
0.15240030480060962
  10
9.863601727203458
  20
5.948793497586996
  10
9.863601727203458
  20
7.451206502413005
  0
LWPOLYLINE
  5
1821
  100
AcDbEntity
  8
Top-Silkscreen-Layer
  100
AcDbPolyline
  90
2
  70
0
  43
0.15240030480060962
  10
6.0887985775971565
  20
7.603606807213616
  10
7.498806197612397
  20
7.603606807213616
  0
LWPOLYLINE
  5
1822
  100
AcDbEntity
  8
Top-Silkscreen-Layer
  100
AcDbPolyline
  90
2
  70
0
  43
0.15240030480060962
  10
7.498806197612397
  20
5.796393192786386
  10
6.0887985775971565
  20
5.796393192786386
  0
LWPOLYLINE
  5
1823
  100
AcDbEntity
  8
Top-Silkscreen-Layer
  100
AcDbPolyline
  90
2
  70
0
  43
0.15240030480060962
  10
5.936398272796547
  20
5.948793497586996
  10
5.936398272796547
  20
7.451206502413005
  0
LWPOLYLINE
  5
1824
  100
AcDbEntity
  8
Top-Silkscreen-Layer
  100
AcDbPolyline
  90
2
  70
0
  43
0.15240030480060962
  10
9.711201422402848
  20
5.796393192786386
  42
0.414
  10
9.863601727203458
  20
5.948793497586996
  0
LWPOLYLINE
  5
1825
  100
AcDbEntity
  8
Top-Silkscreen-Layer
  100
AcDbPolyline
  90
2
  70
0
  43
0.15240030480060962
  10
9.863601727203458
  20
7.451206502413005
  42
0.414
  10
9.711201422402848
  20
7.603606807213616
  0
LWPOLYLINE
  5
1826
  100
AcDbEntity
  8
Top-Silkscreen-Layer
  100
AcDbPolyline
  90
2
  70
0
  43
0.15240030480060962
  10
6.0887985775971565
  20
5.796393192786386
  42
-0.414
  10
5.936398272796547
  20
5.948793497586996
  0
LWPOLYLINE
  5
1827
  100
AcDbEntity
  8
Top-Silkscreen-Layer
  100
AcDbPolyline
  90
2
  70
0
  43
0.15240030480060962
  10
5.936398272796547
  20
7.451206502413005
  42
-0.414
  10
6.0887985775971565
  20
7.603606807213616
  0
LWPOLYLINE
  5
1828
  100
AcDbEntity
  8
Top-Silkscreen-Layer
  100
AcDbPolyline
  90
2
  70
0
  43
0.15240030480060962
  10
10.321386842773688
  20
-6.697536195072391
  10
9.821386842773688
  20
-6.697536195072391
  0
LWPOLYLINE
  5
1829
  100
AcDbEntity
  8
Top-Silkscreen-Layer
  100
AcDbPolyline
  90
2
  70
0
  43
0.15240030480060962
  10
10.473812547625096
  20
-5.8527559055118115
  10
10.473812547625096
  20
-6.545161290322581
  0
LWPOLYLINE
  5
1830
  100
AcDbEntity
  8
Top-Silkscreen-Layer
  100
AcDbPolyline
  90
2
  70
0
  43
0.15240030480060962
  10
9.821386842773688
  20
-5.700355600711202
  10
10.321386842773688
  20
-5.700355600711202
  0
LWPOLYLINE
  5
1831
  100
AcDbEntity
  8
Top-Silkscreen-Layer
  100
AcDbPolyline
  90
2
  70
0
  43
0.15240030480060962
  10
8.878613157226315
  20
-5.70248920497841
  10
9.378613157226315
  20
-5.70248920497841
  0
LWPOLYLINE
  5
1832
  100
AcDbEntity
  8
Top-Silkscreen-Layer
  100
AcDbPolyline
  90
2
  70
0
  43
0.15240030480060962
  10
9.378613157226315
  20
-6.699618999237998
  10
8.878613157226315
  20
-6.699618999237998
  0
LWPOLYLINE
  5
1833
  100
AcDbEntity
  8
Top-Silkscreen-Layer
  100
AcDbPolyline
  90
2
  70
0
  43
0.15240030480060962
  10
8.726187452374907
  20
-6.547269494538989
  10
8.726187452374907
  20
-5.854838709677419
  0
LWPOLYLINE
  5
1834
  100
AcDbEntity
  8
Top-Silkscreen-Layer
  100
AcDbPolyline
  90
2
  70
0
  43
0.15240030480060962
  10
8.878613157226315
  20
-6.6996443992887995
  42
-0.414
  10
8.726212852425705
  20
-6.54724409448819
  0
LWPOLYLINE
  5
1835
  100
AcDbEntity
  8
Top-Silkscreen-Layer
  100
AcDbPolyline
  90
2
  70
0
  43
0.15240030480060962
  10
8.726212852425705
  20
-5.854838709677419
  42
-0.414
  10
8.878613157226315
  20
-5.70243840487681
  0
LWPOLYLINE
  5
1836
  100
AcDbEntity
  8
Top-Silkscreen-Layer
  100
AcDbPolyline
  90
2
  70
0
  43
0.15240030480060962
  10
10.321386842773688
  20
-5.700355600711201
  42
-0.414
  10
10.473787147574297
  20
-5.8527559055118115
  0
LWPOLYLINE
  5
1837
  100
AcDbEntity
  8
Top-Silkscreen-Layer
  100
AcDbPolyline
  90
2
  70
0
  43
0.15240030480060962
  10
10.473787147574297
  20
-6.545161290322581
  42
-0.414
  10
10.321386842773688
  20
-6.69756159512319
  0
LWPOLYLINE
  5
1838
  100
AcDbEntity
  8
Top-Silkscreen-Layer
  100
AcDbPolyline
  90
2
  70
0
  43
0.15240030480060962
  10
12.102463804927611
  20
-10.221386842773686
  10
12.102463804927613
  20
-9.721386842773686
  0
LWPOLYLINE
  5
1839
  100
AcDbEntity
  8
Top-Silkscreen-Layer
  100
AcDbPolyline
  90
2
  70
0
  43
0.15240030480060962
  10
12.947244094488191
  20
-10.373812547625096
  10
12.254838709677422
  20
-10.373812547625096
  0
LWPOLYLINE
  5
1840
  100
AcDbEntity
  8
Top-Silkscreen-Layer
  100
AcDbPolyline
  90
2
  70
0
  43
0.15240030480060962
  10
13.0996443992888
  20
-9.721386842773686
  10
13.0996443992888
  20
-10.221386842773686
  0
LWPOLYLINE
  5
1841
  100
AcDbEntity
  8
Top-Silkscreen-Layer
  100
AcDbPolyline
  90
2
  70
0
  43
0.15240030480060962
  10
13.097510795021591
  20
-8.778613157226316
  10
13.097510795021591
  20
-9.278613157226316
  0
LWPOLYLINE
  5
1842
  100
AcDbEntity
  8
Top-Silkscreen-Layer
  100
AcDbPolyline
  90
2
  70
0
  43
0.15240030480060962
  10
12.100381000762004
  20
-9.278613157226316
  10
12.100381000762004
  20
-8.778613157226316
  0
LWPOLYLINE
  5
1843
  100
AcDbEntity
  8
Top-Silkscreen-Layer
  100
AcDbPolyline
  90
2
  70
0
  43
0.15240030480060962
  10
12.252730505461013
  20
-8.626187452374905
  10
12.945161290322583
  20
-8.626187452374905
  0
LWPOLYLINE
  5
1844
  100
AcDbEntity
  8
Top-Silkscreen-Layer
  100
AcDbPolyline
  90
2
  70
0
  43
0.15240030480060962
  10
12.100355600711202
  20
-8.778613157226316
  42
-0.414
  10
12.252755905511814
  20
-8.626212852425706
  0
LWPOLYLINE
  5
1845
  100
AcDbEntity
  8
Top-Silkscreen-Layer
  100
AcDbPolyline
  90
2
  70
0
  43
0.15240030480060962
  10
12.945161290322583
  20
-8.626212852425706
  42
-0.414
  10
13.097561595123192
  20
-8.778613157226316
  0
LWPOLYLINE
  5
1846
  100
AcDbEntity
  8
Top-Silkscreen-Layer
  100
AcDbPolyline
  90
2
  70
0
  43
0.15240030480060962
  10
13.0996443992888
  20
-10.221386842773686
  42
-0.414
  10
12.947244094488191
  20
-10.373787147574296
  0
LWPOLYLINE
  5
1847
  100
AcDbEntity
  8
Top-Silkscreen-Layer
  100
AcDbPolyline
  90
2
  70
0
  43
0.15240030480060962
  10
12.254838709677422
  20
-10.373787147574296
  42
-0.414
  10
12.102438404876812
  20
-10.221386842773686
  0
LWPOLYLINE
  5
1848
  100
AcDbEntity
  8
Top-Silkscreen-Layer
  100
AcDbPolyline
  90
2
  70
0
  43
0.15240030480060962
  10
14.978613157226317
  20
-1.8024638049276098
  10
15.478613157226317
  20
-1.8024638049276098
  0
LWPOLYLINE
  5
1849
  100
AcDbEntity
  8
Top-Silkscreen-Layer
  100
AcDbPolyline
  90
2
  70
0
  43
0.15240030480060962
  10
14.826187452374908
  20
-2.6472440944881894
  10
14.826187452374908
  20
-1.9548387096774194
  0
LWPOLYLINE
  5
1850
  100
AcDbEntity
  8
Top-Silkscreen-Layer
  100
AcDbPolyline
  90
2
  70
0
  43
0.15240030480060962
  10
15.478613157226317
  20
-2.7996443992887987
  10
14.978613157226317
  20
-2.7996443992887987
  0
LWPOLYLINE
  5
1851
  100
AcDbEntity
  8
Top-Silkscreen-Layer
  100
AcDbPolyline
  90
2
  70
0
  43
0.15240030480060962
  10
16.42138684277369
  20
-2.7975107950215903
  10
15.921386842773689
  20
-2.7975107950215903
  0
LWPOLYLINE
  5
1852
  100
AcDbEntity
  8
Top-Silkscreen-Layer
  100
AcDbPolyline
  90
2
  70
0
  43
0.15240030480060962
  10
15.921386842773689
  20
-1.8003810007620016
  10
16.42138684277369
  20
-1.8003810007620016
  0
LWPOLYLINE
  5
1853
  100
AcDbEntity
  8
Top-Silkscreen-Layer
  100
AcDbPolyline
  90
2
  70
0
  43
0.15240030480060962
  10
16.5738125476251
  20
-1.952730505461011
  10
16.5738125476251
  20
-2.645161290322581
  0
LWPOLYLINE
  5
1854
  100
AcDbEntity
  8
Top-Silkscreen-Layer
  100
AcDbPolyline
  90
2
  70
0
  43
0.15240030480060962
  10
16.42138684277369
  20
-1.8003556007112014
  42
-0.414
  10
16.573787147574297
  20
-1.952755905511811
  0
LWPOLYLINE
  5
1855
  100
AcDbEntity
  8
Top-Silkscreen-Layer
  100
AcDbPolyline
  90
2
  70
0
  43
0.15240030480060962
  10
16.573787147574297
  20
-2.645161290322581
  42
-0.414
  10
16.42138684277369
  20
-2.7975615951231902
  0
LWPOLYLINE
  5
1856
  100
AcDbEntity
  8
Top-Silkscreen-Layer
  100
AcDbPolyline
  90
2
  70
0
  43
0.15240030480060962
  10
14.978613157226317
  20
-2.7996443992887987
  42
-0.414
  10
14.826212852425707
  20
-2.6472440944881894
  0
LWPOLYLINE
  5
1857
  100
AcDbEntity
  8
Top-Silkscreen-Layer
  100
AcDbPolyline
  90
2
  70
0
  43
0.15240030480060962
  10
14.826212852425707
  20
-1.9548387096774194
  42
-0.414
  10
14.978613157226317
  20
-1.8024384048768098
  0
LWPOLYLINE
  5
1858
  100
AcDbEntity
  8
Top-Silkscreen-Layer
  100
AcDbPolyline
  90
2
  70
0
  43
0.15240030480060962
  10
7.00246380492761
  20
3.9786131572263144
  10
7.00246380492761
  20
4.478613157226314
  0
LWPOLYLINE
  5
1859
  100
AcDbEntity
  8
Top-Silkscreen-Layer
  100
AcDbPolyline
  90
2
  70
0
  43
0.15240030480060962
  10
7.84724409448819
  20
3.8261874523749047
  10
7.15483870967742
  20
3.8261874523749047
  0
LWPOLYLINE
  5
1860
  100
AcDbEntity
  8
Top-Silkscreen-Layer
  100
AcDbPolyline
  90
2
  70
0
  43
0.15240030480060962
  10
7.9996443992887984
  20
4.478613157226314
  10
7.9996443992887984
  20
3.9786131572263144
  0
LWPOLYLINE
  5
1861
  100
AcDbEntity
  8
Top-Silkscreen-Layer
  100
AcDbPolyline
  90
2
  70
0
  43
0.15240030480060962
  10
7.99751079502159
  20
5.4213868427736855
  10
7.99751079502159
  20
4.9213868427736855
  0
LWPOLYLINE
  5
1862
  100
AcDbEntity
  8
Top-Silkscreen-Layer
  100
AcDbPolyline
  90
2
  70
0
  43
0.15240030480060962
  10
7.000381000762002
  20
4.9213868427736855
  10
7.000381000762002
  20
5.4213868427736855
  0
LWPOLYLINE
  5
1863
  100
AcDbEntity
  8
Top-Silkscreen-Layer
  100
AcDbPolyline
  90
2
  70
0
  43
0.15240030480060962
  10
7.152730505461011
  20
5.573812547625096
  10
7.84516129032258
  20
5.573812547625096
  0
LWPOLYLINE
  5
1864
  100
AcDbEntity
  8
Top-Silkscreen-Layer
  100
AcDbPolyline
  90
2
  70
0
  43
0.15240030480060962
  10
7.000355600711201
  20
5.4213868427736855
  42
-0.414
  10
7.15275590551181
  20
5.573787147574295
  0
LWPOLYLINE
  5
1865
  100
AcDbEntity
  8
Top-Silkscreen-Layer
  100
AcDbPolyline
  90
2
  70
0
  43
0.15240030480060962
  10
7.84516129032258
  20
5.573787147574295
  42
-0.414
  10
7.99756159512319
  20
5.4213868427736855
  0
LWPOLYLINE
  5
1866
  100
AcDbEntity
  8
Top-Silkscreen-Layer
  100
AcDbPolyline
  90
2
  70
0
  43
0.15240030480060962
  10
7.999644399288799
  20
3.9786131572263144
  42
-0.414
  10
7.84724409448819
  20
3.826212852425705
  0
LWPOLYLINE
  5
1867
  100
AcDbEntity
  8
Top-Silkscreen-Layer
  100
AcDbPolyline
  90
2
  70
0
  43
0.15240030480060962
  10
7.154838709677419
  20
3.826212852425705
  42
-0.414
  10
7.00243840487681
  20
3.9786131572263144
  0
LWPOLYLINE
  5
1868
  100
AcDbEntity
  8
Top-Silkscreen-Layer
  100
AcDbPolyline
  90
2
  70
0
  43
0.15240030480060962
  10
10.278613157226316
  20
12.49753619507239
  10
10.778613157226316
  20
12.49753619507239
  0
LWPOLYLINE
  5
1869
  100
AcDbEntity
  8
Top-Silkscreen-Layer
  100
AcDbPolyline
  90
2
  70
0
  43
0.15240030480060962
  10
10.126187452374907
  20
11.652755905511812
  10
10.126187452374907
  20
12.345161290322581
  0
LWPOLYLINE
  5
1870
  100
AcDbEntity
  8
Top-Silkscreen-Layer
  100
AcDbPolyline
  90
2
  70
0
  43
0.15240030480060962
  10
10.778613157226316
  20
11.500355600711202
  10
10.278613157226316
  20
11.500355600711202
  0
LWPOLYLINE
  5
1871
  100
AcDbEntity
  8
Top-Silkscreen-Layer
  100
AcDbPolyline
  90
2
  70
0
  43
0.15240030480060962
  10
11.721386842773688
  20
11.502489204978412
  10
11.221386842773688
  20
11.502489204978412
  0
LWPOLYLINE
  5
1872
  100
AcDbEntity
  8
Top-Silkscreen-Layer
  100
AcDbPolyline
  90
2
  70
0
  43
0.15240030480060962
  10
11.221386842773688
  20
12.499618999237999
  10
11.721386842773688
  20
12.499618999237999
  0
LWPOLYLINE
  5
1873
  100
AcDbEntity
  8
Top-Silkscreen-Layer
  100
AcDbPolyline
  90
2
  70
0
  43
0.15240030480060962
  10
11.873812547625096
  20
12.34726949453899
  10
11.873812547625096
  20
11.65483870967742
  0
LWPOLYLINE
  5
1874
  100
AcDbEntity
  8
Top-Silkscreen-Layer
  100
AcDbPolyline
  90
2
  70
0
  43
0.15240030480060962
  10
11.721386842773688
  20
12.499644399288801
  42
-0.414
  10
11.873787147574298
  20
12.347244094488191
  0
LWPOLYLINE
  5
1875
  100
AcDbEntity
  8
Top-Silkscreen-Layer
  100
AcDbPolyline
  90
2
  70
0
  43
0.15240030480060962
  10
11.873787147574298
  20
11.65483870967742
  42
-0.414
  10
11.721386842773688
  20
11.502438404876811
  0
LWPOLYLINE
  5
1876
  100
AcDbEntity
  8
Top-Silkscreen-Layer
  100
AcDbPolyline
  90
2
  70
0
  43
0.15240030480060962
  10
10.278613157226316
  20
11.500355600711202
  42
-0.414
  10
10.126212852425706
  20
11.652755905511812
  0
LWPOLYLINE
  5
1877
  100
AcDbEntity
  8
Top-Silkscreen-Layer
  100
AcDbPolyline
  90
2
  70
0
  43
0.15240030480060962
  10
10.126212852425706
  20
12.345161290322581
  42
-0.414
  10
10.278613157226316
  20
12.49756159512319
  0
LWPOLYLINE
  5
1878
  100
AcDbEntity
  8
Top-Silkscreen-Layer
  100
AcDbPolyline
  90
2
  70
0
  43
0.15240030480060962
  10
13.596393192786389
  20
8.311201422402846
  10
13.596393192786389
  20
6.901193802387605
  0
LWPOLYLINE
  5
1879
  100
AcDbEntity
  8
Top-Silkscreen-Layer
  100
AcDbPolyline
  90
2
  70
0
  43
0.15240030480060962
  10
15.403606807213617
  20
6.901193802387605
  10
15.403606807213617
  20
8.311201422402846
  0
LWPOLYLINE
  5
1880
  100
AcDbEntity
  8
Top-Silkscreen-Layer
  100
AcDbPolyline
  90
2
  70
0
  43
0.15240030480060962
  10
15.251206502413007
  20
8.463601727203455
  10
13.748793497586998
  20
8.463601727203455
  0
LWPOLYLINE
  5
1881
  100
AcDbEntity
  8
Top-Silkscreen-Layer
  100
AcDbPolyline
  90
2
  70
0
  43
0.15240030480060962
  10
13.596393192786389
  20
4.688798577597155
  10
13.596393192786389
  20
6.0988061976123955
  0
LWPOLYLINE
  5
1882
  100
AcDbEntity
  8
Top-Silkscreen-Layer
  100
AcDbPolyline
  90
2
  70
0
  43
0.15240030480060962
  10
15.403606807213617
  20
6.0988061976123955
  10
15.403606807213617
  20
4.688798577597155
  0
LWPOLYLINE
  5
1883
  100
AcDbEntity
  8
Top-Silkscreen-Layer
  100
AcDbPolyline
  90
2
  70
0
  43
0.15240030480060962
  10
15.251206502413005
  20
4.536398272796546
  10
13.748793497586997
  20
4.536398272796546
  0
LWPOLYLINE
  5
1884
  100
AcDbEntity
  8
Top-Silkscreen-Layer
  100
AcDbPolyline
  90
2
  70
0
  43
0.15240030480060962
  10
15.403606807213619
  20
8.311201422402846
  42
0.414
  10
15.251206502413007
  20
8.463601727203455
  0
LWPOLYLINE
  5
1885
  100
AcDbEntity
  8
Top-Silkscreen-Layer
  100
AcDbPolyline
  90
2
  70
0
  43
0.15240030480060962
  10
13.748793497586998
  20
8.463601727203455
  42
0.414
  10
13.596393192786389
  20
8.311201422402846
  0
LWPOLYLINE
  5
1886
  100
AcDbEntity
  8
Top-Silkscreen-Layer
  100
AcDbPolyline
  90
2
  70
0
  43
0.15240030480060962
  10
15.403606807213617
  20
4.688798577597155
  42
-0.414
  10
15.251206502413005
  20
4.5363982727965455
  0
LWPOLYLINE
  5
1887
  100
AcDbEntity
  8
Top-Silkscreen-Layer
  100
AcDbPolyline
  90
2
  70
0
  43
0.15240030480060962
  10
13.748793497586997
  20
4.5363982727965455
  42
-0.414
  10
13.596393192786387
  20
4.688798577597155
  0
LWPOLYLINE
  5
1888
  100
AcDbEntity
  8
Top-Silkscreen-Layer
  100
AcDbPolyline
  90
2
  70
0
  43
0.15240030480060962
  10
19.07620015240031
  20
12.97985775971552
  10
16.1237998475997
  20
12.97985775971552
  0
LWPOLYLINE
  5
1889
  100
AcDbEntity
  8
Top-Silkscreen-Layer
  100
AcDbPolyline
  90
2
  70
0
  43
0.15199390398780802
  10
16.23185166370333
  20
10.573812547625096
  10
16.1237998475997
  20
10.573812547625096
  0
LWPOLYLINE
  5
1890
  100
AcDbEntity
  8
Top-Silkscreen-Layer
  100
AcDbPolyline
  90
2
  70
0
  43
0.15199390398780802
  10
19.07620015240031
  20
10.573812547625096
  10
18.968122936245877
  20
10.573812547625096
  0
LWPOLYLINE
  5
1891
  100
AcDbEntity
  8
Top-Silkscreen-Layer
  100
AcDbPolyline
  90
2
  70
0
  43
0.15240030480060962
  10
19.07620015240031
  20
14.226187452374907
  10
19.07620015240031
  20
10.573812547625096
  0
LWPOLYLINE
  5
1892
  100
AcDbEntity
  8
Top-Silkscreen-Layer
  100
AcDbPolyline
  90
2
  70
0
  43
0.15240030480060962
  10
16.1237998475997
  20
14.226187452374907
  10
16.1237998475997
  20
10.573812547625096
  0
HATCH
  5
1904
  100
AcDbEntity
  8
Top-Silkscreen-Layer
  100
AcDbHatch
  10
0
  20
0
  30
0
  210
0
  220
0
  230
1
  2
SOLID
  70
1
  71
0
  91
1
  92
7
  72
0
  73
1
  93
4
  10
16.04759969519939
  20
14.60718821437643
  10
16.259588519177044
  20
14.60718821437643
  10
16.259588519177044
  20
14.149987299974601
  10
16.04759969519939
  20
14.149987299974601
  97
1
  330
1903
  75
0
  76
1
  47
0.4128176842155181
  98
1
  10
34.90568961886538
  20
22.81183545379326
  450
0
  451
0
  460
0
  461
0
  452
1
  462
1
  453
2
  463
0
  63
5
  421
255
  463
1
  63
7
  421
16777215
  470
LINEAR
  1001
ACAD
  1010
0
  1020
0
  1030
0
  0
LWPOLYLINE
  5
1903
  100
AcDbEntity
  8
Top-Silkscreen-Layer
  100
AcDbPolyline
  90
4
  70
1
  43
0.005080010160020321
  10
16.04759969519939
  20
14.60718821437643
  10
16.259588519177044
  20
14.60718821437643
  10
16.259588519177044
  20
14.149987299974601
  10
16.04759969519939
  20
14.149987299974601
  0
HATCH
  5
1906
  100
AcDbEntity
  8
Top-Silkscreen-Layer
  100
AcDbHatch
  10
0
  20
0
  30
0
  210
0
  220
0
  230
1
  2
SOLID
  70
1
  71
0
  91
1
  92
7
  72
0
  73
1
  93
4
  10
19.152400304800615
  20
14.150012700025401
  10
18.940411480822963
  20
14.150012700025401
  10
18.940411480822963
  20
14.607213614427229
  10
19.152400304800615
  20
14.607213614427229
  97
1
  330
1905
  75
0
  76
1
  47
0.4128176842155181
  98
1
  10
34.90568961886538
  20
22.81183545379326
  450
0
  451
0
  460
0
  461
0
  452
1
  462
1
  453
2
  463
0
  63
5
  421
255
  463
1
  63
7
  421
16777215
  470
LINEAR
  1001
ACAD
  1010
0
  1020
0
  1030
0
  0
LWPOLYLINE
  5
1905
  100
AcDbEntity
  8
Top-Silkscreen-Layer
  100
AcDbPolyline
  90
4
  70
1
  43
0.005080010160020321
  10
19.152400304800615
  20
14.150012700025401
  10
18.940411480822963
  20
14.150012700025401
  10
18.940411480822963
  20
14.607213614427229
  10
19.152400304800615
  20
14.607213614427229
  0
LWPOLYLINE
  5
1907
  100
AcDbEntity
  8
Top-Silkscreen-Layer
  100
AcDbPolyline
  90
2
  70
0
  43
0.15240030480060962
  10
9.423799847599694
  20
0.326212852425705
  10
10.576200152400304
  20
0.326212852425705
  0
LWPOLYLINE
  5
1908
  100
AcDbEntity
  8
Top-Silkscreen-Layer
  100
AcDbPolyline
  90
2
  70
0
  43
0.15240030480060962
  10
9.423799847599696
  20
-2.326212852425705
  10
10.576200152400306
  20
-2.326212852425705
  0
LWPOLYLINE
  5
1909
  100
AcDbEntity
  8
Top-Silkscreen-Layer
  100
AcDbPolyline
  90
2
  70
1
  43
0.15001270002540007
  10
8.88493776987554
  20
-2.2559776979937144e-16
  42
1
  10
9.03479806959614
  20
-2.2559776979937144e-16
  42
1
  0
LWPOLYLINE
  5
1911
  100
AcDbEntity
  8
Top-Silkscreen-Layer
  100
AcDbPolyline
  90
2
  70
0
  43
0.25400050800101603
  10
59.66511811023623
  20
0.9240030480060961
  10
60.93512065024131
  20
0.9240030480060961
  0
LWPOLYLINE
  5
1912
  100
AcDbEntity
  8
Top-Silkscreen-Layer
  100
AcDbPolyline
  90
2
  70
0
  43
0.25400050800101603
  10
59.66511811023623
  20
-2.124003048006096
  10
60.93512065024131
  20
-2.124003048006096
  0
LWPOLYLINE
  5
1913
  100
AcDbEntity
  8
Top-Silkscreen-Layer
  100
AcDbPolyline
  90
2
  70
0
  43
0.15240030480060962
  10
60.9823139446279
  20
-0.3388112776225554
  10
60.9823139446279
  20
0.6867411734823471
  0
LWPOLYLINE
  5
1914
  100
AcDbEntity
  8
Top-Silkscreen-Layer
  100
AcDbPolyline
  90
2
  70
0
  43
0.15240030480060962
  10
60.9823139446279
  20
0.6867411734823471
  10
59.61792481584964
  20
0.6867411734823469
  0
LWPOLYLINE
  5
1915
  100
AcDbEntity
  8
Top-Silkscreen-Layer
  100
AcDbPolyline
  90
2
  70
0
  43
0.15240030480060962
  10
59.61792481584964
  20
0.6867411734823469
  10
59.61792481584964
  20
-0.33881127762255525
  0
LWPOLYLINE
  5
1916
  100
AcDbEntity
  8
Top-Silkscreen-Layer
  100
AcDbPolyline
  90
2
  70
0
  43
0.15240030480060962
  10
60.9823139446279
  20
-0.8611887223774449
  10
60.9823139446279
  20
-1.8867411734823474
  0
LWPOLYLINE
  5
1917
  100
AcDbEntity
  8
Top-Silkscreen-Layer
  100
AcDbPolyline
  90
2
  70
0
  43
0.15240030480060962
  10
60.9823139446279
  20
-1.8867411734823474
  10
59.61792481584964
  20
-1.8867411734823474
  0
LWPOLYLINE
  5
1918
  100
AcDbEntity
  8
Top-Silkscreen-Layer
  100
AcDbPolyline
  90
2
  70
0
  43
0.15240030480060962
  10
59.61792481584964
  20
-1.8867411734823474
  10
59.61792481584964
  20
-0.8611887223774449
  0
LWPOLYLINE
  5
1919
  100
AcDbEntity
  8
Top-Silkscreen-Layer
  100
AcDbPolyline
  90
2
  70
0
  43
0.15240030480060962
  10
9.351358902717806
  20
2.4299974599949206
  10
9.199009398018797
  20
2.275895351790704
  0
LWPOLYLINE
  5
1920
  100
AcDbEntity
  8
Top-Silkscreen-Layer
  100
AcDbPolyline
  90
2
  70
0
  43
0.15240030480060962
  10
9.199009398018797
  20
2.275895351790704
  10
8.182575565151131
  20
2.275895351790704
  0
LWPOLYLINE
  5
1921
  100
AcDbEntity
  8
Top-Silkscreen-Layer
  100
AcDbPolyline
  90
2
  70
0
  43
0.15240030480060962
  10
8.182575565151131
  20
2.275895351790704
  10
8.0500127000254
  20
2.4299974599949206
  0
LWPOLYLINE
  5
1922
  100
AcDbEntity
  8
Top-Silkscreen-Layer
  100
AcDbPolyline
  90
2
  70
0
  43
0.15240030480060962
  10
8.0500127000254
  20
4.970002540005082
  10
8.201016002032004
  20
5.124155448310897
  0
LWPOLYLINE
  5
1923
  100
AcDbEntity
  8
Top-Silkscreen-Layer
  100
AcDbPolyline
  90
2
  70
0
  43
0.15240030480060962
  10
8.201016002032004
  20
5.124155448310897
  10
9.21744983489967
  20
5.124155448310897
  0
LWPOLYLINE
  5
1924
  100
AcDbEntity
  8
Top-Silkscreen-Layer
  100
AcDbPolyline
  90
2
  70
0
  43
0.15240030480060962
  10
9.21744983489967
  20
5.124155448310897
  10
9.3500127000254
  20
4.970002540005082
  0
LWPOLYLINE
  5
1925
  100
AcDbEntity
  8
Top-Silkscreen-Layer
  100
AcDbPolyline
  90
2
  70
0
  43
0.15199390398780802
  10
8.0500127000254
  20
2.4279908559817125
  10
8.0500127000254
  20
3.1899923799847607
  0
LWPOLYLINE
  5
1926
  100
AcDbEntity
  8
Top-Silkscreen-Layer
  100
AcDbPolyline
  90
2
  70
0
  43
0.15199390398780802
  10
9.3500127000254
  20
4.97205994411989
  10
9.3500127000254
  20
4.210058420116842
  0
LWPOLYLINE
  5
1927
  100
AcDbEntity
  8
Top-Silkscreen-Layer
  100
AcDbPolyline
  90
2
  70
0
  43
0.15199390398780802
  10
9.3500127000254
  20
2.4279908559817125
  10
9.3500127000254
  20
3.1899923799847607
  0
LWPOLYLINE
  5
1928
  100
AcDbEntity
  8
Top-Silkscreen-Layer
  100
AcDbPolyline
  90
2
  70
0
  43
0.15199390398780802
  10
8.0500127000254
  20
4.97205994411989
  10
8.0500127000254
  20
4.210058420116842
  0
LWPOLYLINE
  5
1929
  100
AcDbEntity
  8
Top-Silkscreen-Layer
  100
AcDbPolyline
  90
2
  70
0
  43
0.25400050800101603
  10
64.60012954025909
  20
-7.500015240030481
  10
64.2001295402591
  20
-7.9000152400304815
  0
LWPOLYLINE
  5
1930
  100
AcDbEntity
  8
Top-Silkscreen-Layer
  100
AcDbPolyline
  90
2
  70
0
  43
0.25400050800101603
  10
64.2001295402591
  20
-7.9000152400304815
  10
64.1001295402591
  20
-8.00001524003048
  0
LWPOLYLINE
  5
1931
  100
AcDbEntity
  8
Top-Silkscreen-Layer
  100
AcDbPolyline
  90
2
  70
0
  43
0.25400050800101603
  10
64.1001295402591
  20
-8.00001524003048
  10
64.2001295402591
  20
-8.100269240538482
  0
LWPOLYLINE
  5
1932
  100
AcDbEntity
  8
Top-Silkscreen-Layer
  100
AcDbPolyline
  90
2
  70
0
  43
0.25400050800101603
  10
64.2001295402591
  20
-8.100269240538482
  10
64.60012954025909
  20
-8.500269240538481
  0
LWPOLYLINE
  5
1933
  100
AcDbEntity
  8
Top-Silkscreen-Layer
  100
AcDbPolyline
  90
2
  70
0
  43
0.25400050800101603
  10
64.60012954025909
  20
-7.500015240030481
  10
64.60012954025909
  20
-8.500269240538481
  0
LWPOLYLINE
  5
1934
  100
AcDbEntity
  8
Top-Silkscreen-Layer
  100
AcDbPolyline
  90
2
  70
0
  43
0.25400050800101603
  10
64.84336042672086
  20
-9.017287274574551
  10
66.39276352552707
  20
-9.017287274574551
  0
LWPOLYLINE
  5
1935
  100
AcDbEntity
  8
Top-Silkscreen-Layer
  100
AcDbPolyline
  90
2
  70
0
  43
0.25400050800101603
  10
66.39276352552707
  20
-9.017287274574551
  10
66.39276352552707
  20
-6.985283210566422
  0
LWPOLYLINE
  5
1936
  100
AcDbEntity
  8
Top-Silkscreen-Layer
  100
AcDbPolyline
  90
2
  70
0
  43
0.25400050800101603
  10
66.39276352552707
  20
-6.985283210566422
  10
64.84336042672086
  20
-6.985283210566422
  0
LWPOLYLINE
  5
1937
  100
AcDbEntity
  8
Top-Silkscreen-Layer
  100
AcDbPolyline
  90
2
  70
0
  43
0.25400050800101603
  10
64.05595885191772
  20
-9.04268732537465
  10
62.582755905511824
  20
-9.04268732537465
  0
LWPOLYLINE
  5
1938
  100
AcDbEntity
  8
Top-Silkscreen-Layer
  100
AcDbPolyline
  90
2
  70
0
  43
0.25400050800101603
  10
62.582755905511824
  20
-9.04268732537465
  10
62.176355092710196
  20
-8.636286512573028
  0
LWPOLYLINE
  5
1939
  100
AcDbEntity
  8
Top-Silkscreen-Layer
  100
AcDbPolyline
  90
2
  70
0
  43
0.25400050800101603
  10
62.176355092710196
  20
-8.636286512573028
  10
62.176355092710196
  20
-7.366283972567945
  0
LWPOLYLINE
  5
1940
  100
AcDbEntity
  8
Top-Silkscreen-Layer
  100
AcDbPolyline
  90
2
  70
0
  43
0.25400050800101603
  10
62.176355092710196
  20
-7.366283972567945
  10
62.55735585471172
  20
-6.985283210566422
  0
LWPOLYLINE
  5
1941
  100
AcDbEntity
  8
Top-Silkscreen-Layer
  100
AcDbPolyline
  90
2
  70
0
  43
0.25400050800101603
  10
62.55735585471172
  20
-6.985283210566422
  10
64.08135890271782
  20
-6.985283210566422
  0
LWPOLYLINE
  5
1948
  100
AcDbEntity
  8
Top-Silkscreen-Layer
  100
AcDbPolyline
  90
2
  70
0
  43
0.25400050800101603
  10
64.60012954025909
  20
8.50001524003048
  10
64.2001295402591
  20
8.100015240030482
  0
LWPOLYLINE
  5
1949
  100
AcDbEntity
  8
Top-Silkscreen-Layer
  100
AcDbPolyline
  90
2
  70
0
  43
0.25400050800101603
  10
64.2001295402591
  20
8.100015240030482
  10
64.1001295402591
  20
8.00001524003048
  0
LWPOLYLINE
  5
1950
  100
AcDbEntity
  8
Top-Silkscreen-Layer
  100
AcDbPolyline
  90
2
  70
0
  43
0.25400050800101603
  10
64.1001295402591
  20
8.00001524003048
  10
64.2001295402591
  20
7.89976123952248
  0
LWPOLYLINE
  5
1951
  100
AcDbEntity
  8
Top-Silkscreen-Layer
  100
AcDbPolyline
  90
2
  70
0
  43
0.25400050800101603
  10
64.2001295402591
  20
7.89976123952248
  10
64.60012954025909
  20
7.49976123952248
  0
LWPOLYLINE
  5
1952
  100
AcDbEntity
  8
Top-Silkscreen-Layer
  100
AcDbPolyline
  90
2
  70
0
  43
0.25400050800101603
  10
64.60012954025909
  20
8.50001524003048
  10
64.60012954025909
  20
7.49976123952248
  0
LWPOLYLINE
  5
1953
  100
AcDbEntity
  8
Top-Silkscreen-Layer
  100
AcDbPolyline
  90
2
  70
0
  43
0.25400050800101603
  10
64.84336042672086
  20
6.982743205486412
  10
66.39276352552707
  20
6.982743205486412
  0
LWPOLYLINE
  5
1954
  100
AcDbEntity
  8
Top-Silkscreen-Layer
  100
AcDbPolyline
  90
2
  70
0
  43
0.25400050800101603
  10
66.39276352552707
  20
6.982743205486412
  10
66.39276352552707
  20
9.01474726949454
  0
LWPOLYLINE
  5
1955
  100
AcDbEntity
  8
Top-Silkscreen-Layer
  100
AcDbPolyline
  90
2
  70
0
  43
0.25400050800101603
  10
66.39276352552707
  20
9.01474726949454
  10
64.84336042672086
  20
9.01474726949454
  0
LWPOLYLINE
  5
1956
  100
AcDbEntity
  8
Top-Silkscreen-Layer
  100
AcDbPolyline
  90
2
  70
0
  43
0.25400050800101603
  10
64.05595885191772
  20
6.95734315468631
  10
62.582755905511824
  20
6.95734315468631
  0
LWPOLYLINE
  5
1957
  100
AcDbEntity
  8
Top-Silkscreen-Layer
  100
AcDbPolyline
  90
2
  70
0
  43
0.25400050800101603
  10
62.582755905511824
  20
6.95734315468631
  10
62.176355092710196
  20
7.363743967487936
  0
LWPOLYLINE
  5
1958
  100
AcDbEntity
  8
Top-Silkscreen-Layer
  100
AcDbPolyline
  90
2
  70
0
  43
0.25400050800101603
  10
62.176355092710196
  20
7.363743967487936
  10
62.176355092710196
  20
8.633746507493015
  0
LWPOLYLINE
  5
1959
  100
AcDbEntity
  8
Top-Silkscreen-Layer
  100
AcDbPolyline
  90
2
  70
0
  43
0.25400050800101603
  10
62.176355092710196
  20
8.633746507493015
  10
62.55735585471172
  20
9.01474726949454
  0
LWPOLYLINE
  5
1960
  100
AcDbEntity
  8
Top-Silkscreen-Layer
  100
AcDbPolyline
  90
2
  70
0
  43
0.25400050800101603
  10
62.55735585471172
  20
9.01474726949454
  10
64.08135890271782
  20
9.01474726949454
  0
LWPOLYLINE
  5
1968
  100
AcDbEntity
  8
Top-Silkscreen-Layer
  100
AcDbPolyline
  90
2
  70
0
  43
0.15199390398780802
  10
59.49265938531878
  20
-10.235001270002542
  10
59.907340614681246
  20
-10.235001270002542
  0
LWPOLYLINE
  5
1969
  100
AcDbEntity
  8
Top-Silkscreen-Layer
  100
AcDbPolyline
  90
2
  70
0
  43
0.15199390398780802
  10
59.25999491998985
  20
-8.975006350012702
  10
58.64000508001017
  20
-8.975006350012702
  0
LWPOLYLINE
  5
1970
  100
AcDbEntity
  8
Top-Silkscreen-Layer
  100
AcDbPolyline
  90
2
  70
0
  43
0.15199390398780802
  10
58.64000508001017
  20
-8.975006350012702
  10
58.64000508001017
  20
-10.214986029972062
  0
LWPOLYLINE
  5
1971
  100
AcDbEntity
  8
Top-Silkscreen-Layer
  100
AcDbPolyline
  90
2
  70
0
  43
0.15199390398780802
  10
58.64000508001017
  20
-10.214986029972062
  10
58.64000508001017
  20
-10.2249936499873
  0
LWPOLYLINE
  5
1972
  100
AcDbEntity
  8
Top-Silkscreen-Layer
  100
AcDbPolyline
  90
2
  70
0
  43
0.15199390398780802
  10
60.75999491998985
  20
-8.975006350012702
  10
60.75999491998985
  20
-10.2249936499873
  0
LWPOLYLINE
  5
1973
  100
AcDbEntity
  8
Top-Silkscreen-Layer
  100
AcDbPolyline
  90
2
  70
0
  43
0.15199390398780802
  10
60.75999491998985
  20
-8.975006350012702
  10
60.142646685293386
  20
-8.975006350012702
  0
LWPOLYLINE
  5
1974
  100
AcDbEntity
  8
Top-Silkscreen-Layer
  100
AcDbPolyline
  90
4
  70
0
  43
0.15001270002540007
  10
58.425069850139714
  20
-10.520040640060857
  42
1
  10
58.57493014986031
  20
-10.520040640089412
  10
58.57493014986031
  20
-10.520040640101707
  42
1
  10
58.425069850139714
  20
-10.520040640073152
  0
LWPOLYLINE
  5
1976
  100
AcDbEntity
  8
Top-Silkscreen-Layer
  100
AcDbPolyline
  90
2
  70
0
  43
0.15199390398780802
  10
59.707459994919994
  20
9.8350190500381
  10
59.29277876555753
  20
9.8350190500381
  0
LWPOLYLINE
  5
1977
  100
AcDbEntity
  8
Top-Silkscreen-Layer
  100
AcDbPolyline
  90
2
  70
0
  43
0.15199390398780802
  10
59.940124460248924
  20
8.575024130048261
  10
60.560114300228605
  20
8.575024130048261
  0
LWPOLYLINE
  5
1978
  100
AcDbEntity
  8
Top-Silkscreen-Layer
  100
AcDbPolyline
  90
2
  70
0
  43
0.15199390398780802
  10
60.560114300228605
  20
8.575024130048261
  10
60.560114300228605
  20
9.815003810007621
  0
LWPOLYLINE
  5
1979
  100
AcDbEntity
  8
Top-Silkscreen-Layer
  100
AcDbPolyline
  90
2
  70
0
  43
0.15199390398780802
  10
60.560114300228605
  20
9.815003810007621
  10
60.560114300228605
  20
9.825011430022862
  0
LWPOLYLINE
  5
1980
  100
AcDbEntity
  8
Top-Silkscreen-Layer
  100
AcDbPolyline
  90
2
  70
0
  43
0.15199390398780802
  10
58.44012446024892
  20
8.575024130048261
  10
58.44012446024892
  20
9.825011430022862
  0
LWPOLYLINE
  5
1981
  100
AcDbEntity
  8
Top-Silkscreen-Layer
  100
AcDbPolyline
  90
2
  70
0
  43
0.15199390398780802
  10
58.44012446024892
  20
8.575024130048261
  10
59.05747269494539
  20
8.575024130048261
  0
LWPOLYLINE
  5
1982
  100
AcDbEntity
  8
Top-Silkscreen-Layer
  100
AcDbPolyline
  90
4
  70
0
  43
0.15001270002540007
  10
60.62518923037847
  20
10.120058420137266
  42
1
  10
60.77504953009906
  20
10.12005842010871
  10
60.77504953009906
  20
10.120058420096417
  42
1
  10
60.62518923037847
  20
10.120058420124971
  0
LWPOLYLINE
  5
1983
  100
AcDbEntity
  8
Top-Silkscreen-Layer
  100
AcDbPolyline
  90
2
  70
0
  43
0.15240030480060962
  10
59.59872237744476
  20
-12.426238252476507
  10
59.59872237744476
  20
-13.14427228854458
  0
LWPOLYLINE
  5
1984
  100
AcDbEntity
  8
Top-Silkscreen-Layer
  100
AcDbPolyline
  90
2
  70
0
  43
0.15240030480060962
  10
59.59872237744476
  20
-13.14427228854458
  10
58.601516383032774
  20
-13.14427228854458
  0
LWPOLYLINE
  5
1985
  100
AcDbEntity
  8
Top-Silkscreen-Layer
  100
AcDbPolyline
  90
2
  70
0
  43
0.15240030480060962
  10
58.601516383032774
  20
-13.14427228854458
  10
58.601516383032774
  20
-12.426238252476507
  0
LWPOLYLINE
  5
1986
  100
AcDbEntity
  8
Top-Silkscreen-Layer
  100
AcDbPolyline
  90
2
  70
0
  43
0.15240030480060962
  10
59.59872237744476
  20
-11.973812547625098
  10
59.59872237744476
  20
-11.255778511557024
  0
LWPOLYLINE
  5
1987
  100
AcDbEntity
  8
Top-Silkscreen-Layer
  100
AcDbPolyline
  90
2
  70
0
  43
0.15240030480060962
  10
59.59872237744476
  20
-11.255778511557024
  10
58.601516383032774
  20
-11.255778511557024
  0
LWPOLYLINE
  5
1988
  100
AcDbEntity
  8
Top-Silkscreen-Layer
  100
AcDbPolyline
  90
2
  70
0
  43
0.15240030480060962
  10
58.601516383032774
  20
-11.255778511557024
  10
58.601516383032774
  20
-11.973812547625098
  0
LWPOLYLINE
  5
1989
  100
AcDbEntity
  8
Top-Silkscreen-Layer
  100
AcDbPolyline
  90
2
  70
0
  43
0.15240030480060962
  10
60.77390906781814
  20
-8.498618237236476
  10
60.05587503175007
  20
-8.498618237236476
  0
LWPOLYLINE
  5
1990
  100
AcDbEntity
  8
Top-Silkscreen-Layer
  100
AcDbPolyline
  90
2
  70
0
  43
0.15240030480060962
  10
60.05587503175007
  20
-8.498618237236476
  10
60.05587503175007
  20
-7.501412242824486
  0
LWPOLYLINE
  5
1991
  100
AcDbEntity
  8
Top-Silkscreen-Layer
  100
AcDbPolyline
  90
2
  70
0
  43
0.15240030480060962
  10
60.05587503175007
  20
-7.501412242824486
  10
60.77390906781814
  20
-7.501412242824486
  0
LWPOLYLINE
  5
1992
  100
AcDbEntity
  8
Top-Silkscreen-Layer
  100
AcDbPolyline
  90
2
  70
0
  43
0.15240030480060962
  10
61.22633477266955
  20
-8.498618237236476
  10
61.94436880873762
  20
-8.498618237236476
  0
LWPOLYLINE
  5
1993
  100
AcDbEntity
  8
Top-Silkscreen-Layer
  100
AcDbPolyline
  90
2
  70
0
  43
0.15240030480060962
  10
61.94436880873762
  20
-8.498618237236476
  10
61.94436880873762
  20
-7.501412242824486
  0
LWPOLYLINE
  5
1994
  100
AcDbEntity
  8
Top-Silkscreen-Layer
  100
AcDbPolyline
  90
2
  70
0
  43
0.15240030480060962
  10
61.94436880873762
  20
-7.501412242824486
  10
61.22633477266955
  20
-7.501412242824486
  0
LWPOLYLINE
  5
1995
  100
AcDbEntity
  8
Top-Silkscreen-Layer
  100
AcDbPolyline
  90
2
  70
0
  43
0.15240030480060962
  10
59.49871983743969
  20
11.573810007620015
  10
59.49871983743969
  20
10.855775971551942
  0
LWPOLYLINE
  5
1996
  100
AcDbEntity
  8
Top-Silkscreen-Layer
  100
AcDbPolyline
  90
2
  70
0
  43
0.15240030480060962
  10
59.49871983743969
  20
10.855775971551942
  10
58.5015138430277
  20
10.855775971551942
  0
LWPOLYLINE
  5
1997
  100
AcDbEntity
  8
Top-Silkscreen-Layer
  100
AcDbPolyline
  90
2
  70
0
  43
0.15240030480060962
  10
58.5015138430277
  20
10.855775971551942
  10
58.5015138430277
  20
11.573810007620015
  0
LWPOLYLINE
  5
1998
  100
AcDbEntity
  8
Top-Silkscreen-Layer
  100
AcDbPolyline
  90
2
  70
0
  43
0.15240030480060962
  10
59.49871983743969
  20
12.026235712471426
  10
59.49871983743969
  20
12.744269748539498
  0
LWPOLYLINE
  5
1999
  100
AcDbEntity
  8
Top-Silkscreen-Layer
  100
AcDbPolyline
  90
2
  70
0
  43
0.15240030480060962
  10
59.49871983743969
  20
12.744269748539498
  10
58.5015138430277
  20
12.744269748539498
  0
LWPOLYLINE
  5
2000
  100
AcDbEntity
  8
Top-Silkscreen-Layer
  100
AcDbPolyline
  90
2
  70
0
  43
0.15240030480060962
  10
58.5015138430277
  20
12.744269748539498
  10
58.5015138430277
  20
12.026235712471426
  0
LWPOLYLINE
  5
2001
  100
AcDbEntity
  8
Top-Silkscreen-Layer
  100
AcDbPolyline
  90
2
  70
0
  43
0.15240030480060962
  10
61.22633477266955
  20
8.398618237236475
  10
61.94436880873762
  20
8.398618237236475
  0
LWPOLYLINE
  5
2002
  100
AcDbEntity
  8
Top-Silkscreen-Layer
  100
AcDbPolyline
  90
2
  70
0
  43
0.15240030480060962
  10
61.94436880873762
  20
8.398618237236475
  10
61.94436880873762
  20
7.4014122428244855
  0
LWPOLYLINE
  5
2003
  100
AcDbEntity
  8
Top-Silkscreen-Layer
  100
AcDbPolyline
  90
2
  70
0
  43
0.15240030480060962
  10
61.94436880873762
  20
7.4014122428244855
  10
61.22633477266955
  20
7.4014122428244855
  0
LWPOLYLINE
  5
2004
  100
AcDbEntity
  8
Top-Silkscreen-Layer
  100
AcDbPolyline
  90
2
  70
0
  43
0.15240030480060962
  10
60.77390906781814
  20
8.398618237236475
  10
60.05587503175007
  20
8.398618237236475
  0
LWPOLYLINE
  5
2005
  100
AcDbEntity
  8
Top-Silkscreen-Layer
  100
AcDbPolyline
  90
2
  70
0
  43
0.15240030480060962
  10
60.05587503175007
  20
8.398618237236475
  10
60.05587503175007
  20
7.4014122428244855
  0
LWPOLYLINE
  5
2006
  100
AcDbEntity
  8
Top-Silkscreen-Layer
  100
AcDbPolyline
  90
2
  70
0
  43
0.15240030480060962
  10
60.05587503175007
  20
7.4014122428244855
  10
60.77390906781814
  20
7.4014122428244855
  0
LWPOLYLINE
  5
2007
  100
AcDbEntity
  8
Top-Silkscreen-Layer
  100
AcDbPolyline
  90
2
  70
0
  43
0.15240030480060962
  10
7.773787147574296
  20
-1.9986029972059947
  10
7.055753111506223
  20
-1.9986029972059947
  0
LWPOLYLINE
  5
2008
  100
AcDbEntity
  8
Top-Silkscreen-Layer
  100
AcDbPolyline
  90
2
  70
0
  43
0.15240030480060962
  10
7.055753111506223
  20
-1.9986029972059947
  10
7.055753111506223
  20
-1.0013970027940058
  0
LWPOLYLINE
  5
2009
  100
AcDbEntity
  8
Top-Silkscreen-Layer
  100
AcDbPolyline
  90
2
  70
0
  43
0.15240030480060962
  10
7.055753111506223
  20
-1.0013970027940058
  10
7.773787147574296
  20
-1.0013970027940058
  0
LWPOLYLINE
  5
2010
  100
AcDbEntity
  8
Top-Silkscreen-Layer
  100
AcDbPolyline
  90
2
  70
0
  43
0.15240030480060962
  10
8.226212852425705
  20
-1.9986029972059947
  10
8.944246888493778
  20
-1.9986029972059947
  0
LWPOLYLINE
  5
2011
  100
AcDbEntity
  8
Top-Silkscreen-Layer
  100
AcDbPolyline
  90
2
  70
0
  43
0.15240030480060962
  10
8.944246888493778
  20
-1.9986029972059947
  10
8.944246888493778
  20
-1.0013970027940058
  0
LWPOLYLINE
  5
2012
  100
AcDbEntity
  8
Top-Silkscreen-Layer
  100
AcDbPolyline
  90
2
  70
0
  43
0.15240030480060962
  10
8.944246888493778
  20
-1.0013970027940058
  10
8.226212852425705
  20
-1.0013970027940058
  0
LWPOLYLINE
  5
2013
  100
AcDbEntity
  8
Top-Silkscreen-Layer
  100
AcDbPolyline
  90
2
  70
0
  43
0.15240030480060962
  10
8.173787147574298
  20
0.8013970027940057
  10
7.455753111506225
  20
0.8013970027940057
  0
LWPOLYLINE
  5
2014
  100
AcDbEntity
  8
Top-Silkscreen-Layer
  100
AcDbPolyline
  90
2
  70
0
  43
0.15240030480060962
  10
7.455753111506225
  20
0.8013970027940057
  10
7.455753111506225
  20
1.7986029972059947
  0
LWPOLYLINE
  5
2015
  100
AcDbEntity
  8
Top-Silkscreen-Layer
  100
AcDbPolyline
  90
2
  70
0
  43
0.15240030480060962
  10
7.455753111506225
  20
1.7986029972059947
  10
8.173787147574298
  20
1.7986029972059947
  0
LWPOLYLINE
  5
2016
  100
AcDbEntity
  8
Top-Silkscreen-Layer
  100
AcDbPolyline
  90
2
  70
0
  43
0.15240030480060962
  10
8.626212852425708
  20
0.8013970027940057
  10
9.34424688849378
  20
0.8013970027940057
  0
LWPOLYLINE
  5
2017
  100
AcDbEntity
  8
Top-Silkscreen-Layer
  100
AcDbPolyline
  90
2
  70
0
  43
0.15240030480060962
  10
9.34424688849378
  20
0.8013970027940057
  10
9.34424688849378
  20
1.7986029972059947
  0
LWPOLYLINE
  5
2018
  100
AcDbEntity
  8
Top-Silkscreen-Layer
  100
AcDbPolyline
  90
2
  70
0
  43
0.15240030480060962
  10
9.34424688849378
  20
1.7986029972059947
  10
8.626212852425708
  20
1.7986029972059947
  0
LWPOLYLINE
  5
2019
  100
AcDbEntity
  8
Top-Silkscreen-Layer
  100
AcDbPolyline
  90
2
  70
0
  43
0.15240030480060962
  10
16.60139700279401
  20
-1.5737871475742953
  10
16.60139700279401
  20
-0.8557531115062231
  0
LWPOLYLINE
  5
2020
  100
AcDbEntity
  8
Top-Silkscreen-Layer
  100
AcDbPolyline
  90
2
  70
0
  43
0.15240030480060962
  10
16.60139700279401
  20
-0.8557531115062231
  10
17.598602997205994
  20
-0.8557531115062231
  0
LWPOLYLINE
  5
2021
  100
AcDbEntity
  8
Top-Silkscreen-Layer
  100
AcDbPolyline
  90
2
  70
0
  43
0.15240030480060962
  10
17.598602997205994
  20
-0.8557531115062231
  10
17.598602997205994
  20
-1.5737871475742953
  0
LWPOLYLINE
  5
2022
  100
AcDbEntity
  8
Top-Silkscreen-Layer
  100
AcDbPolyline
  90
2
  70
0
  43
0.15240030480060962
  10
16.60139700279401
  20
-2.0262128524257053
  10
16.60139700279401
  20
-2.744246888493777
  0
LWPOLYLINE
  5
2023
  100
AcDbEntity
  8
Top-Silkscreen-Layer
  100
AcDbPolyline
  90
2
  70
0
  43
0.15240030480060962
  10
16.60139700279401
  20
-2.744246888493777
  10
17.598602997205994
  20
-2.744246888493777
  0
LWPOLYLINE
  5
2024
  100
AcDbEntity
  8
Top-Silkscreen-Layer
  100
AcDbPolyline
  90
2
  70
0
  43
0.15240030480060962
  10
17.598602997205994
  20
-2.744246888493777
  10
17.598602997205994
  20
-2.0262128524257053
  0
LWPOLYLINE
  5
2025
  100
AcDbEntity
  8
Top-Silkscreen-Layer
  100
AcDbPolyline
  90
2
  70
0
  43
0.15240030480060962
  10
8.973787147574296
  20
11.501397002794008
  10
8.255753111506223
  20
11.501397002794008
  0
LWPOLYLINE
  5
2026
  100
AcDbEntity
  8
Top-Silkscreen-Layer
  100
AcDbPolyline
  90
2
  70
0
  43
0.15240030480060962
  10
8.255753111506223
  20
11.501397002794008
  10
8.255753111506223
  20
12.498602997205996
  0
LWPOLYLINE
  5
2027
  100
AcDbEntity
  8
Top-Silkscreen-Layer
  100
AcDbPolyline
  90
2
  70
0
  43
0.15240030480060962
  10
8.255753111506223
  20
12.498602997205996
  10
8.973787147574296
  20
12.498602997205996
  0
LWPOLYLINE
  5
2028
  100
AcDbEntity
  8
Top-Silkscreen-Layer
  100
AcDbPolyline
  90
2
  70
0
  43
0.15240030480060962
  10
9.426212852425705
  20
11.501397002794008
  10
10.144246888493779
  20
11.501397002794008
  0
LWPOLYLINE
  5
2029
  100
AcDbEntity
  8
Top-Silkscreen-Layer
  100
AcDbPolyline
  90
2
  70
0
  43
0.15240030480060962
  10
10.144246888493779
  20
11.501397002794008
  10
10.144246888493779
  20
12.498602997205996
  0
LWPOLYLINE
  5
2030
  100
AcDbEntity
  8
Top-Silkscreen-Layer
  100
AcDbPolyline
  90
2
  70
0
  43
0.15240030480060962
  10
10.144246888493779
  20
12.498602997205996
  10
9.426212852425705
  20
12.498602997205996
  0
LWPOLYLINE
  5
2031
  100
AcDbEntity
  8
Top-Silkscreen-Layer
  100
AcDbPolyline
  90
2
  70
0
  43
0.25400050800101603
  10
68.36710947421896
  20
-2.563728727457454
  10
76.39212852425706
  20
-2.5637287274574536
  0
LWPOLYLINE
  5
2032
  100
AcDbEntity
  8
Top-Silkscreen-Layer
  100
AcDbPolyline
  90
2
  70
0
  43
0.25400050800101603
  10
71.82009398018798
  20
2.538074676149353
  10
71.82009398018798
  20
-2.563703327406655
  0
LWPOLYLINE
  5
2033
  100
AcDbEntity
  8
Top-Silkscreen-Layer
  100
AcDbPolyline
  90
2
  70
0
  43
0.25400050800101603
  10
72.7272313944628
  20
-2.563703327406655
  10
71.96548387096774
  20
2.538074676149353
  0
LWPOLYLINE
  5
2034
  100
AcDbEntity
  8
Top-Silkscreen-Layer
  100
AcDbPolyline
  90
2
  70
0
  43
0.25400050800101603
  10
72.7272313944628
  20
2.538074676149353
  10
72.7272313944628
  20
-2.563703327406655
  0
LWPOLYLINE
  5
2035
  100
AcDbEntity
  8
Top-Silkscreen-Layer
  100
AcDbPolyline
  90
2
  70
0
  43
0.25400050800101603
  10
73.54366522733046
  20
-2.563703327406655
  10
72.78191770383542
  20
2.538074676149353
  0
LWPOLYLINE
  5
2036
  100
AcDbEntity
  8
Top-Silkscreen-Layer
  100
AcDbPolyline
  90
2
  70
0
  43
0.25400050800101603
  10
73.54366522733046
  20
2.538074676149353
  10
73.54366522733046
  20
-2.563703327406655
  0
LWPOLYLINE
  5
2037
  100
AcDbEntity
  8
Top-Silkscreen-Layer
  100
AcDbPolyline
  90
2
  70
0
  43
0.25400050800101603
  10
74.34196342392686
  20
-2.563703327406655
  10
73.58021590043181
  20
2.538074676149353
  0
LWPOLYLINE
  5
2038
  100
AcDbEntity
  8
Top-Silkscreen-Layer
  100
AcDbPolyline
  90
2
  70
0
  43
0.25400050800101603
  10
74.34196342392686
  20
2.538074676149353
  10
74.34196342392686
  20
-2.563703327406655
  0
LWPOLYLINE
  5
2039
  100
AcDbEntity
  8
Top-Silkscreen-Layer
  100
AcDbPolyline
  90
2
  70
0
  43
0.25400050800101603
  10
75.12212598425198
  20
-2.5637287274574545
  10
74.36032766065534
  20
2.538049276098553
  0
LWPOLYLINE
  5
2040
  100
AcDbEntity
  8
Top-Silkscreen-Layer
  100
AcDbPolyline
  90
2
  70
0
  43
0.25400050800101603
  10
75.12212598425198
  20
2.538049276098553
  10
75.12212598425198
  20
-2.5637287274574545
  0
LWPOLYLINE
  5
2041
  100
AcDbEntity
  8
Top-Silkscreen-Layer
  100
AcDbPolyline
  90
2
  70
0
  43
0.25400050800101603
  10
76.36713487426977
  20
2.538049276098554
  10
76.36713487426977
  20
-2.539954279908559
  0
LWPOLYLINE
  5
2042
  100
AcDbEntity
  8
Top-Silkscreen-Layer
  100
AcDbPolyline
  90
2
  70
0
  43
0.25400050800101603
  10
68.36710947421896
  20
2.5380492760985534
  10
76.36713487426977
  20
2.538049276098554
  0
LWPOLYLINE
  5
2043
  100
AcDbEntity
  8
Top-Silkscreen-Layer
  100
AcDbPolyline
  90
2
  70
0
  43
0.25400050800101603
  10
66.86710947421895
  20
-3.2499618999238002
  10
68.36710947421896
  20
-3.2499618999237994
  0
LWPOLYLINE
  5
2044
  100
AcDbEntity
  8
Top-Silkscreen-Layer
  100
AcDbPolyline
  90
2
  70
0
  43
0.25400050800101603
  10
68.36710947421896
  20
3.2500635001270015
  10
68.36710947421896
  20
-3.1749555499110995
  0
LWPOLYLINE
  5
2045
  100
AcDbEntity
  8
Top-Silkscreen-Layer
  100
AcDbPolyline
  90
2
  70
0
  43
0.25400050800101603
  10
66.86710947421895
  20
3.2500635001270006
  10
68.36710947421896
  20
3.2500635001270015
  0
LWPOLYLINE
  5
2046
  100
AcDbEntity
  8
Top-Silkscreen-Layer
  100
AcDbPolyline
  90
2
  70
0
  43
0.25400050800101603
  10
66.86710947421895
  20
3.2500635001270006
  10
66.86710947421895
  20
-3.2499618999238002
  0
LWPOLYLINE
  5
2049
  100
AcDbEntity
  8
Top-Silkscreen-Layer
  100
AcDbPolyline
  90
2
  70
0
  43
0.152
  10
15.741198882397768
  20
3.2262128524257054
  10
15.310134620269242
  20
3.2262128524257054
  0
LWPOLYLINE
  5
2050
  100
AcDbEntity
  8
Top-Silkscreen-Layer
  100
AcDbPolyline
  90
2
  70
0
  43
0.152
  10
12.658801117602236
  20
3.2262128524257054
  10
13.08986537973076
  20
3.2262128524257054
  0
LWPOLYLINE
  5
2051
  100
AcDbEntity
  8
Top-Silkscreen-Layer
  100
AcDbPolyline
  90
2
  70
0
  43
0.152
  10
13.089865379730762
  20
-0.8262128524257049
  10
12.658801117602236
  20
-0.8262128524257049
  0
LWPOLYLINE
  5
2052
  100
AcDbEntity
  8
Top-Silkscreen-Layer
  100
AcDbPolyline
  90
2
  70
0
  43
0.152
  10
15.741198882397768
  20
-0.8262128524257053
  10
15.310134620269244
  20
-0.8262128524257051
  0
LWPOLYLINE
  5
2053
  100
AcDbEntity
  8
Top-Silkscreen-Layer
  100
AcDbPolyline
  90
2
  70
0
  43
0.15240030480060962
  10
15.741198882397768
  20
-0.8262128524257053
  10
15.741198882397768
  20
3.2262128524257054
  0
LWPOLYLINE
  5
2054
  100
AcDbEntity
  8
Top-Silkscreen-Layer
  100
AcDbPolyline
  90
2
  70
0
  43
0.15240030480060962
  10
12.658801117602236
  20
-0.8262128524257049
  10
12.658801117602236
  20
3.2262128524257054
  0
LWPOLYLINE
  5
2055
  100
AcDbEntity
  8
Top-Silkscreen-Layer
  100
AcDbPolyline
  90
4
  70
0
  43
0.25400050800101603
  10
13.300076200152402
  20
1.2000000052078552
  42
1
  10
15.099923799847602
  20
1.1999999966835169
  10
15.099923799847602
  20
1.1999999947921456
  42
1
  10
13.300076200152402
  20
1.200000003316483
  0
LWPOLYLINE
  5
2057
  100
AcDbEntity
  8
Top-Silkscreen-Layer
  100
AcDbPolyline
  90
2
  70
0
  43
0.15240030480060962
  10
17.710690881381765
  20
-6.581638303276608
  10
17.710690881381765
  20
-7.155323850647703
  0
LWPOLYLINE
  5
2058
  100
AcDbEntity
  8
Top-Silkscreen-Layer
  100
AcDbPolyline
  90
2
  70
0
  43
0.15240030480060962
  10
17.710690881381765
  20
-7.155323850647703
  10
17.13700533401067
  20
-7.155323850647703
  0
LWPOLYLINE
  5
2059
  100
AcDbEntity
  8
Top-Silkscreen-Layer
  100
AcDbPolyline
  90
2
  70
0
  43
0.15240030480060962
  10
13.558290576581156
  20
-6.581638303276607
  10
13.558290576581156
  20
-7.155323850647703
  0
LWPOLYLINE
  5
2060
  100
AcDbEntity
  8
Top-Silkscreen-Layer
  100
AcDbPolyline
  90
2
  70
0
  43
0.15240030480060962
  10
13.558290576581156
  20
-7.155323850647703
  10
14.131976123952251
  20
-7.155323850647703
  0
LWPOLYLINE
  5
2061
  100
AcDbEntity
  8
Top-Silkscreen-Layer
  100
AcDbPolyline
  90
2
  70
0
  43
0.15240030480060962
  10
17.710690881381765
  20
-3.5766090932181873
  10
17.710690881381765
  20
-3.002923545847093
  0
LWPOLYLINE
  5
2062
  100
AcDbEntity
  8
Top-Silkscreen-Layer
  100
AcDbPolyline
  90
2
  70
0
  43
0.15240030480060962
  10
17.710690881381765
  20
-3.002923545847093
  10
17.13700533401067
  20
-3.002923545847092
  0
LWPOLYLINE
  5
2063
  100
AcDbEntity
  8
Top-Silkscreen-Layer
  100
AcDbPolyline
  90
2
  70
0
  43
0.15240030480060962
  10
13.558290576581156
  20
-3.5766090932181864
  10
13.558290576581156
  20
-3.0029235458470915
  0
LWPOLYLINE
  5
2064
  100
AcDbEntity
  8
Top-Silkscreen-Layer
  100
AcDbPolyline
  90
2
  70
0
  43
0.15240030480060962
  10
13.558290576581156
  20
-3.0029235458470915
  10
14.131976123952251
  20
-3.0029235458470924
  0
LWPOLYLINE
  5
2065
  100
AcDbEntity
  8
Top-Silkscreen-Layer
  100
AcDbPolyline
  90
2
  70
1
  43
0.15001270002540007
  10
16.75945897891796
  20
-2.5391186182372367
  42
1
  10
16.90931927863856
  20
-2.5391186182372367
  42
1
  0
LWPOLYLINE
  5
2067
  100
AcDbEntity
  8
Top-Silkscreen-Layer
  100
AcDbPolyline
  90
2
  70
0
  43
0.25400050800101603
  10
19.000152400304803
  20
7.2082042164084354
  10
16.000000000000004
  20
7.208204216408435
  0
LWPOLYLINE
  5
2068
  100
AcDbEntity
  8
Top-Silkscreen-Layer
  100
AcDbPolyline
  90
2
  70
0
  43
0.25400050800101603
  10
16.000000000000004
  20
7.208204216408435
  10
16.000000000000004
  20
2.9409956819913647
  0
LWPOLYLINE
  5
2069
  100
AcDbEntity
  8
Top-Silkscreen-Layer
  100
AcDbPolyline
  90
2
  70
0
  43
0.25400050800101603
  10
16.037084074168153
  20
2.9409956819913647
  10
19.000000000000007
  20
2.940995681991365
  0
LWPOLYLINE
  5
2070
  100
AcDbEntity
  8
Top-Silkscreen-Layer
  100
AcDbPolyline
  90
2
  70
0
  43
0.25400050800101603
  10
19.000152400304803
  20
4.337998475996954
  10
19.000152400304803
  20
2.940995681991365
  0
LWPOLYLINE
  5
2071
  100
AcDbEntity
  8
Top-Silkscreen-Layer
  100
AcDbPolyline
  90
2
  70
0
  43
0.25400050800101603
  10
19.000152400304803
  20
7.2082042164084354
  10
19.000152400304803
  20
5.8112014224028465
  0
LWPOLYLINE
  5
2072
  100
AcDbEntity
  8
Top-Silkscreen-Layer
  100
AcDbPolyline
  90
3
  70
0
  43
0.30000000000000004
  10
19.237363474726955
  20
7.665405130810263
  42
0.996
  10
19.23609347218695
  20
7.965425131605335
  42
0.996
  10
19.234823469646944
  20
7.665405130810263
  0
LWPOLYLINE
  5
2073
  100
AcDbEntity
  8
Top-Silkscreen-Layer
  100
AcDbPolyline
  90
2
  70
0
  43
0.25400050800101603
  10
19.000152400304803
  20
4.337998475996954
  42
-1
  10
19.000152400304806
  20
5.785801371602744
  0
LWPOLYLINE
  5
2076
  100
AcDbEntity
  8
Top-Silkscreen-Layer
  100
AcDbPolyline
  90
2
  70
0
  43
0.25400050800101603
  10
2.7084937769875537
  20
4.500050800101601
  10
4.521447802895605
  20
4.500050800101601
  0
LWPOLYLINE
  5
2077
  100
AcDbEntity
  8
Top-Silkscreen-Layer
  100
AcDbPolyline
  90
2
  70
0
  43
0.25400050800101603
  10
2.7084937769875546
  20
-4.4999745999492005
  10
4.521447802895606
  20
-4.4999745999492005
  0
LWPOLYLINE
  5
2078
  100
AcDbEntity
  8
Top-Silkscreen-Layer
  100
AcDbPolyline
  90
2
  70
0
  43
0.25400050800101603
  10
-1.0300635001270004
  20
4.500050800101601
  10
0.49137414274828517
  20
4.500050800101601
  0
LWPOLYLINE
  5
2079
  100
AcDbEntity
  8
Top-Silkscreen-Layer
  100
AcDbPolyline
  90
2
  70
0
  43
0.25400050800101603
  10
-1.0300635001270004
  20
-4.4999745999492005
  10
0.49137414274828606
  20
-4.4999745999492005
  0
LWPOLYLINE
  5
2080
  100
AcDbEntity
  8
Top-Silkscreen-Layer
  100
AcDbPolyline
  90
2
  70
0
  43
0.25400050800101603
  10
-1.0300635001270004
  20
-4.4999745999492005
  10
-1.0300635001270004
  20
4.500050800101601
  0
LWPOLYLINE
  5
2088
  100
AcDbEntity
  8
Top-Silkscreen-Layer
  100
AcDbPolyline
  90
2
  70
0
  43
0.25400050800101603
  10
21.500127000254004
  20
-8
  10
51.500127000254004
  20
-8.000000000000002
  0
LWPOLYLINE
  5
2089
  100
AcDbEntity
  8
Top-Silkscreen-Layer
  100
AcDbPolyline
  90
2
  70
0
  43
0.25400050800101603
  10
51.500127000254004
  20
-8.000000000000002
  10
51.500127000254004
  20
-4.000000000000001
  0
LWPOLYLINE
  5
2090
  100
AcDbEntity
  8
Top-Silkscreen-Layer
  100
AcDbPolyline
  90
2
  70
0
  43
0.25400050800101603
  10
51.500127000254004
  20
-4.000000000000001
  10
56.50012700025401
  20
-4.000000000000002
  0
LWPOLYLINE
  5
2091
  100
AcDbEntity
  8
Top-Silkscreen-Layer
  100
AcDbPolyline
  90
2
  70
0
  43
0.25400050800101603
  10
56.50012700025401
  20
-4.000000000000002
  10
56.50012700025401
  20
9.1
  0
LWPOLYLINE
  5
2092
  100
AcDbEntity
  8
Top-Silkscreen-Layer
  100
AcDbPolyline
  90
2
  70
0
  43
0.25400050800101603
  10
56.50012700025401
  20
9.1
  10
21.500127000254004
  20
9.100000000000005
  0
LWPOLYLINE
  5
2093
  100
AcDbEntity
  8
Top-Silkscreen-Layer
  100
AcDbPolyline
  90
2
  70
0
  43
0.25400050800101603
  10
21.500127000254004
  20
9.100000000000005
  10
21.500127000254004
  20
-8
  0
LWPOLYLINE
  5
2094
  100
AcDbEntity
  8
Top-Silkscreen-Layer
  100
AcDbPolyline
  90
2
  70
0
  43
0.25400050800101603
  10
19.700127000254007
  20
-11.999999999999998
  10
21.27899415798832
  20
-11.999999999999998
  0
LWPOLYLINE
  5
2095
  100
AcDbEntity
  8
Top-Silkscreen-Layer
  100
AcDbPolyline
  90
2
  70
0
  43
0.25400050800101603
  10
19.700127000254007
  20
12.000000000000005
  10
19.700127000254007
  20
-11.999999999999998
  0
LWPOLYLINE
  5
2096
  100
AcDbEntity
  8
Top-Silkscreen-Layer
  100
AcDbPolyline
  90
2
  70
0
  43
0.25400050800101603
  10
21.27899415798832
  20
12.000000000000005
  10
19.700127000254007
  20
12.000000000000005
  0
LWPOLYLINE
  5
2097
  100
AcDbEntity
  8
Top-Silkscreen-Layer
  100
AcDbPolyline
  90
2
  70
0
  43
0.25400050800101603
  10
23.81899923799848
  20
12.000000000000002
  10
23.24124968249937
  20
12.000000000000002
  0
LWPOLYLINE
  5
2098
  100
AcDbEntity
  8
Top-Silkscreen-Layer
  100
AcDbPolyline
  90
2
  70
0
  43
0.25400050800101603
  10
26.35900431800864
  20
12.000000000000002
  10
25.781254762509526
  20
12.000000000000002
  0
LWPOLYLINE
  5
2099
  100
AcDbEntity
  8
Top-Silkscreen-Layer
  100
AcDbPolyline
  90
2
  70
0
  43
0.25400050800101603
  10
28.8990093980188
  20
12.000000000000002
  10
28.321259842519687
  20
12.000000000000002
  0
LWPOLYLINE
  5
2100
  100
AcDbEntity
  8
Top-Silkscreen-Layer
  100
AcDbPolyline
  90
2
  70
0
  43
0.25400050800101603
  10
31.439014478028962
  20
12.000000000000002
  10
30.861264922529852
  20
12.000000000000002
  0
LWPOLYLINE
  5
2101
  100
AcDbEntity
  8
Top-Silkscreen-Layer
  100
AcDbPolyline
  90
2
  70
0
  43
0.25400050800101603
  10
33.978994157988325
  20
12.000000000000002
  10
33.40127000254001
  20
12.000000000000002
  0
LWPOLYLINE
  5
2102
  100
AcDbEntity
  8
Top-Silkscreen-Layer
  100
AcDbPolyline
  90
2
  70
0
  43
0.25400050800101603
  10
36.518999237998486
  20
12.000000000000002
  10
35.94127508255017
  20
12.000000000000002
  0
LWPOLYLINE
  5
2103
  100
AcDbEntity
  8
Top-Silkscreen-Layer
  100
AcDbPolyline
  90
2
  70
0
  43
0.25400050800101603
  10
39.05900431800865
  20
12.000000000000002
  10
38.48128016256033
  20
12.000000000000002
  0
LWPOLYLINE
  5
2104
  100
AcDbEntity
  8
Top-Silkscreen-Layer
  100
AcDbPolyline
  90
2
  70
0
  43
0.25400050800101603
  10
46.65900431800865
  20
12.000000000000004
  10
41.02128524257049
  20
12.000000000000002
  0
LWPOLYLINE
  5
2105
  100
AcDbEntity
  8
Top-Silkscreen-Layer
  100
AcDbPolyline
  90
2
  70
0
  43
0.25400050800101603
  10
49.19900939801881
  20
12.000000000000004
  10
48.62125984251969
  20
12.000000000000004
  0
LWPOLYLINE
  5
2106
  100
AcDbEntity
  8
Top-Silkscreen-Layer
  100
AcDbPolyline
  90
2
  70
0
  43
0.25400050800101603
  10
51.73901447802896
  20
12.000000000000004
  10
51.16126492252985
  20
12.000000000000004
  0
LWPOLYLINE
  5
2107
  100
AcDbEntity
  8
Top-Silkscreen-Layer
  100
AcDbPolyline
  90
2
  70
0
  43
0.25400050800101603
  10
53.72128524257049
  20
-12.000000000000004
  10
58.200127000254014
  20
-12.000000000000004
  0
LWPOLYLINE
  5
2108
  100
AcDbEntity
  8
Top-Silkscreen-Layer
  100
AcDbPolyline
  90
2
  70
0
  43
0.25400050800101603
  10
58.200127000254014
  20
-12.000000000000004
  10
58.200127000254014
  20
12
  0
LWPOLYLINE
  5
2109
  100
AcDbEntity
  8
Top-Silkscreen-Layer
  100
AcDbPolyline
  90
2
  70
0
  43
0.25400050800101603
  10
58.200127000254014
  20
12
  10
53.701270002540014
  20
12
  0
LWPOLYLINE
  5
2110
  100
AcDbEntity
  8
Top-Silkscreen-Layer
  100
AcDbPolyline
  90
2
  70
0
  43
0.25400050800101603
  10
51.18128016256033
  20
-12
  10
51.75900431800864
  20
-12
  0
LWPOLYLINE
  5
2111
  100
AcDbEntity
  8
Top-Silkscreen-Layer
  100
AcDbPolyline
  90
2
  70
0
  43
0.25400050800101603
  10
48.64127508255017
  20
-12
  10
49.21899923799848
  20
-12
  0
LWPOLYLINE
  5
2112
  100
AcDbEntity
  8
Top-Silkscreen-Layer
  100
AcDbPolyline
  90
2
  70
0
  43
0.25400050800101603
  10
41.02128524257049
  20
-12.000000000000002
  10
46.67899415798832
  20
-12
  0
LWPOLYLINE
  5
2113
  100
AcDbEntity
  8
Top-Silkscreen-Layer
  100
AcDbPolyline
  90
2
  70
0
  43
0.25400050800101603
  10
38.48128016256033
  20
-12.000000000000002
  10
39.05900431800864
  20
-12.000000000000002
  0
LWPOLYLINE
  5
2114
  100
AcDbEntity
  8
Top-Silkscreen-Layer
  100
AcDbPolyline
  90
2
  70
0
  43
0.25400050800101603
  10
35.94127508255017
  20
-12.000000000000002
  10
36.51899923799848
  20
-12.000000000000002
  0
LWPOLYLINE
  5
2115
  100
AcDbEntity
  8
Top-Silkscreen-Layer
  100
AcDbPolyline
  90
2
  70
0
  43
0.25400050800101603
  10
33.40127000254001
  20
-12.000000000000002
  10
33.97899415798832
  20
-12.000000000000002
  0
LWPOLYLINE
  5
2116
  100
AcDbEntity
  8
Top-Silkscreen-Layer
  100
AcDbPolyline
  90
2
  70
0
  43
0.25400050800101603
  10
30.86126492252985
  20
-12.000000000000002
  10
31.43901447802896
  20
-12.000000000000002
  0
LWPOLYLINE
  5
2117
  100
AcDbEntity
  8
Top-Silkscreen-Layer
  100
AcDbPolyline
  90
2
  70
0
  43
0.25400050800101603
  10
28.321259842519687
  20
-12.000000000000002
  10
28.8990093980188
  20
-12.000000000000002
  0
LWPOLYLINE
  5
2118
  100
AcDbEntity
  8
Top-Silkscreen-Layer
  100
AcDbPolyline
  90
2
  70
0
  43
0.25400050800101603
  10
25.781254762509526
  20
-12.000000000000002
  10
26.35900431800864
  20
-12.000000000000002
  0
LWPOLYLINE
  5
2119
  100
AcDbEntity
  8
Top-Silkscreen-Layer
  100
AcDbPolyline
  90
2
  70
0
  43
0.25400050800101603
  10
23.24124968249937
  20
-12.000000000000002
  10
23.81899923799848
  20
-12.000000000000002
  0
LWPOLYLINE
  5
2120
  100
AcDbEntity
  8
Top-Silkscreen-Layer
  100
AcDbPolyline
  90
4
  70
1
  43
0.25400050800101603
  10
57.5001016002032
  20
-10.000000000000002
  10
53.5001016002032
  20
-10.000000000000002
  10
53.5001016002032
  20
-6.000000000000004
  10
57.5001016002032
  20
-6.000000000000004
  0
LWPOLYLINE
  5
2121
  100
AcDbEntity
  8
Top-Silkscreen-Layer
  100
AcDbPolyline
  90
2
  70
1
  43
0.5
  10
52.47012954025908
  20
13.4498348996698
  42
1
  10
52.97000254000509
  20
13.4498348996698
  42
1
  0
LWPOLYLINE
  5
2123
  100
AcDbEntity
  8
Top-Silkscreen-Layer
  100
AcDbPolyline
  90
2
  70
0
  43
0.15240030480060962
  10
12.576073152146305
  20
8.136195072390144
  10
10.823672847345696
  20
8.136195072390144
  0
LWPOLYLINE
  5
2124
  100
AcDbEntity
  8
Top-Silkscreen-Layer
  100
AcDbPolyline
  90
2
  70
0
  43
0.15240030480060962
  10
10.823672847345696
  20
8.136195072390144
  10
10.823672847345696
  20
7.094589789179579
  0
LWPOLYLINE
  5
2125
  100
AcDbEntity
  8
Top-Silkscreen-Layer
  100
AcDbPolyline
  90
2
  70
0
  43
0.15240030480060962
  10
12.576073152146305
  20
5.063804927609856
  10
10.823672847345696
  20
5.063804927609856
  0
LWPOLYLINE
  5
2126
  100
AcDbEntity
  8
Top-Silkscreen-Layer
  100
AcDbPolyline
  90
2
  70
0
  43
0.15240030480060962
  10
10.823672847345696
  20
5.063804927609856
  10
10.823672847345696
  20
6.1054102108204225
  0
LWPOLYLINE
  5
2127
  100
AcDbEntity
  8
Top-Silkscreen-Layer
  100
AcDbPolyline
  90
2
  70
0
  43
0.15240030480060962
  10
12.576073152146305
  20
7.0553975107950215
  10
12.576073152146305
  20
6.144602489204979
  0
LWPOLYLINE
  5
2128
  100
AcDbEntity
  8
Top-Silkscreen-Layer
  100
AcDbPolyline
  90
2
  70
0
  43
0.15240030480060962
  10
8.621513843027689
  20
-6.871399542799087
  10
11.978740157480319
  20
-6.871399542799087
  0
LWPOLYLINE
  5
2129
  100
AcDbEntity
  8
Top-Silkscreen-Layer
  100
AcDbPolyline
  90
2
  70
0
  43
0.15240030480060962
  10
11.978740157480319
  20
-6.871399542799087
  10
11.978740157480319
  20
-10.928600457200917
  0
LWPOLYLINE
  5
2130
  100
AcDbEntity
  8
Top-Silkscreen-Layer
  100
AcDbPolyline
  90
2
  70
0
  43
0.15240030480060962
  10
11.978740157480319
  20
-10.928600457200917
  10
8.621513843027689
  20
-10.928600457200917
  0
LWPOLYLINE
  5
2131
  100
AcDbEntity
  8
Top-Silkscreen-Layer
  100
AcDbPolyline
  90
2
  70
0
  43
0.15240030480060962
  10
8.621513843027689
  20
-10.928600457200917
  10
8.621513843027689
  20
-6.871399542799087
  0
LWPOLYLINE
  5
2132
  100
AcDbEntity
  8
Top-Silkscreen-Layer
  100
AcDbPolyline
  90
2
  70
0
  43
0.15240030480060962
  10
10.050114300228602
  20
-6.642799085598172
  10
8.392913385826773
  20
-6.642799085598172
  0
LWPOLYLINE
  5
2133
  100
AcDbEntity
  8
Top-Silkscreen-Layer
  100
AcDbPolyline
  90
2
  70
0
  43
0.15240030480060962
  10
8.392913385826773
  20
-6.642799085598172
  10
8.392913385826773
  20
-8.500000000000002
  0
LWPOLYLINE
  5
2135
  100
AcDbEntity
  8
Top-Silkscreen-Layer
  100
AcDbPolyline
  90
2
  70
0
  43
0.15240030480060962
  10
9.371516383032768
  20
8.387048514097032
  10
10.823942087884175
  20
8.387048514097032
  0
LWPOLYLINE
  5
2136
  100
AcDbEntity
  8
Top-Silkscreen-Layer
  100
AcDbPolyline
  90
2
  70
0
  43
0.15240030480060962
  10
10.823942087884175
  20
8.387048514097032
  10
10.823942087884175
  20
9.418671577343156
  0
LWPOLYLINE
  5
2137
  100
AcDbEntity
  8
Top-Silkscreen-Layer
  100
AcDbPolyline
  90
2
  70
0
  43
0.15240030480060962
  10
9.371516383032768
  20
11.43957581915164
  10
10.823942087884175
  20
11.43957581915164
  0
LWPOLYLINE
  5
2138
  100
AcDbEntity
  8
Top-Silkscreen-Layer
  100
AcDbPolyline
  90
2
  70
0
  43
0.15240030480060962
  10
10.823942087884175
  20
11.43957581915164
  10
10.823942087884175
  20
10.407952755905514
  0
LWPOLYLINE
  5
2139
  100
AcDbEntity
  8
Top-Silkscreen-Layer
  100
AcDbPolyline
  90
2
  70
0
  43
0.15240030480060962
  10
9.371516383032768
  20
9.457863855727712
  10
9.371516383032768
  20
10.368760477520958
  0
LWPOLYLINE
  5
1062
  100
AcDbEntity
  8
Board-Outline-Layer
  100
AcDbPolyline
  90
2
  70
0
  43
0.25400050800101603
  10
63.000127000254004
  20
14.100027940055883
  42
0.429
  10
65.00012954025908
  20
11.997526035052072
  0
LWPOLYLINE
  5
1063
  100
AcDbEntity
  8
Board-Outline-Layer
  100
AcDbPolyline
  90
2
  70
0
  43
0.25400050800101603
  10
65.00012954025908
  20
-12.000022860045721
  42
0.414
  10
63.000127000254004
  20
-14.000027940055883
  0
LWPOLYLINE
  5
1064
  100
AcDbEntity
  8
Board-Outline-Layer
  100
AcDbPolyline
  90
2
  70
0
  43
0.25400050800101603
  10
6.000010160020322
  20
-13.002565405130811
  42
0.414
  10
3.0000050800101605
  20
-10.000020320040642
  0
LWPOLYLINE
  5
1065
  100
AcDbEntity
  8
Board-Outline-Layer
  100
AcDbPolyline
  90
2
  70
0
  43
0.25400050800101603
  10
2.9000050800101596
  20
10.000020320040642
  42
0.424
  10
6.001678943357888
  20
13.000025400050802
  0
LWPOLYLINE
  5
1066
  100
AcDbEntity
  8
Board-Outline-Layer
  100
AcDbPolyline
  90
2
  70
0
  43
0.25400050800101603
  10
2.9000050800101604
  20
10.000020320040642
  10
1.00000254000508
  20
10.000020320040642
  0
LWPOLYLINE
  5
1067
  100
AcDbEntity
  8
Board-Outline-Layer
  100
AcDbPolyline
  90
2
  70
0
  43
0.25400050800101603
  10
6.001678943357888
  20
13.000025400050802
  10
5.999997459994921
  20
15.000030480060962
  0
LWPOLYLINE
  5
1068
  100
AcDbEntity
  8
Board-Outline-Layer
  100
AcDbPolyline
  90
2
  70
0
  43
0.25400050800101603
  10
62.99886461772925
  20
15.000030480060962
  10
62.99886461772925
  20
14.000027940055883
  0
LWPOLYLINE
  5
1069
  100
AcDbEntity
  8
Board-Outline-Layer
  100
AcDbPolyline
  90
2
  70
0
  43
0.25400050800101603
  10
65.00012954025908
  20
-12.000022860045721
  10
66.00014986029974
  20
-12.000022860045721
  0
LWPOLYLINE
  5
1070
  100
AcDbEntity
  8
Board-Outline-Layer
  100
AcDbPolyline
  90
2
  70
0
  43
0.25400050800101603
  10
63.000127000254004
  20
-14.000027940055883
  10
63.002661925323864
  20
-15.001747523495048
  0
LWPOLYLINE
  5
1071
  100
AcDbEntity
  8
Board-Outline-Layer
  100
AcDbPolyline
  90
2
  70
0
  43
0.25400050800101603
  10
3.0000050800101605
  20
-10.000020320040642
  10
1.00000254000508
  20
-10.000020320040642
  0
LWPOLYLINE
  5
1072
  100
AcDbEntity
  8
Board-Outline-Layer
  100
AcDbPolyline
  90
2
  70
0
  43
0.25400050800101603
  10
7.00001524003048
  20
-16.000086360172723
  10
62.000124460248934
  20
-16.002570485140975
  0
LWPOLYLINE
  5
1073
  100
AcDbEntity
  8
Board-Outline-Layer
  100
AcDbPolyline
  90
2
  70
0
  43
0.25400050800101603
  10
62.000124460248934
  20
15.998770637541275
  10
7.00001524003048
  20
16.000045720091443
  0
LWPOLYLINE
  5
1074
  100
AcDbEntity
  8
Board-Outline-Layer
  100
AcDbPolyline
  90
2
  70
0
  43
0.25400050800101603
  10
0
  20
9.000017780035561
  10
0
  20
-9.000017780035561
  0
LWPOLYLINE
  5
1075
  100
AcDbEntity
  8
Board-Outline-Layer
  100
AcDbPolyline
  90
2
  70
0
  43
0.25400050800101603
  10
6.9965684531369075
  20
16.00004064008128
  42
0.413
  10
5.999997459994921
  20
15.000030480060962
  0
LWPOLYLINE
  5
1076
  100
AcDbEntity
  8
Board-Outline-Layer
  100
AcDbPolyline
  90
2
  70
0
  43
0.25400050800101603
  10
1.00000254000508
  20
10.000020320040642
  42
0.414
  10
0
  20
9.000017780035561
  0
LWPOLYLINE
  5
1077
  100
AcDbEntity
  8
Board-Outline-Layer
  100
AcDbPolyline
  90
2
  70
0
  43
0.25400050800101603
  10
62.998859537719085
  20
15.002570485140973
  42
0.413
  10
62.000124460248934
  20
15.998770637541275
  0
LWPOLYLINE
  5
1078
  100
AcDbEntity
  8
Board-Outline-Layer
  100
AcDbPolyline
  90
2
  70
0
  43
0.25400050800101603
  10
67.00016764033529
  20
10.99748285496571
  42
0.415
  10
66.00013208026418
  20
12.000060960121923
  0
LWPOLYLINE
  5
1079
  100
AcDbEntity
  8
Board-Outline-Layer
  100
AcDbPolyline
  90
2
  70
0
  43
0.25400050800101603
  10
66.00014986029974
  20
-12.000022860045721
  42
0.414
  10
67.00013462026925
  20
-11.000022860045721
  0
LWPOLYLINE
  5
1080
  100
AcDbEntity
  8
Board-Outline-Layer
  100
AcDbPolyline
  90
2
  70
0
  43
0.25400050800101603
  10
62.000124460248934
  20
-16.002570485140975
  42
0.414
  10
63.002661925323864
  20
-15.001747523495048
  0
LWPOLYLINE
  5
1081
  100
AcDbEntity
  8
Board-Outline-Layer
  100
AcDbPolyline
  90
2
  70
0
  43
0.25400050800101603
  10
6.000012700025401
  20
-15.010558801117604
  42
0.417
  10
7.01993395986792
  20
-15.999888239776483
  0
LWPOLYLINE
  5
1082
  100
AcDbEntity
  8
Board-Outline-Layer
  100
AcDbPolyline
  90
2
  70
0
  43
0.25400050800101603
  10
0
  20
-9.000017780035561
  42
0.414
  10
1.0000025400050803
  20
-10.000020320040642
  0
LWPOLYLINE
  5
1083
  100
AcDbEntity
  8
Board-Outline-Layer
  100
AcDbPolyline
  90
2
  70
0
  43
0.25400050800101603
  10
6.0000127000254
  20
-13.000025400050802
  10
5.99995681991364
  20
-15.000030480060962
  0
LWPOLYLINE
  5
1084
  100
AcDbEntity
  8
Board-Outline-Layer
  100
AcDbPolyline
  90
2
  70
0
  43
0.25400050800101603
  10
65.00012954025908
  20
11.997526035052072
  10
66.00013208026418
  20
11.997526035052072
  0
LWPOLYLINE
  5
1085
  100
AcDbEntity
  8
Board-Outline-Layer
  100
AcDbPolyline
  90
2
  70
0
  43
0.25400050800101603
  10
67.00016764033529
  20
10.99748285496571
  10
67.00016764033529
  20
-11.000022860045721
  0
HATCH
  5
1052
  100
AcDbEntity
  8
Multi-Layer
  100
AcDbHatch
  10
0
  20
0
  30
0
  210
0
  220
0
  230
1
  2
SOLID
  70
1
  71
0
  91
1
  92
7
  72
1
  73
1
  93
2
  10
4.955153670307341
  20
-2.8899923799847604
  42
1
  10
5.605140970281941
  20
-2.8899923799847604
  42
1
  97
1
  330
1051
  75
0
  76
1
  47
0.8681437583925616
  98
1
  10
3.629517071192367
  20
33.92795499968543
  450
0
  451
0
  460
0
  461
0
  452
1
  462
1
  453
2
  463
0
  63
5
  421
255
  463
1
  63
7
  421
16777215
  470
LINEAR
  1001
ACAD
  1010
0
  1020
0
  1030
0
  0
LWPOLYLINE
  5
1053
  100
AcDbEntity
  8
Multi-Layer
  100
AcDbPolyline
  90
4
  70
0
  43
0.645162580647742
  10
4.955153670307341
  20
-2.889992379429645
  42
1
  10
5.605140970281941
  20
-2.8899923806161176
  10
5.605140970281941
  20
-2.889992380539876
  42
1
  10
4.955153670307341
  20
-2.8899923793534037
  0
HATCH
  5
1055
  100
AcDbEntity
  8
Multi-Layer
  100
AcDbHatch
  10
0
  20
0
  30
0
  210
0
  220
0
  230
1
  2
SOLID
  70
1
  71
0
  91
1
  92
7
  72
1
  73
1
  93
2
  10
4.955153670307341
  20
2.8999491998984004
  42
1
  10
5.605140970281941
  20
2.8999491998984004
  42
1
  97
1
  330
1054
  75
0
  76
1
  47
0.8681437583925616
  98
1
  10
3.629517071192367
  20
33.92795499968543
  450
0
  451
0
  460
0
  461
0
  452
1
  462
1
  453
2
  463
0
  63
5
  421
255
  463
1
  63
7
  421
16777215
  470
LINEAR
  1001
ACAD
  1010
0
  1020
0
  1030
0
  0
LWPOLYLINE
  5
1056
  100
AcDbEntity
  8
Multi-Layer
  100
AcDbPolyline
  90
4
  70
0
  43
0.645162580647742
  10
4.955153670307341
  20
2.899949200453516
  42
1
  10
5.605140970281941
  20
2.8999491992670436
  10
5.605140970281941
  20
2.8999491993432853
  42
1
  10
4.955153670307341
  20
2.899949200529757
  0
HATCH
  5
1718
  100
AcDbEntity
  8
Multi-Layer
  100
AcDbHatch
  10
0
  20
0
  30
0
  210
0
  220
0
  230
1
  2
SOLID
  70
1
  71
0
  91
1
  92
7
  72
0
  73
1
  93
12
  10
5.230020320040641
  20
3.8200660401320796
  10
4.936127693894404
  20
3.915557542944606
  10
4.754492061893064
  20
4.1655575429446055
  10
4.754492061893064
  20
4.474574537319554
  10
4.936127693894404
  20
4.724574537319554
  10
5.230020320040641
  20
4.82006604013208
  10
6.33002032004064
  20
4.82006604013208
  10
6.623912946186877
  20
4.724574537319554
  10
6.805548578188217
  20
4.474574537319554
  10
6.805548578188217
  20
4.1655575429446055
  10
6.623912946186877
  20
3.9155575429446055
  10
6.33002032004064
  20
3.8200660401320796
  97
1
  330
1717
  75
0
  76
1
  47
0.4128176842155181
  98
1
  10
34.90568961886538
  20
22.81183545379326
  450
0
  451
0
  460
0
  461
0
  452
1
  462
1
  453
2
  463
0
  63
5
  421
255
  463
1
  63
7
  421
16777215
  470
LINEAR
  1001
ACAD
  1010
0
  1020
0
  1030
0
  0
LWPOLYLINE
  5
1717
  100
AcDbEntity
  8
Multi-Layer
  100
AcDbPolyline
  90
12
  70
1
  43
0
  10
5.230020320040641
  20
3.8200660401320796
  10
4.936127693894404
  20
3.915557542944606
  10
4.754492061893064
  20
4.1655575429446055
  10
4.754492061893064
  20
4.474574537319554
  10
4.936127693894404
  20
4.724574537319554
  10
5.230020320040641
  20
4.82006604013208
  10
6.33002032004064
  20
4.82006604013208
  10
6.623912946186877
  20
4.724574537319554
  10
6.805548578188217
  20
4.474574537319554
  10
6.805548578188217
  20
4.1655575429446055
  10
6.623912946186877
  20
3.9155575429446055
  10
6.33002032004064
  20
3.8200660401320796
  0
HATCH
  5
1720
  100
AcDbEntity
  8
Multi-Layer
  100
AcDbHatch
  10
0
  20
0
  30
0
  210
0
  220
0
  230
1
  2
SOLID
  70
1
  71
0
  91
1
  92
7
  72
0
  73
1
  93
12
  10
5.230020320040641
  20
3.8200660401320796
  10
4.936127693894404
  20
3.915557542944606
  10
4.754492061893064
  20
4.1655575429446055
  10
4.754492061893064
  20
4.474574537319554
  10
4.936127693894404
  20
4.724574537319554
  10
5.230020320040641
  20
4.82006604013208
  10
6.33002032004064
  20
4.82006604013208
  10
6.623912946186877
  20
4.724574537319554
  10
6.805548578188217
  20
4.474574537319554
  10
6.805548578188217
  20
4.1655575429446055
  10
6.623912946186877
  20
3.9155575429446055
  10
6.33002032004064
  20
3.8200660401320796
  97
1
  330
1719
  75
0
  76
1
  47
0.4128176842155181
  98
1
  10
34.90568961886538
  20
22.81183545379326
  450
0
  451
0
  460
0
  461
0
  452
1
  462
1
  453
2
  463
0
  63
5
  421
255
  463
1
  63
7
  421
16777215
  470
LINEAR
  1001
ACAD
  1010
0
  1020
0
  1030
0
  0
LWPOLYLINE
  5
1719
  100
AcDbEntity
  8
Multi-Layer
  100
AcDbPolyline
  90
12
  70
1
  43
0
  10
5.230020320040641
  20
3.8200660401320796
  10
4.936127693894404
  20
3.915557542944606
  10
4.754492061893064
  20
4.1655575429446055
  10
4.754492061893064
  20
4.474574537319554
  10
4.936127693894404
  20
4.724574537319554
  10
5.230020320040641
  20
4.82006604013208
  10
6.33002032004064
  20
4.82006604013208
  10
6.623912946186877
  20
4.724574537319554
  10
6.805548578188217
  20
4.474574537319554
  10
6.805548578188217
  20
4.1655575429446055
  10
6.623912946186877
  20
3.9155575429446055
  10
6.33002032004064
  20
3.8200660401320796
  0
HATCH
  5
1722
  100
AcDbEntity
  8
Multi-Layer
  100
AcDbHatch
  10
0
  20
0
  30
0
  210
0
  220
0
  230
1
  2
SOLID
  70
1
  71
0
  91
1
  92
7
  72
0
  73
1
  93
12
  10
5.230020320040641
  20
3.8200660401320796
  10
4.936127693894404
  20
3.915557542944606
  10
4.754492061893064
  20
4.1655575429446055
  10
4.754492061893064
  20
4.474574537319554
  10
4.936127693894404
  20
4.724574537319554
  10
5.230020320040641
  20
4.82006604013208
  10
6.33002032004064
  20
4.82006604013208
  10
6.623912946186877
  20
4.724574537319554
  10
6.805548578188217
  20
4.474574537319554
  10
6.805548578188217
  20
4.1655575429446055
  10
6.623912946186877
  20
3.9155575429446055
  10
6.33002032004064
  20
3.8200660401320796
  97
1
  330
1721
  75
0
  76
1
  47
0.4128176842155181
  98
1
  10
34.90568961886538
  20
22.81183545379326
  450
0
  451
0
  460
0
  461
0
  452
1
  462
1
  453
2
  463
0
  63
5
  421
255
  463
1
  63
7
  421
16777215
  470
LINEAR
  1001
ACAD
  1010
0
  1020
0
  1030
0
  0
LWPOLYLINE
  5
1721
  100
AcDbEntity
  8
Multi-Layer
  100
AcDbPolyline
  90
12
  70
1
  43
0
  10
5.230020320040641
  20
3.8200660401320796
  10
4.936127693894404
  20
3.915557542944606
  10
4.754492061893064
  20
4.1655575429446055
  10
4.754492061893064
  20
4.474574537319554
  10
4.936127693894404
  20
4.724574537319554
  10
5.230020320040641
  20
4.82006604013208
  10
6.33002032004064
  20
4.82006604013208
  10
6.623912946186877
  20
4.724574537319554
  10
6.805548578188217
  20
4.474574537319554
  10
6.805548578188217
  20
4.1655575429446055
  10
6.623912946186877
  20
3.9155575429446055
  10
6.33002032004064
  20
3.8200660401320796
  0
HATCH
  5
1724
  100
AcDbEntity
  8
Multi-Layer
  100
AcDbHatch
  10
0
  20
0
  30
0
  210
0
  220
0
  230
1
  2
SOLID
  70
1
  71
0
  91
1
  92
7
  72
0
  73
1
  93
12
  10
1.199933959867919
  20
3.8200660401320805
  10
0.9060413337216825
  20
3.9155575429446072
  10
0.7244057017203422
  20
4.165557542944606
  10
0.7244057017203422
  20
4.474574537319555
  10
0.9060413337216825
  20
4.724574537319555
  10
1.199933959867919
  20
4.8200660401320805
  10
1.999933959867919
  20
4.8200660401320805
  10
2.293826586014156
  20
4.724574537319555
  10
2.4754622180154957
  20
4.474574537319555
  10
2.4754622180154957
  20
4.165557542944606
  10
2.2938265860141556
  20
3.9155575429446063
  10
1.999933959867919
  20
3.8200660401320805
  97
1
  330
1723
  75
0
  76
1
  47
0.4128176842155181
  98
1
  10
34.90568961886538
  20
22.81183545379326
  450
0
  451
0
  460
0
  461
0
  452
1
  462
1
  453
2
  463
0
  63
5
  421
255
  463
1
  63
7
  421
16777215
  470
LINEAR
  1001
ACAD
  1010
0
  1020
0
  1030
0
  0
LWPOLYLINE
  5
1723
  100
AcDbEntity
  8
Multi-Layer
  100
AcDbPolyline
  90
12
  70
1
  43
0
  10
1.199933959867919
  20
3.8200660401320805
  10
0.9060413337216825
  20
3.9155575429446072
  10
0.7244057017203422
  20
4.165557542944606
  10
0.7244057017203422
  20
4.474574537319555
  10
0.9060413337216825
  20
4.724574537319555
  10
1.199933959867919
  20
4.8200660401320805
  10
1.999933959867919
  20
4.8200660401320805
  10
2.293826586014156
  20
4.724574537319555
  10
2.4754622180154957
  20
4.474574537319555
  10
2.4754622180154957
  20
4.165557542944606
  10
2.2938265860141556
  20
3.9155575429446063
  10
1.999933959867919
  20
3.8200660401320805
  0
HATCH
  5
1726
  100
AcDbEntity
  8
Multi-Layer
  100
AcDbHatch
  10
0
  20
0
  30
0
  210
0
  220
0
  230
1
  2
SOLID
  70
1
  71
0
  91
1
  92
7
  72
0
  73
1
  93
12
  10
1.199933959867919
  20
3.8200660401320805
  10
0.9060413337216825
  20
3.9155575429446072
  10
0.7244057017203422
  20
4.165557542944606
  10
0.7244057017203422
  20
4.474574537319555
  10
0.9060413337216825
  20
4.724574537319555
  10
1.199933959867919
  20
4.8200660401320805
  10
1.999933959867919
  20
4.8200660401320805
  10
2.293826586014156
  20
4.724574537319555
  10
2.4754622180154957
  20
4.474574537319555
  10
2.4754622180154957
  20
4.165557542944606
  10
2.2938265860141556
  20
3.9155575429446063
  10
1.999933959867919
  20
3.8200660401320805
  97
1
  330
1725
  75
0
  76
1
  47
0.4128176842155181
  98
1
  10
34.90568961886538
  20
22.81183545379326
  450
0
  451
0
  460
0
  461
0
  452
1
  462
1
  453
2
  463
0
  63
5
  421
255
  463
1
  63
7
  421
16777215
  470
LINEAR
  1001
ACAD
  1010
0
  1020
0
  1030
0
  0
LWPOLYLINE
  5
1725
  100
AcDbEntity
  8
Multi-Layer
  100
AcDbPolyline
  90
12
  70
1
  43
0
  10
1.199933959867919
  20
3.8200660401320805
  10
0.9060413337216825
  20
3.9155575429446072
  10
0.7244057017203422
  20
4.165557542944606
  10
0.7244057017203422
  20
4.474574537319555
  10
0.9060413337216825
  20
4.724574537319555
  10
1.199933959867919
  20
4.8200660401320805
  10
1.999933959867919
  20
4.8200660401320805
  10
2.293826586014156
  20
4.724574537319555
  10
2.4754622180154957
  20
4.474574537319555
  10
2.4754622180154957
  20
4.165557542944606
  10
2.2938265860141556
  20
3.9155575429446063
  10
1.999933959867919
  20
3.8200660401320805
  0
HATCH
  5
1728
  100
AcDbEntity
  8
Multi-Layer
  100
AcDbHatch
  10
0
  20
0
  30
0
  210
0
  220
0
  230
1
  2
SOLID
  70
1
  71
0
  91
1
  92
7
  72
0
  73
1
  93
12
  10
1.199933959867919
  20
3.8200660401320805
  10
0.9060413337216825
  20
3.9155575429446072
  10
0.7244057017203422
  20
4.165557542944606
  10
0.7244057017203422
  20
4.474574537319555
  10
0.9060413337216825
  20
4.724574537319555
  10
1.199933959867919
  20
4.8200660401320805
  10
1.999933959867919
  20
4.8200660401320805
  10
2.293826586014156
  20
4.724574537319555
  10
2.4754622180154957
  20
4.474574537319555
  10
2.4754622180154957
  20
4.165557542944606
  10
2.2938265860141556
  20
3.9155575429446063
  10
1.999933959867919
  20
3.8200660401320805
  97
1
  330
1727
  75
0
  76
1
  47
0.4128176842155181
  98
1
  10
34.90568961886538
  20
22.81183545379326
  450
0
  451
0
  460
0
  461
0
  452
1
  462
1
  453
2
  463
0
  63
5
  421
255
  463
1
  63
7
  421
16777215
  470
LINEAR
  1001
ACAD
  1010
0
  1020
0
  1030
0
  0
LWPOLYLINE
  5
1727
  100
AcDbEntity
  8
Multi-Layer
  100
AcDbPolyline
  90
12
  70
1
  43
0
  10
1.199933959867919
  20
3.8200660401320805
  10
0.9060413337216825
  20
3.9155575429446072
  10
0.7244057017203422
  20
4.165557542944606
  10
0.7244057017203422
  20
4.474574537319555
  10
0.9060413337216825
  20
4.724574537319555
  10
1.199933959867919
  20
4.8200660401320805
  10
1.999933959867919
  20
4.8200660401320805
  10
2.293826586014156
  20
4.724574537319555
  10
2.4754622180154957
  20
4.474574537319555
  10
2.4754622180154957
  20
4.165557542944606
  10
2.2938265860141556
  20
3.9155575429446063
  10
1.999933959867919
  20
3.8200660401320805
  0
HATCH
  5
1730
  100
AcDbEntity
  8
Multi-Layer
  100
AcDbHatch
  10
0
  20
0
  30
0
  210
0
  220
0
  230
1
  2
SOLID
  70
1
  71
0
  91
1
  92
7
  72
0
  73
1
  93
12
  10
1.1999339598679204
  20
-4.8200152400304805
  10
0.9060413337216838
  20
-4.724523737217955
  10
0.7244057017203436
  20
-4.474523737217955
  10
0.7244057017203436
  20
-4.165506742843006
  10
0.9060413337216838
  20
-3.9155067428430064
  10
1.1999339598679204
  20
-3.82001524003048
  10
1.9999339598679204
  20
-3.82001524003048
  10
2.2938265860141573
  20
-3.9155067428430064
  10
2.475462218015497
  20
-4.165506742843006
  10
2.475462218015497
  20
-4.474523737217955
  10
2.293826586014157
  20
-4.724523737217955
  10
1.9999339598679204
  20
-4.8200152400304805
  97
1
  330
1729
  75
0
  76
1
  47
0.4128176842155181
  98
1
  10
34.90568961886538
  20
22.81183545379326
  450
0
  451
0
  460
0
  461
0
  452
1
  462
1
  453
2
  463
0
  63
5
  421
255
  463
1
  63
7
  421
16777215
  470
LINEAR
  1001
ACAD
  1010
0
  1020
0
  1030
0
  0
LWPOLYLINE
  5
1729
  100
AcDbEntity
  8
Multi-Layer
  100
AcDbPolyline
  90
12
  70
1
  43
0
  10
1.1999339598679204
  20
-4.8200152400304805
  10
0.9060413337216838
  20
-4.724523737217955
  10
0.7244057017203436
  20
-4.474523737217955
  10
0.7244057017203436
  20
-4.165506742843006
  10
0.9060413337216838
  20
-3.9155067428430064
  10
1.1999339598679204
  20
-3.82001524003048
  10
1.9999339598679204
  20
-3.82001524003048
  10
2.2938265860141573
  20
-3.9155067428430064
  10
2.475462218015497
  20
-4.165506742843006
  10
2.475462218015497
  20
-4.474523737217955
  10
2.293826586014157
  20
-4.724523737217955
  10
1.9999339598679204
  20
-4.8200152400304805
  0
HATCH
  5
1732
  100
AcDbEntity
  8
Multi-Layer
  100
AcDbHatch
  10
0
  20
0
  30
0
  210
0
  220
0
  230
1
  2
SOLID
  70
1
  71
0
  91
1
  92
7
  72
0
  73
1
  93
12
  10
1.1999339598679204
  20
-4.8200152400304805
  10
0.9060413337216838
  20
-4.724523737217955
  10
0.7244057017203436
  20
-4.474523737217955
  10
0.7244057017203436
  20
-4.165506742843006
  10
0.9060413337216838
  20
-3.9155067428430064
  10
1.1999339598679204
  20
-3.82001524003048
  10
1.9999339598679204
  20
-3.82001524003048
  10
2.2938265860141573
  20
-3.9155067428430064
  10
2.475462218015497
  20
-4.165506742843006
  10
2.475462218015497
  20
-4.474523737217955
  10
2.293826586014157
  20
-4.724523737217955
  10
1.9999339598679204
  20
-4.8200152400304805
  97
1
  330
1731
  75
0
  76
1
  47
0.4128176842155181
  98
1
  10
34.90568961886538
  20
22.81183545379326
  450
0
  451
0
  460
0
  461
0
  452
1
  462
1
  453
2
  463
0
  63
5
  421
255
  463
1
  63
7
  421
16777215
  470
LINEAR
  1001
ACAD
  1010
0
  1020
0
  1030
0
  0
LWPOLYLINE
  5
1731
  100
AcDbEntity
  8
Multi-Layer
  100
AcDbPolyline
  90
12
  70
1
  43
0
  10
1.1999339598679204
  20
-4.8200152400304805
  10
0.9060413337216838
  20
-4.724523737217955
  10
0.7244057017203436
  20
-4.474523737217955
  10
0.7244057017203436
  20
-4.165506742843006
  10
0.9060413337216838
  20
-3.9155067428430064
  10
1.1999339598679204
  20
-3.82001524003048
  10
1.9999339598679204
  20
-3.82001524003048
  10
2.2938265860141573
  20
-3.9155067428430064
  10
2.475462218015497
  20
-4.165506742843006
  10
2.475462218015497
  20
-4.474523737217955
  10
2.293826586014157
  20
-4.724523737217955
  10
1.9999339598679204
  20
-4.8200152400304805
  0
HATCH
  5
1734
  100
AcDbEntity
  8
Multi-Layer
  100
AcDbHatch
  10
0
  20
0
  30
0
  210
0
  220
0
  230
1
  2
SOLID
  70
1
  71
0
  91
1
  92
7
  72
0
  73
1
  93
12
  10
1.1999339598679204
  20
-4.8200152400304805
  10
0.9060413337216838
  20
-4.724523737217955
  10
0.7244057017203436
  20
-4.474523737217955
  10
0.7244057017203436
  20
-4.165506742843006
  10
0.9060413337216838
  20
-3.9155067428430064
  10
1.1999339598679204
  20
-3.82001524003048
  10
1.9999339598679204
  20
-3.82001524003048
  10
2.2938265860141573
  20
-3.9155067428430064
  10
2.475462218015497
  20
-4.165506742843006
  10
2.475462218015497
  20
-4.474523737217955
  10
2.293826586014157
  20
-4.724523737217955
  10
1.9999339598679204
  20
-4.8200152400304805
  97
1
  330
1733
  75
0
  76
1
  47
0.4128176842155181
  98
1
  10
34.90568961886538
  20
22.81183545379326
  450
0
  451
0
  460
0
  461
0
  452
1
  462
1
  453
2
  463
0
  63
5
  421
255
  463
1
  63
7
  421
16777215
  470
LINEAR
  1001
ACAD
  1010
0
  1020
0
  1030
0
  0
LWPOLYLINE
  5
1733
  100
AcDbEntity
  8
Multi-Layer
  100
AcDbPolyline
  90
12
  70
1
  43
0
  10
1.1999339598679204
  20
-4.8200152400304805
  10
0.9060413337216838
  20
-4.724523737217955
  10
0.7244057017203436
  20
-4.474523737217955
  10
0.7244057017203436
  20
-4.165506742843006
  10
0.9060413337216838
  20
-3.9155067428430064
  10
1.1999339598679204
  20
-3.82001524003048
  10
1.9999339598679204
  20
-3.82001524003048
  10
2.2938265860141573
  20
-3.9155067428430064
  10
2.475462218015497
  20
-4.165506742843006
  10
2.475462218015497
  20
-4.474523737217955
  10
2.293826586014157
  20
-4.724523737217955
  10
1.9999339598679204
  20
-4.8200152400304805
  0
HATCH
  5
1736
  100
AcDbEntity
  8
Multi-Layer
  100
AcDbHatch
  10
0
  20
0
  30
0
  210
0
  220
0
  230
1
  2
SOLID
  70
1
  71
0
  91
1
  92
7
  72
0
  73
1
  93
12
  10
5.230020320040642
  20
-4.8200152400304805
  10
4.936127693894405
  20
-4.724523737217955
  10
4.754492061893065
  20
-4.474523737217955
  10
4.754492061893065
  20
-4.165506742843006
  10
4.936127693894405
  20
-3.9155067428430064
  10
5.230020320040642
  20
-3.8200152400304805
  10
6.330020320040642
  20
-3.82001524003048
  10
6.623912946186879
  20
-3.9155067428430064
  10
6.805548578188219
  20
-4.165506742843006
  10
6.805548578188219
  20
-4.474523737217955
  10
6.623912946186879
  20
-4.724523737217955
  10
6.330020320040642
  20
-4.8200152400304805
  97
1
  330
1735
  75
0
  76
1
  47
0.4128176842155181
  98
1
  10
34.90568961886538
  20
22.81183545379326
  450
0
  451
0
  460
0
  461
0
  452
1
  462
1
  453
2
  463
0
  63
5
  421
255
  463
1
  63
7
  421
16777215
  470
LINEAR
  1001
ACAD
  1010
0
  1020
0
  1030
0
  0
LWPOLYLINE
  5
1735
  100
AcDbEntity
  8
Multi-Layer
  100
AcDbPolyline
  90
12
  70
1
  43
0
  10
5.230020320040642
  20
-4.8200152400304805
  10
4.936127693894405
  20
-4.724523737217955
  10
4.754492061893065
  20
-4.474523737217955
  10
4.754492061893065
  20
-4.165506742843006
  10
4.936127693894405
  20
-3.9155067428430064
  10
5.230020320040642
  20
-3.8200152400304805
  10
6.330020320040642
  20
-3.82001524003048
  10
6.623912946186879
  20
-3.9155067428430064
  10
6.805548578188219
  20
-4.165506742843006
  10
6.805548578188219
  20
-4.474523737217955
  10
6.623912946186879
  20
-4.724523737217955
  10
6.330020320040642
  20
-4.8200152400304805
  0
HATCH
  5
1738
  100
AcDbEntity
  8
Multi-Layer
  100
AcDbHatch
  10
0
  20
0
  30
0
  210
0
  220
0
  230
1
  2
SOLID
  70
1
  71
0
  91
1
  92
7
  72
0
  73
1
  93
12
  10
5.230020320040642
  20
-4.8200152400304805
  10
4.936127693894405
  20
-4.724523737217955
  10
4.754492061893065
  20
-4.474523737217955
  10
4.754492061893065
  20
-4.165506742843006
  10
4.936127693894405
  20
-3.9155067428430064
  10
5.230020320040642
  20
-3.8200152400304805
  10
6.330020320040642
  20
-3.82001524003048
  10
6.623912946186879
  20
-3.9155067428430064
  10
6.805548578188219
  20
-4.165506742843006
  10
6.805548578188219
  20
-4.474523737217955
  10
6.623912946186879
  20
-4.724523737217955
  10
6.330020320040642
  20
-4.8200152400304805
  97
1
  330
1737
  75
0
  76
1
  47
0.4128176842155181
  98
1
  10
34.90568961886538
  20
22.81183545379326
  450
0
  451
0
  460
0
  461
0
  452
1
  462
1
  453
2
  463
0
  63
5
  421
255
  463
1
  63
7
  421
16777215
  470
LINEAR
  1001
ACAD
  1010
0
  1020
0
  1030
0
  0
LWPOLYLINE
  5
1737
  100
AcDbEntity
  8
Multi-Layer
  100
AcDbPolyline
  90
12
  70
1
  43
0
  10
5.230020320040642
  20
-4.8200152400304805
  10
4.936127693894405
  20
-4.724523737217955
  10
4.754492061893065
  20
-4.474523737217955
  10
4.754492061893065
  20
-4.165506742843006
  10
4.936127693894405
  20
-3.9155067428430064
  10
5.230020320040642
  20
-3.8200152400304805
  10
6.330020320040642
  20
-3.82001524003048
  10
6.623912946186879
  20
-3.9155067428430064
  10
6.805548578188219
  20
-4.165506742843006
  10
6.805548578188219
  20
-4.474523737217955
  10
6.623912946186879
  20
-4.724523737217955
  10
6.330020320040642
  20
-4.8200152400304805
  0
HATCH
  5
1740
  100
AcDbEntity
  8
Multi-Layer
  100
AcDbHatch
  10
0
  20
0
  30
0
  210
0
  220
0
  230
1
  2
SOLID
  70
1
  71
0
  91
1
  92
7
  72
0
  73
1
  93
12
  10
5.230020320040642
  20
-4.8200152400304805
  10
4.936127693894405
  20
-4.724523737217955
  10
4.754492061893065
  20
-4.474523737217955
  10
4.754492061893065
  20
-4.165506742843006
  10
4.936127693894405
  20
-3.9155067428430064
  10
5.230020320040642
  20
-3.8200152400304805
  10
6.330020320040642
  20
-3.82001524003048
  10
6.623912946186879
  20
-3.9155067428430064
  10
6.805548578188219
  20
-4.165506742843006
  10
6.805548578188219
  20
-4.474523737217955
  10
6.623912946186879
  20
-4.724523737217955
  10
6.330020320040642
  20
-4.8200152400304805
  97
1
  330
1739
  75
0
  76
1
  47
0.4128176842155181
  98
1
  10
34.90568961886538
  20
22.81183545379326
  450
0
  451
0
  460
0
  461
0
  452
1
  462
1
  453
2
  463
0
  63
5
  421
255
  463
1
  63
7
  421
16777215
  470
LINEAR
  1001
ACAD
  1010
0
  1020
0
  1030
0
  0
LWPOLYLINE
  5
1739
  100
AcDbEntity
  8
Multi-Layer
  100
AcDbPolyline
  90
12
  70
1
  43
0
  10
5.230020320040642
  20
-4.8200152400304805
  10
4.936127693894405
  20
-4.724523737217955
  10
4.754492061893065
  20
-4.474523737217955
  10
4.754492061893065
  20
-4.165506742843006
  10
4.936127693894405
  20
-3.9155067428430064
  10
5.230020320040642
  20
-3.8200152400304805
  10
6.330020320040642
  20
-3.82001524003048
  10
6.623912946186879
  20
-3.9155067428430064
  10
6.805548578188219
  20
-4.165506742843006
  10
6.805548578188219
  20
-4.474523737217955
  10
6.623912946186879
  20
-4.724523737217955
  10
6.330020320040642
  20
-4.8200152400304805
  0
HATCH
  5
2082
  100
AcDbEntity
  8
Multi-Layer
  100
AcDbHatch
  10
0
  20
0
  30
0
  210
0
  220
0
  230
1
  2
SOLID
  70
1
  71
0
  91
1
  92
7
  72
1
  73
1
  93
2
  10
4.955153670307341
  20
-2.8899923799847604
  42
1
  10
5.605140970281941
  20
-2.8899923799847604
  42
1
  97
1
  330
2081
  75
0
  76
1
  47
0.8681437583925616
  98
1
  10
3.629517071192367
  20
33.92795499968543
  450
0
  451
0
  460
0
  461
0
  452
1
  462
1
  453
2
  463
0
  63
5
  421
255
  463
1
  63
7
  421
16777215
  470
LINEAR
  1001
ACAD
  1010
0
  1020
0
  1030
0
  0
LWPOLYLINE
  5
2083
  100
AcDbEntity
  8
Multi-Layer
  100
AcDbPolyline
  90
4
  70
0
  43
0.645162580647742
  10
4.955153670307341
  20
-2.889992379429645
  42
1
  10
5.605140970281941
  20
-2.8899923806161176
  10
5.605140970281941
  20
-2.889992380539876
  42
1
  10
4.955153670307341
  20
-2.8899923793534037
  0
HATCH
  5
2085
  100
AcDbEntity
  8
Multi-Layer
  100
AcDbHatch
  10
0
  20
0
  30
0
  210
0
  220
0
  230
1
  2
SOLID
  70
1
  71
0
  91
1
  92
7
  72
1
  73
1
  93
2
  10
4.955153670307341
  20
2.8999491998984004
  42
1
  10
5.605140970281941
  20
2.8999491998984004
  42
1
  97
1
  330
2084
  75
0
  76
1
  47
0.8681437583925616
  98
1
  10
3.629517071192367
  20
33.92795499968543
  450
0
  451
0
  460
0
  461
0
  452
1
  462
1
  453
2
  463
0
  63
5
  421
255
  463
1
  63
7
  421
16777215
  470
LINEAR
  1001
ACAD
  1010
0
  1020
0
  1030
0
  0
LWPOLYLINE
  5
2086
  100
AcDbEntity
  8
Multi-Layer
  100
AcDbPolyline
  90
4
  70
0
  43
0.645162580647742
  10
4.955153670307341
  20
2.899949200453516
  42
1
  10
5.605140970281941
  20
2.8999491992670436
  10
5.605140970281941
  20
2.8999491993432853
  42
1
  10
4.955153670307341
  20
2.899949200529757
  0
LWPOLYLINE
  5
1040
  100
AcDbEntity
  8
Document-Layer
  100
AcDbPolyline
  90
2
  70
1
  43
0.15001270002540007
  10
9.1249682499365
  20
0
  42
1
  10
9.274828549657101
  20
0
  42
1
  0
LWPOLYLINE
  5
1041
  100
AcDbEntity
  8
Document-Layer
  100
AcDbPolyline
  90
2
  70
1
  43
0.2
  10
58.96482092964187
  20
-10.489052578105158
  42
1
  10
59.16497332994667
  20
-10.489052578105158
  42
1
  0
LWPOLYLINE
  5
1043
  100
AcDbEntity
  8
Document-Layer
  100
AcDbPolyline
  90
2
  70
1
  43
0.2
  10
60.035146050292106
  20
10.089070358140717
  42
1
  10
60.23529845059691
  20
10.089070358140717
  42
1
  0
LWPOLYLINE
  5
1046
  100
AcDbEntity
  8
Document-Layer
  100
AcDbPolyline
  90
2
  70
1
  43
0.2
  10
16.734312928625858
  20
-2.7791490982981966
  42
1
  10
16.93446532893066
  20
-2.7791490982981966
  42
1
  0
LWPOLYLINE
  5
1048
  100
AcDbEntity
  8
Document-Layer
  100
AcDbPolyline
  90
4
  70
0
  43
0.30000000000000004
  10
18.462280924561856
  20
8.148006096092011
  42
1
  10
18.762509525019055
  20
8.14800609597428
  10
18.762509525019055
  20
8.148006095932374
  42
1
  10
18.462280924561856
  20
8.148006096050105
  0
LWPOLYLINE
  5
1049
  100
AcDbEntity
  8
Document-Layer
  100
AcDbPolyline
  90
2
  70
1
  43
0.25001270002540005
  10
5.155179070358141
  20
-2.8899923799847604
  42
1
  10
5.405115570231141
  20
-2.8899923799847604
  42
1
  0
LWPOLYLINE
  5
1050
  100
AcDbEntity
  8
Document-Layer
  100
AcDbPolyline
  90
2
  70
1
  43
0.25001270002540005
  10
5.155179070358141
  20
2.8999491998984004
  42
1
  10
5.405115570231141
  20
2.8999491998984004
  42
1
  0
LWPOLYLINE
  5
1057
  100
AcDbEntity
  8
Document-Layer
  100
AcDbPolyline
  90
2
  70
1
  43
0.5
  10
52.47012954025908
  20
13.4498348996698
  42
1
  10
52.97000254000509
  20
13.4498348996698
  42
1
  0
LWPOLYLINE
  5
1059
  100
AcDbEntity
  8
Document-Layer
  100
AcDbPolyline
  90
4
  70
0
  43
0.2
  10
13.251054102108206
  20
5.650038100150247
  42
1
  10
13.451206502413006
  20
5.650038100028077
  10
13.451206502413006
  20
5.650038100002155
  42
1
  10
13.251054102108206
  20
5.650038100124324
  0
LWPOLYLINE
  5
1060
  100
AcDbEntity
  8
Document-Layer
  100
AcDbPolyline
  90
2
  70
1
  43
0.25400050800101603
  10
9.283870967741937
  20
-7.629997459994921
  42
1
  10
9.537871475742953
  20
-7.629997459994921
  42
1
  0
LWPOLYLINE
  5
1061
  100
AcDbEntity
  8
Document-Layer
  100
AcDbPolyline
  90
4
  70
0
  43
0.2
  10
8.547589535179071
  20
10.86327406662218
  42
1
  10
8.747741935483871
  20
10.863274066500011
  10
8.747741935483871
  20
10.86327406647409
  42
1
  10
8.547589535179071
  20
10.86327406659626
  0
HATCH
  5
1232
  100
AcDbEntity
  8
Document-Layer
  100
AcDbHatch
  10
0
  20
0
  30
0
  210
0
  220
0
  230
1
  2
SOLID
  70
1
  71
0
  91
1
  92
7
  72
0
  73
1
  93
4
  10
17.62870205740412
  20
10.718211836423674
  10
17.83870967741936
  20
10.718211836423674
  10
17.83870967741936
  20
9.878206756413514
  10
17.62870205740412
  20
9.878206756413514
  97
1
  330
1231
  75
0
  76
1
  47
0.4128176842155181
  98
1
  10
34.90568961886538
  20
22.81183545379326
  450
0
  451
0
  460
0
  461
0
  452
1
  462
1
  453
2
  463
0
  63
5
  421
255
  463
1
  63
7
  421
16777215
  470
LINEAR
  1001
ACAD
  1010
0
  1020
0
  1030
0
  0
LWPOLYLINE
  5
1231
  100
AcDbEntity
  8
Document-Layer
  100
AcDbPolyline
  90
4
  70
1
  43
0.005080010160020321
  10
17.62870205740412
  20
10.718211836423674
  10
17.83870967741936
  20
10.718211836423674
  10
17.83870967741936
  20
9.878206756413514
  10
17.62870205740412
  20
9.878206756413514
  0
HATCH
  5
1234
  100
AcDbEntity
  8
Document-Layer
  100
AcDbHatch
  10
0
  20
0
  30
0
  210
0
  220
0
  230
1
  2
SOLID
  70
1
  71
0
  91
1
  92
7
  72
0
  73
1
  93
4
  10
17.494996189992385
  20
13.946355092710187
  10
17.70500381000762
  20
13.946355092710187
  10
17.70500381000762
  20
14.786360172720347
  10
17.494996189992385
  20
14.786360172720347
  97
1
  330
1233
  75
0
  76
1
  47
0.4128176842155181
  98
1
  10
34.90568961886538
  20
22.81183545379326
  450
0
  451
0
  460
0
  461
0
  452
1
  462
1
  453
2
  463
0
  63
5
  421
255
  463
1
  63
7
  421
16777215
  470
LINEAR
  1001
ACAD
  1010
0
  1020
0
  1030
0
  0
LWPOLYLINE
  5
1233
  100
AcDbEntity
  8
Document-Layer
  100
AcDbPolyline
  90
4
  70
1
  43
0.005080010160020321
  10
17.494996189992385
  20
13.946355092710187
  10
17.70500381000762
  20
13.946355092710187
  10
17.70500381000762
  20
14.786360172720347
  10
17.494996189992385
  20
14.786360172720347
  0
HATCH
  5
1236
  100
AcDbEntity
  8
Document-Layer
  100
AcDbHatch
  10
0
  20
0
  30
0
  210
0
  220
0
  230
1
  2
SOLID
  70
1
  71
0
  91
1
  92
7
  72
0
  73
1
  93
4
  10
16.900000000000002
  20
14.261366522733047
  10
18.3
  20
14.261366522733047
  10
18.3
  20
14.471348742697487
  10
16.900000000000002
  20
14.471348742697487
  97
1
  330
1235
  75
0
  76
1
  47
0.4128176842155181
  98
1
  10
34.90568961886538
  20
22.81183545379326
  450
0
  451
0
  460
0
  461
0
  452
1
  462
1
  453
2
  463
0
  63
5
  421
255
  463
1
  63
7
  421
16777215
  470
LINEAR
  1001
ACAD
  1010
0
  1020
0
  1030
0
  0
LWPOLYLINE
  5
1235
  100
AcDbEntity
  8
Document-Layer
  100
AcDbPolyline
  90
4
  70
1
  43
0.005080010160020321
  10
16.900000000000002
  20
14.261366522733047
  10
18.3
  20
14.261366522733047
  10
18.3
  20
14.471348742697487
  10
16.900000000000002
  20
14.471348742697487
  0
HATCH
  5
1238
  100
AcDbEntity
  8
Document-Layer
  100
AcDbHatch
  10
0
  20
0
  30
0
  210
0
  220
0
  230
1
  2
SOLID
  70
1
  71
0
  91
1
  92
7
  72
0
  73
1
  93
4
  10
16.200000000000003
  20
13.736347472694947
  10
16.900000000000002
  20
13.736347472694947
  10
16.900000000000002
  20
14.156362712725427
  10
16.200000000000003
  20
14.156362712725427
  97
1
  330
1237
  75
0
  76
1
  47
0.4128176842155181
  98
1
  10
34.90568961886538
  20
22.81183545379326
  450
0
  451
0
  460
0
  461
0
  452
1
  462
1
  453
2
  463
0
  63
5
  421
255
  463
1
  63
7
  421
16777215
  470
LINEAR
  1001
ACAD
  1010
0
  1020
0
  1030
0
  0
LWPOLYLINE
  5
1237
  100
AcDbEntity
  8
Document-Layer
  100
AcDbPolyline
  90
4
  70
1
  43
0.005080010160020321
  10
16.200000000000003
  20
13.736347472694947
  10
16.900000000000002
  20
13.736347472694947
  10
16.900000000000002
  20
14.156362712725427
  10
16.200000000000003
  20
14.156362712725427
  0
HATCH
  5
1240
  100
AcDbEntity
  8
Document-Layer
  100
AcDbHatch
  10
0
  20
0
  30
0
  210
0
  220
0
  230
1
  2
SOLID
  70
1
  71
0
  91
1
  92
7
  72
0
  73
1
  93
4
  10
19
  20
13.736347472694947
  10
18.3
  20
13.736347472694947
  10
18.3
  20
14.156362712725427
  10
19
  20
14.156362712725427
  97
1
  330
1239
  75
0
  76
1
  47
0.4128176842155181
  98
1
  10
34.90568961886538
  20
22.81183545379326
  450
0
  451
0
  460
0
  461
0
  452
1
  462
1
  453
2
  463
0
  63
5
  421
255
  463
1
  63
7
  421
16777215
  470
LINEAR
  1001
ACAD
  1010
0
  1020
0
  1030
0
  0
LWPOLYLINE
  5
1239
  100
AcDbEntity
  8
Document-Layer
  100
AcDbPolyline
  90
4
  70
1
  43
0.005080010160020321
  10
19
  20
13.736347472694947
  10
18.3
  20
13.736347472694947
  10
18.3
  20
14.156362712725427
  10
19
  20
14.156362712725427
  0
HATCH
  5
1279
  100
AcDbEntity
  8
Document-Layer
  100
AcDbHatch
  10
0
  20
0
  30
0
  210
0
  220
0
  230
1
  2
SOLID
  70
1
  71
0
  91
1
  92
7
  72
0
  73
1
  93
4
  10
65.34112522225045
  20
-8.555946151892304
  10
65.34112522225045
  20
-7.455946151892305
  10
65.54112522225046
  20
-7.455946151892305
  10
65.54112522225046
  20
-8.555946151892304
  97
1
  330
1278
  75
0
  76
1
  47
0.4128176842155181
  98
1
  10
34.90568961886538
  20
22.81183545379326
  450
0
  451
0
  460
0
  461
0
  452
1
  462
1
  453
2
  463
0
  63
5
  421
255
  463
1
  63
7
  421
16777215
  470
LINEAR
  1001
ACAD
  1010
0
  1020
0
  1030
0
  0
LWPOLYLINE
  5
1278
  100
AcDbEntity
  8
Document-Layer
  100
AcDbPolyline
  90
4
  70
1
  43
0.005080010160020321
  10
65.34112522225045
  20
-8.555946151892304
  10
65.34112522225045
  20
-7.455946151892305
  10
65.54112522225046
  20
-7.455946151892305
  10
65.54112522225046
  20
-8.555946151892304
  0
HATCH
  5
1281
  100
AcDbEntity
  8
Document-Layer
  100
AcDbHatch
  10
0
  20
0
  30
0
  210
0
  220
0
  230
1
  2
SOLID
  70
1
  71
0
  91
1
  92
7
  72
0
  73
1
  93
4
  10
64.89449072898147
  20
-7.940426720853442
  10
65.99449072898148
  20
-7.940426720853442
  10
65.99449072898148
  20
-8.140426720853442
  10
64.89449072898147
  20
-8.140426720853442
  97
1
  330
1280
  75
0
  76
1
  47
0.4128176842155181
  98
1
  10
34.90568961886538
  20
22.81183545379326
  450
0
  451
0
  460
0
  461
0
  452
1
  462
1
  453
2
  463
0
  63
5
  421
255
  463
1
  63
7
  421
16777215
  470
LINEAR
  1001
ACAD
  1010
0
  1020
0
  1030
0
  0
LWPOLYLINE
  5
1280
  100
AcDbEntity
  8
Document-Layer
  100
AcDbPolyline
  90
4
  70
1
  43
0.005080010160020321
  10
64.89449072898147
  20
-7.940426720853442
  10
65.99449072898148
  20
-7.940426720853442
  10
65.99449072898148
  20
-8.140426720853442
  10
64.89449072898147
  20
-8.140426720853442
  0
HATCH
  5
1283
  100
AcDbEntity
  8
Document-Layer
  100
AcDbHatch
  10
0
  20
0
  30
0
  210
0
  220
0
  230
1
  2
SOLID
  70
1
  71
0
  91
1
  92
7
  72
0
  73
1
  93
4
  10
63.905768351536715
  20
-8.109311658623318
  10
62.80576835153672
  20
-8.109311658623318
  10
62.80576835153672
  20
-7.909311658623318
  10
63.905768351536715
  20
-7.909311658623318
  97
1
  330
1282
  75
0
  76
1
  47
0.4128176842155181
  98
1
  10
34.90568961886538
  20
22.81183545379326
  450
0
  451
0
  460
0
  461
0
  452
1
  462
1
  453
2
  463
0
  63
5
  421
255
  463
1
  63
7
  421
16777215
  470
LINEAR
  1001
ACAD
  1010
0
  1020
0
  1030
0
  0
LWPOLYLINE
  5
1282
  100
AcDbEntity
  8
Document-Layer
  100
AcDbPolyline
  90
4
  70
1
  43
0.005080010160020321
  10
63.905768351536715
  20
-8.109311658623318
  10
62.80576835153672
  20
-8.109311658623318
  10
62.80576835153672
  20
-7.909311658623318
  10
63.905768351536715
  20
-7.909311658623318
  0
HATCH
  5
1298
  100
AcDbEntity
  8
Document-Layer
  100
AcDbHatch
  10
0
  20
0
  30
0
  210
0
  220
0
  230
1
  2
SOLID
  70
1
  71
0
  91
1
  92
7
  72
0
  73
1
  93
4
  10
65.34112522225045
  20
7.444084328168657
  10
65.34112522225045
  20
8.544084328168658
  10
65.54112522225046
  20
8.544084328168658
  10
65.54112522225046
  20
7.444084328168657
  97
1
  330
1297
  75
0
  76
1
  47
0.4128176842155181
  98
1
  10
34.90568961886538
  20
22.81183545379326
  450
0
  451
0
  460
0
  461
0
  452
1
  462
1
  453
2
  463
0
  63
5
  421
255
  463
1
  63
7
  421
16777215
  470
LINEAR
  1001
ACAD
  1010
0
  1020
0
  1030
0
  0
LWPOLYLINE
  5
1297
  100
AcDbEntity
  8
Document-Layer
  100
AcDbPolyline
  90
4
  70
1
  43
0.005080010160020321
  10
65.34112522225045
  20
7.444084328168657
  10
65.34112522225045
  20
8.544084328168658
  10
65.54112522225046
  20
8.544084328168658
  10
65.54112522225046
  20
7.444084328168657
  0
HATCH
  5
1300
  100
AcDbEntity
  8
Document-Layer
  100
AcDbHatch
  10
0
  20
0
  30
0
  210
0
  220
0
  230
1
  2
SOLID
  70
1
  71
0
  91
1
  92
7
  72
0
  73
1
  93
4
  10
64.89449072898147
  20
8.05960375920752
  10
65.99449072898148
  20
8.05960375920752
  10
65.99449072898148
  20
7.859603759207519
  10
64.89449072898147
  20
7.859603759207519
  97
1
  330
1299
  75
0
  76
1
  47
0.4128176842155181
  98
1
  10
34.90568961886538
  20
22.81183545379326
  450
0
  451
0
  460
0
  461
0
  452
1
  462
1
  453
2
  463
0
  63
5
  421
255
  463
1
  63
7
  421
16777215
  470
LINEAR
  1001
ACAD
  1010
0
  1020
0
  1030
0
  0
LWPOLYLINE
  5
1299
  100
AcDbEntity
  8
Document-Layer
  100
AcDbPolyline
  90
4
  70
1
  43
0.005080010160020321
  10
64.89449072898147
  20
8.05960375920752
  10
65.99449072898148
  20
8.05960375920752
  10
65.99449072898148
  20
7.859603759207519
  10
64.89449072898147
  20
7.859603759207519
  0
HATCH
  5
1302
  100
AcDbEntity
  8
Document-Layer
  100
AcDbHatch
  10
0
  20
0
  30
0
  210
0
  220
0
  230
1
  2
SOLID
  70
1
  71
0
  91
1
  92
7
  72
0
  73
1
  93
4
  10
63.905768351536715
  20
7.890718821437644
  10
62.80576835153672
  20
7.890718821437644
  10
62.80576835153672
  20
8.090718821437644
  10
63.905768351536715
  20
8.090718821437644
  97
1
  330
1301
  75
0
  76
1
  47
0.4128176842155181
  98
1
  10
34.90568961886538
  20
22.81183545379326
  450
0
  451
0
  460
0
  461
0
  452
1
  462
1
  453
2
  463
0
  63
5
  421
255
  463
1
  63
7
  421
16777215
  470
LINEAR
  1001
ACAD
  1010
0
  1020
0
  1030
0
  0
LWPOLYLINE
  5
1301
  100
AcDbEntity
  8
Document-Layer
  100
AcDbPolyline
  90
4
  70
1
  43
0.005080010160020321
  10
63.905768351536715
  20
7.890718821437644
  10
62.80576835153672
  20
7.890718821437644
  10
62.80576835153672
  20
8.090718821437644
  10
63.905768351536715
  20
8.090718821437644
  0
HATCH
  5
1380
  100
AcDbEntity
  8
Document-Layer
  100
AcDbHatch
  10
0
  20
0
  30
0
  210
0
  220
0
  230
1
  2
SOLID
  70
1
  71
0
  91
1
  92
7
  72
0
  73
1
  93
8
  10
76.26515367030734
  20
2.540005080010162
  10
68.51813817627635
  20
2.5400050800101615
  10
68.51813817627635
  20
2.7940055880111774
  10
76.51915417830836
  20
2.794005588011178
  10
76.51915417830836
  20
-2.794005588011175
  10
68.51813817627635
  20
-2.7940055880111756
  10
68.51813817627635
  20
-2.5400050800101592
  10
76.26515367030734
  20
-2.540005080010159
  97
1
  330
1379
  75
0
  76
1
  47
0.4128176842155181
  98
1
  10
34.90568961886538
  20
22.81183545379326
  450
0
  451
0
  460
0
  461
0
  452
1
  462
1
  453
2
  463
0
  63
5
  421
255
  463
1
  63
7
  421
16777215
  470
LINEAR
  1001
ACAD
  1010
0
  1020
0
  1030
0
  0
LWPOLYLINE
  5
1379
  100
AcDbEntity
  8
Document-Layer
  100
AcDbPolyline
  90
8
  70
1
  43
0.005080010160020321
  10
76.26515367030734
  20
2.540005080010162
  10
68.51813817627635
  20
2.5400050800101615
  10
68.51813817627635
  20
2.7940055880111774
  10
76.51915417830836
  20
2.794005588011178
  10
76.51915417830836
  20
-2.794005588011175
  10
68.51813817627635
  20
-2.7940055880111756
  10
68.51813817627635
  20
-2.5400050800101592
  10
76.26515367030734
  20
-2.540005080010159
  0
HATCH
  5
1894
  100
AcDbEntity
  8
Document-Layer
  100
AcDbHatch
  10
0
  20
0
  30
0
  210
0
  220
0
  230
1
  2
SOLID
  70
1
  71
0
  91
1
  92
7
  72
0
  73
1
  93
4
  10
17.62870205740412
  20
10.718211836423674
  10
17.83870967741936
  20
10.718211836423674
  10
17.83870967741936
  20
9.878206756413514
  10
17.62870205740412
  20
9.878206756413514
  97
1
  330
1893
  75
0
  76
1
  47
0.4128176842155181
  98
1
  10
34.90568961886538
  20
22.81183545379326
  450
0
  451
0
  460
0
  461
0
  452
1
  462
1
  453
2
  463
0
  63
5
  421
255
  463
1
  63
7
  421
16777215
  470
LINEAR
  1001
ACAD
  1010
0
  1020
0
  1030
0
  0
LWPOLYLINE
  5
1893
  100
AcDbEntity
  8
Document-Layer
  100
AcDbPolyline
  90
4
  70
1
  43
0.005080010160020321
  10
17.62870205740412
  20
10.718211836423674
  10
17.83870967741936
  20
10.718211836423674
  10
17.83870967741936
  20
9.878206756413514
  10
17.62870205740412
  20
9.878206756413514
  0
HATCH
  5
1896
  100
AcDbEntity
  8
Document-Layer
  100
AcDbHatch
  10
0
  20
0
  30
0
  210
0
  220
0
  230
1
  2
SOLID
  70
1
  71
0
  91
1
  92
7
  72
0
  73
1
  93
4
  10
17.494996189992385
  20
13.946355092710187
  10
17.70500381000762
  20
13.946355092710187
  10
17.70500381000762
  20
14.786360172720347
  10
17.494996189992385
  20
14.786360172720347
  97
1
  330
1895
  75
0
  76
1
  47
0.4128176842155181
  98
1
  10
34.90568961886538
  20
22.81183545379326
  450
0
  451
0
  460
0
  461
0
  452
1
  462
1
  453
2
  463
0
  63
5
  421
255
  463
1
  63
7
  421
16777215
  470
LINEAR
  1001
ACAD
  1010
0
  1020
0
  1030
0
  0
LWPOLYLINE
  5
1895
  100
AcDbEntity
  8
Document-Layer
  100
AcDbPolyline
  90
4
  70
1
  43
0.005080010160020321
  10
17.494996189992385
  20
13.946355092710187
  10
17.70500381000762
  20
13.946355092710187
  10
17.70500381000762
  20
14.786360172720347
  10
17.494996189992385
  20
14.786360172720347
  0
HATCH
  5
1898
  100
AcDbEntity
  8
Document-Layer
  100
AcDbHatch
  10
0
  20
0
  30
0
  210
0
  220
0
  230
1
  2
SOLID
  70
1
  71
0
  91
1
  92
7
  72
0
  73
1
  93
4
  10
16.900000000000002
  20
14.261366522733047
  10
18.3
  20
14.261366522733047
  10
18.3
  20
14.471348742697487
  10
16.900000000000002
  20
14.471348742697487
  97
1
  330
1897
  75
0
  76
1
  47
0.4128176842155181
  98
1
  10
34.90568961886538
  20
22.81183545379326
  450
0
  451
0
  460
0
  461
0
  452
1
  462
1
  453
2
  463
0
  63
5
  421
255
  463
1
  63
7
  421
16777215
  470
LINEAR
  1001
ACAD
  1010
0
  1020
0
  1030
0
  0
LWPOLYLINE
  5
1897
  100
AcDbEntity
  8
Document-Layer
  100
AcDbPolyline
  90
4
  70
1
  43
0.005080010160020321
  10
16.900000000000002
  20
14.261366522733047
  10
18.3
  20
14.261366522733047
  10
18.3
  20
14.471348742697487
  10
16.900000000000002
  20
14.471348742697487
  0
HATCH
  5
1900
  100
AcDbEntity
  8
Document-Layer
  100
AcDbHatch
  10
0
  20
0
  30
0
  210
0
  220
0
  230
1
  2
SOLID
  70
1
  71
0
  91
1
  92
7
  72
0
  73
1
  93
4
  10
16.200000000000003
  20
13.736347472694947
  10
16.900000000000002
  20
13.736347472694947
  10
16.900000000000002
  20
14.156362712725427
  10
16.200000000000003
  20
14.156362712725427
  97
1
  330
1899
  75
0
  76
1
  47
0.4128176842155181
  98
1
  10
34.90568961886538
  20
22.81183545379326
  450
0
  451
0
  460
0
  461
0
  452
1
  462
1
  453
2
  463
0
  63
5
  421
255
  463
1
  63
7
  421
16777215
  470
LINEAR
  1001
ACAD
  1010
0
  1020
0
  1030
0
  0
LWPOLYLINE
  5
1899
  100
AcDbEntity
  8
Document-Layer
  100
AcDbPolyline
  90
4
  70
1
  43
0.005080010160020321
  10
16.200000000000003
  20
13.736347472694947
  10
16.900000000000002
  20
13.736347472694947
  10
16.900000000000002
  20
14.156362712725427
  10
16.200000000000003
  20
14.156362712725427
  0
HATCH
  5
1902
  100
AcDbEntity
  8
Document-Layer
  100
AcDbHatch
  10
0
  20
0
  30
0
  210
0
  220
0
  230
1
  2
SOLID
  70
1
  71
0
  91
1
  92
7
  72
0
  73
1
  93
4
  10
19
  20
13.736347472694947
  10
18.3
  20
13.736347472694947
  10
18.3
  20
14.156362712725427
  10
19
  20
14.156362712725427
  97
1
  330
1901
  75
0
  76
1
  47
0.4128176842155181
  98
1
  10
34.90568961886538
  20
22.81183545379326
  450
0
  451
0
  460
0
  461
0
  452
1
  462
1
  453
2
  463
0
  63
5
  421
255
  463
1
  63
7
  421
16777215
  470
LINEAR
  1001
ACAD
  1010
0
  1020
0
  1030
0
  0
LWPOLYLINE
  5
1901
  100
AcDbEntity
  8
Document-Layer
  100
AcDbPolyline
  90
4
  70
1
  43
0.005080010160020321
  10
19
  20
13.736347472694947
  10
18.3
  20
13.736347472694947
  10
18.3
  20
14.156362712725427
  10
19
  20
14.156362712725427
  0
LWPOLYLINE
  5
1910
  100
AcDbEntity
  8
Document-Layer
  100
AcDbPolyline
  90
2
  70
1
  43
0.15001270002540007
  10
9.1249682499365
  20
0
  42
1
  10
9.274828549657101
  20
0
  42
1
  0
HATCH
  5
1943
  100
AcDbEntity
  8
Document-Layer
  100
AcDbHatch
  10
0
  20
0
  30
0
  210
0
  220
0
  230
1
  2
SOLID
  70
1
  71
0
  91
1
  92
7
  72
0
  73
1
  93
4
  10
65.34112522225045
  20
-8.555946151892304
  10
65.34112522225045
  20
-7.455946151892305
  10
65.54112522225046
  20
-7.455946151892305
  10
65.54112522225046
  20
-8.555946151892304
  97
1
  330
1942
  75
0
  76
1
  47
0.4128176842155181
  98
1
  10
34.90568961886538
  20
22.81183545379326
  450
0
  451
0
  460
0
  461
0
  452
1
  462
1
  453
2
  463
0
  63
5
  421
255
  463
1
  63
7
  421
16777215
  470
LINEAR
  1001
ACAD
  1010
0
  1020
0
  1030
0
  0
LWPOLYLINE
  5
1942
  100
AcDbEntity
  8
Document-Layer
  100
AcDbPolyline
  90
4
  70
1
  43
0.005080010160020321
  10
65.34112522225045
  20
-8.555946151892304
  10
65.34112522225045
  20
-7.455946151892305
  10
65.54112522225046
  20
-7.455946151892305
  10
65.54112522225046
  20
-8.555946151892304
  0
HATCH
  5
1945
  100
AcDbEntity
  8
Document-Layer
  100
AcDbHatch
  10
0
  20
0
  30
0
  210
0
  220
0
  230
1
  2
SOLID
  70
1
  71
0
  91
1
  92
7
  72
0
  73
1
  93
4
  10
64.89449072898147
  20
-7.940426720853442
  10
65.99449072898148
  20
-7.940426720853442
  10
65.99449072898148
  20
-8.140426720853442
  10
64.89449072898147
  20
-8.140426720853442
  97
1
  330
1944
  75
0
  76
1
  47
0.4128176842155181
  98
1
  10
34.90568961886538
  20
22.81183545379326
  450
0
  451
0
  460
0
  461
0
  452
1
  462
1
  453
2
  463
0
  63
5
  421
255
  463
1
  63
7
  421
16777215
  470
LINEAR
  1001
ACAD
  1010
0
  1020
0
  1030
0
  0
LWPOLYLINE
  5
1944
  100
AcDbEntity
  8
Document-Layer
  100
AcDbPolyline
  90
4
  70
1
  43
0.005080010160020321
  10
64.89449072898147
  20
-7.940426720853442
  10
65.99449072898148
  20
-7.940426720853442
  10
65.99449072898148
  20
-8.140426720853442
  10
64.89449072898147
  20
-8.140426720853442
  0
HATCH
  5
1947
  100
AcDbEntity
  8
Document-Layer
  100
AcDbHatch
  10
0
  20
0
  30
0
  210
0
  220
0
  230
1
  2
SOLID
  70
1
  71
0
  91
1
  92
7
  72
0
  73
1
  93
4
  10
63.905768351536715
  20
-8.109311658623318
  10
62.80576835153672
  20
-8.109311658623318
  10
62.80576835153672
  20
-7.909311658623318
  10
63.905768351536715
  20
-7.909311658623318
  97
1
  330
1946
  75
0
  76
1
  47
0.4128176842155181
  98
1
  10
34.90568961886538
  20
22.81183545379326
  450
0
  451
0
  460
0
  461
0
  452
1
  462
1
  453
2
  463
0
  63
5
  421
255
  463
1
  63
7
  421
16777215
  470
LINEAR
  1001
ACAD
  1010
0
  1020
0
  1030
0
  0
LWPOLYLINE
  5
1946
  100
AcDbEntity
  8
Document-Layer
  100
AcDbPolyline
  90
4
  70
1
  43
0.005080010160020321
  10
63.905768351536715
  20
-8.109311658623318
  10
62.80576835153672
  20
-8.109311658623318
  10
62.80576835153672
  20
-7.909311658623318
  10
63.905768351536715
  20
-7.909311658623318
  0
HATCH
  5
1962
  100
AcDbEntity
  8
Document-Layer
  100
AcDbHatch
  10
0
  20
0
  30
0
  210
0
  220
0
  230
1
  2
SOLID
  70
1
  71
0
  91
1
  92
7
  72
0
  73
1
  93
4
  10
65.34112522225045
  20
7.444084328168657
  10
65.34112522225045
  20
8.544084328168658
  10
65.54112522225046
  20
8.544084328168658
  10
65.54112522225046
  20
7.444084328168657
  97
1
  330
1961
  75
0
  76
1
  47
0.4128176842155181
  98
1
  10
34.90568961886538
  20
22.81183545379326
  450
0
  451
0
  460
0
  461
0
  452
1
  462
1
  453
2
  463
0
  63
5
  421
255
  463
1
  63
7
  421
16777215
  470
LINEAR
  1001
ACAD
  1010
0
  1020
0
  1030
0
  0
LWPOLYLINE
  5
1961
  100
AcDbEntity
  8
Document-Layer
  100
AcDbPolyline
  90
4
  70
1
  43
0.005080010160020321
  10
65.34112522225045
  20
7.444084328168657
  10
65.34112522225045
  20
8.544084328168658
  10
65.54112522225046
  20
8.544084328168658
  10
65.54112522225046
  20
7.444084328168657
  0
HATCH
  5
1964
  100
AcDbEntity
  8
Document-Layer
  100
AcDbHatch
  10
0
  20
0
  30
0
  210
0
  220
0
  230
1
  2
SOLID
  70
1
  71
0
  91
1
  92
7
  72
0
  73
1
  93
4
  10
64.89449072898147
  20
8.05960375920752
  10
65.99449072898148
  20
8.05960375920752
  10
65.99449072898148
  20
7.859603759207519
  10
64.89449072898147
  20
7.859603759207519
  97
1
  330
1963
  75
0
  76
1
  47
0.4128176842155181
  98
1
  10
34.90568961886538
  20
22.81183545379326
  450
0
  451
0
  460
0
  461
0
  452
1
  462
1
  453
2
  463
0
  63
5
  421
255
  463
1
  63
7
  421
16777215
  470
LINEAR
  1001
ACAD
  1010
0
  1020
0
  1030
0
  0
LWPOLYLINE
  5
1963
  100
AcDbEntity
  8
Document-Layer
  100
AcDbPolyline
  90
4
  70
1
  43
0.005080010160020321
  10
64.89449072898147
  20
8.05960375920752
  10
65.99449072898148
  20
8.05960375920752
  10
65.99449072898148
  20
7.859603759207519
  10
64.89449072898147
  20
7.859603759207519
  0
HATCH
  5
1966
  100
AcDbEntity
  8
Document-Layer
  100
AcDbHatch
  10
0
  20
0
  30
0
  210
0
  220
0
  230
1
  2
SOLID
  70
1
  71
0
  91
1
  92
7
  72
0
  73
1
  93
4
  10
63.905768351536715
  20
7.890718821437644
  10
62.80576835153672
  20
7.890718821437644
  10
62.80576835153672
  20
8.090718821437644
  10
63.905768351536715
  20
8.090718821437644
  97
1
  330
1965
  75
0
  76
1
  47
0.4128176842155181
  98
1
  10
34.90568961886538
  20
22.81183545379326
  450
0
  451
0
  460
0
  461
0
  452
1
  462
1
  453
2
  463
0
  63
5
  421
255
  463
1
  63
7
  421
16777215
  470
LINEAR
  1001
ACAD
  1010
0
  1020
0
  1030
0
  0
LWPOLYLINE
  5
1965
  100
AcDbEntity
  8
Document-Layer
  100
AcDbPolyline
  90
4
  70
1
  43
0.005080010160020321
  10
63.905768351536715
  20
7.890718821437644
  10
62.80576835153672
  20
7.890718821437644
  10
62.80576835153672
  20
8.090718821437644
  10
63.905768351536715
  20
8.090718821437644
  0
LWPOLYLINE
  5
1967
  100
AcDbEntity
  8
Document-Layer
  100
AcDbPolyline
  90
2
  70
1
  43
0.2
  10
58.96482092964187
  20
-10.489052578105158
  42
1
  10
59.16497332994667
  20
-10.489052578105158
  42
1
  0
LWPOLYLINE
  5
1975
  100
AcDbEntity
  8
Document-Layer
  100
AcDbPolyline
  90
2
  70
1
  43
0.2
  10
60.035146050292106
  20
10.089070358140717
  42
1
  10
60.23529845059691
  20
10.089070358140717
  42
1
  0
HATCH
  5
2048
  100
AcDbEntity
  8
Document-Layer
  100
AcDbHatch
  10
0
  20
0
  30
0
  210
0
  220
0
  230
1
  2
SOLID
  70
1
  71
0
  91
1
  92
7
  72
0
  73
1
  93
8
  10
76.26515367030734
  20
2.540005080010162
  10
68.51813817627635
  20
2.5400050800101615
  10
68.51813817627635
  20
2.7940055880111774
  10
76.51915417830836
  20
2.794005588011178
  10
76.51915417830836
  20
-2.794005588011175
  10
68.51813817627635
  20
-2.7940055880111756
  10
68.51813817627635
  20
-2.5400050800101592
  10
76.26515367030734
  20
-2.540005080010159
  97
1
  330
2047
  75
0
  76
1
  47
0.4128176842155181
  98
1
  10
34.90568961886538
  20
22.81183545379326
  450
0
  451
0
  460
0
  461
0
  452
1
  462
1
  453
2
  463
0
  63
5
  421
255
  463
1
  63
7
  421
16777215
  470
LINEAR
  1001
ACAD
  1010
0
  1020
0
  1030
0
  0
LWPOLYLINE
  5
2047
  100
AcDbEntity
  8
Document-Layer
  100
AcDbPolyline
  90
8
  70
1
  43
0.005080010160020321
  10
76.26515367030734
  20
2.540005080010162
  10
68.51813817627635
  20
2.5400050800101615
  10
68.51813817627635
  20
2.7940055880111774
  10
76.51915417830836
  20
2.794005588011178
  10
76.51915417830836
  20
-2.794005588011175
  10
68.51813817627635
  20
-2.7940055880111756
  10
68.51813817627635
  20
-2.5400050800101592
  10
76.26515367030734
  20
-2.540005080010159
  0
LWPOLYLINE
  5
2056
  100
AcDbEntity
  8
Document-Layer
  100
AcDbPolyline
  90
2
  70
1
  43
0.2
  10
16.734312928625858
  20
-2.7791490982981966
  42
1
  10
16.93446532893066
  20
-2.7791490982981966
  42
1
  0
LWPOLYLINE
  5
2066
  100
AcDbEntity
  8
Document-Layer
  100
AcDbPolyline
  90
4
  70
0
  43
0.30000000000000004
  10
18.462280924561856
  20
8.148006096092011
  42
1
  10
18.762509525019055
  20
8.14800609597428
  10
18.762509525019055
  20
8.148006095932374
  42
1
  10
18.462280924561856
  20
8.148006096050105
  0
LWPOLYLINE
  5
2074
  100
AcDbEntity
  8
Document-Layer
  100
AcDbPolyline
  90
2
  70
1
  43
0.25001270002540005
  10
5.155179070358141
  20
-2.8899923799847604
  42
1
  10
5.405115570231141
  20
-2.8899923799847604
  42
1
  0
LWPOLYLINE
  5
2075
  100
AcDbEntity
  8
Document-Layer
  100
AcDbPolyline
  90
2
  70
1
  43
0.25001270002540005
  10
5.155179070358141
  20
2.8999491998984004
  42
1
  10
5.405115570231141
  20
2.8999491998984004
  42
1
  0
LWPOLYLINE
  5
2087
  100
AcDbEntity
  8
Document-Layer
  100
AcDbPolyline
  90
2
  70
1
  43
0.5
  10
52.47012954025908
  20
13.4498348996698
  42
1
  10
52.97000254000509
  20
13.4498348996698
  42
1
  0
LWPOLYLINE
  5
2122
  100
AcDbEntity
  8
Document-Layer
  100
AcDbPolyline
  90
4
  70
0
  43
0.2
  10
13.251054102108206
  20
5.650038100150247
  42
1
  10
13.451206502413006
  20
5.650038100028077
  10
13.451206502413006
  20
5.650038100002155
  42
1
  10
13.251054102108206
  20
5.650038100124324
  0
LWPOLYLINE
  5
2134
  100
AcDbEntity
  8
Document-Layer
  100
AcDbPolyline
  90
2
  70
1
  43
0.25400050800101603
  10
9.283870967741937
  20
-7.629997459994921
  42
1
  10
9.537871475742953
  20
-7.629997459994921
  42
1
  0
LWPOLYLINE
  5
2140
  100
AcDbEntity
  8
Document-Layer
  100
AcDbPolyline
  90
4
  70
0
  43
0.2
  10
8.547589535179071
  20
10.86327406662218
  42
1
  10
8.747741935483871
  20
10.863274066500011
  10
8.747741935483871
  20
10.86327406647409
  42
1
  10
8.547589535179071
  20
10.86327406659626
  0
ENDSEC
  0
SECTION
  2
OBJECTS
  0
DICTIONARY
  5
C
  330
0
  100
AcDbDictionary
  281
1
  3
ACAD_CIP_PREVIOUS_PRODUCT_INFO
  350
1A2
  3
ACAD_COLOR
  350
6C
  3
ACAD_DETAILVIEWSTYLE
  350
1A8
  3
ACAD_GROUP
  350
D
  3
ACAD_LAYOUT
  350
1A
  3
ACAD_MATERIAL
  350
6B
  3
ACAD_MLEADERSTYLE
  350
D2
  3
ACAD_MLINESTYLE
  350
17
  3
ACAD_PLOTSETTINGS
  350
19
  3
ACAD_PLOTSTYLENAME
  350
E
  3
ACAD_SCALELIST
  350
B1
  3
ACAD_SECTIONVIEWSTYLE
  350
1A5
  3
ACAD_TABLESTYLE
  350
A6
  3
ACAD_VISUALSTYLE
  350
95
  3
ACDB_RECOMPOSE_DATA
  350
301
  3
AcDbVariableDictionary
  350
59
  3
AcDsDecomposeData
  350
307
  0
DICTIONARY
  5
18B
  330
2
  100
AcDbDictionary
  280
1
  281
1
  3
ACAD_LAYERSTATES
  360
18C
  0
DICTIONARY
  5
E1
  330
10
  100
AcDbDictionary
  280
1
  281
1
  0
DICTIONARY
  5
15A
  330
1F
  100
AcDbDictionary
  280
1
  281
1
  0
XRECORD
  5
1A2
  102
{ACAD_REACTORS
  330
C
  102
}
  330
C
  100
AcDbXrecord
  280
1
  300
ACD
  300
2021
  300

  0
DICTIONARY
  5
6C
  102
{ACAD_REACTORS
  330
C
  102
}
  330
C
  100
AcDbDictionary
  281
1
  0
DICTIONARY
  5
1A8
  102
{ACAD_REACTORS
  330
C
  102
}
  330
C
  100
AcDbDictionary
  281
1
  3
Imperial24
  350
1A9
  0
DICTIONARY
  5
D
  102
{ACAD_REACTORS
  330
C
  102
}
  330
C
  100
AcDbDictionary
  281
1
  0
DICTIONARY
  5
1A
  102
{ACAD_REACTORS
  330
C
  102
}
  330
C
  100
AcDbDictionary
  281
1
  3
Model
  350
22
  3
布局1
  350
74
  3
布局2
  350
79
  0
DICTIONARY
  5
6B
  102
{ACAD_REACTORS
  330
C
  102
}
  330
C
  100
AcDbDictionary
  281
1
  3
ByBlock
  350
93
  3
ByLayer
  350
92
  3
Global
  350
94
  0
DICTIONARY
  5
D2
  102
{ACAD_REACTORS
  330
C
  102
}
  330
C
  100
AcDbDictionary
  281
1
  3
Annotative
  350
E0
  3
Standard
  350
D3
  0
DICTIONARY
  5
17
  102
{ACAD_REACTORS
  330
C
  102
}
  330
C
  100
AcDbDictionary
  281
1
  3
Standard
  350
18
  0
DICTIONARY
  5
19
  102
{ACAD_REACTORS
  330
C
  102
}
  330
C
  100
AcDbDictionary
  281
1
  0
ACDBDICTIONARYWDFLT
  5
E
  102
{ACAD_REACTORS
  330
C
  102
}
  330
C
  100
AcDbDictionary
  281
1
  3
Normal
  350
F
  100
AcDbDictionaryWithDefault
  340
F
  0
DICTIONARY
  5
B1
  102
{ACAD_REACTORS
  330
C
  102
}
  330
C
  100
AcDbDictionary
  281
1
  3
A0
  350
B2
  3
A1
  350
124
  3
A2
  350
125
  3
A3
  350
126
  3
A4
  350
127
  3
A5
  350
128
  3
A6
  350
129
  3
A7
  350
12A
  3
A8
  350
12B
  3
A9
  350
12C
  3
B0
  350
12D
  3
B1
  350
12E
  3
B2
  350
12F
  3
B3
  350
130
  3
B4
  350
131
  3
B5
  350
132
  3
B6
  350
133
  3
B7
  350
134
  3
B8
  350
135
  3
B9
  350
136
  3
C0
  350
137
  3
C1
  350
138
  3
C2
  350
139
  3
C3
  350
13A
  3
C4
  350
13B
  3
C5
  350
13C
  3
C6
  350
13D
  3
C7
  350
13E
  3
C8
  350
13F
  3
C9
  350
140
  3
D0
  350
141
  3
D1
  350
142
  3
D2
  350
143
  0
DICTIONARY
  5
1A5
  102
{ACAD_REACTORS
  330
C
  102
}
  330
C
  100
AcDbDictionary
  281
1
  3
Imperial24
  350
1A7
  0
DICTIONARY
  5
A6
  102
{ACAD_REACTORS
  330
C
  102
}
  330
C
  100
AcDbDictionary
  281
1
  3
Standard
  350
A7
  0
DICTIONARY
  5
95
  102
{ACAD_REACTORS
  330
C
  102
}
  330
C
  100
AcDbDictionary
  281
1
  3
2dWireframe
  350
9B
  3
Basic
  350
9A
  3
Brighten
  350
A1
  3
ColorChange
  350
A5
  3
Conceptual
  350
9E
  3
Dim
  350
A0
  3
EdgeColorOff
  350
172
  3
Facepattern
  350
A4
  3
Flat
  350
96
  3
FlatWithEdges
  350
97
  3
Gouraud
  350
98
  3
GouraudWithEdges
  350
99
  3
Hidden
  350
9D
  3
JitterOff
  350
170
  3
Linepattern
  350
A3
  3
OverhangOff
  350
171
  3
Realistic
  350
9F
  3
Shaded
  350
17F
  3
Shaded with edges
  350
17E
  3
Shades of Gray
  350
17B
  3
Sketchy
  350
17C
  3
Thicken
  350
A2
  3
Wireframe
  350
9C
  3
X-Ray
  350
17D
  0
XRECORD
  5
301
  102
{ACAD_REACTORS
  330
C
  102
}
  330
C
  100
AcDbXrecord
  280
1
  90
1
  330
A7
  0
DICTIONARY
  5
59
  102
{ACAD_REACTORS
  330
C
  102
}
  330
C
  100
AcDbDictionary
  281
1
  3
CAMERAHEIGHT
  350
227
  3
CANNOSCALE
  350
EB
  3
CMLEADERSTYLE
  350
EA
  3
CTABLESTYLE
  350
AB
  3
CVIEWDETAILSTYLE
  350
1B4
  3
CVIEWSECTIONSTYLE
  350
1B5
  3
DIMASSOC
  350
5A
  3
HIDETEXT
  350
5E
  3
INDEXCTL
  350
226
  3
LAYEREVAL
  350
14A
  3
LAYERNOTIFY
  350
14B
  3
LIGHTINGUNITS
  350
224
  3
MSLTSCALE
  350
223
  3
SORTENTS
  350
225
  3
XCLIPFRAME
  350
228
  0
DICTIONARY
  5
307
  102
{ACAD_REACTORS
  330
C
  102
}
  330
C
  100
AcDbDictionary
  281
1
  3
AcDsRecords
  350
309
  3
AcDsSchemas
  350
308
  1001
ACAD
  1070
2
  0
DICTIONARY
  5
18C
  102
{ACAD_REACTORS
  330
18B
  102
}
  330
18B
  100
AcDbDictionary
  281
1
  0
ACDBDETAILVIEWSTYLE
  5
1A9
  102
{ACAD_XDICTIONARY
  360
33C
  102
}
  102
{ACAD_REACTORS
  330
1A8
  102
}
  330
1A8
  100
AcDbModelDocViewStyle
  70
0
  3
Imperial24
  290
0
  100
AcDbDetailViewStyle
  70
0
  71
0
  90
3
  71
1
  340
11
  62
256
  40
0.24
  340
0
  62
256
  40
0.24
  300

  40
0.36
  280
3
  71
2
  340
16
  90
25
  62
256
  71
3
  340
11
  62
256
  40
0.24
  90
1
  40
0.75
  90
1
  300
%<\AcVar ViewType \f "%tc1">% %<\AcVar ViewDetailId>%\PSCALE %<\AcVar ViewScale \f "%sn">%
  71
4
  340
16
  90
25
  62
256
  340
16
  90
25
  62
256
  280
0
  0
LAYOUT
  5
22
  102
{ACAD_XDICTIONARY
  360
191
  102
}
  102
{ACAD_REACTORS
  330
1A
  102
}
  330
1A
  100
AcDbPlotSettings
  1

  2
none_device
  4
Letter_(8.50_x_11.00_Inches)
  6

  40
6.349999904632568
  41
6.349999904632568
  42
6.350006103515625
  43
6.350006103515625
  44
215.8999938964844
  45
279.3999938964844
  46
0
  47
0
  48
0
  49
0
  140
0
  141
0
  142
1
  143
3.560208697428376
  70
11952
  72
0
  73
1
  74
0
  7

  75
0
  147
0.28088241027059
  76
0
  77
2
  78
300
  148
0.1311165230791651
  149
0.096403374003771
  100
AcDbLayout
  1
Model
  70
1
  71
0
  10
0
  20
0
  11
12
  21
9
  12
0
  22
0
  32
0
  14
0
  24
0
  34
0
  15
0
  25
0
  35
0
  146
0
  13
0
  23
0
  33
0
  16
1
  26
0
  36
0
  17
0
  27
1
  37
0
  76
0
  330
1F
  331
90
  0
LAYOUT
  5
74
  102
{ACAD_REACTORS
  330
1A
  102
}
  330
1A
  100
AcDbPlotSettings
  1

  2
\\ADSCCNDC1\hq601xrx1
  4

  6

  40
0
  41
0
  42
0
  43
0
  44
0
  45
0
  46
0
  47
0
  48
0
  49
0
  140
0
  141
0
  142
1
  143
1
  70
688
  72
0
  73
0
  74
5
  7

  75
16
  147
1
  76
0
  77
2
  78
300
  148
0
  149
0
  100
AcDbLayout
  1
布局1
  70
1
  71
1
  10
0
  20
0
  11
12
  21
9
  12
0
  22
0
  32
0
  14
0
  24
0
  34
0
  15
0
  25
0
  35
0
  146
0
  13
0
  23
0
  33
0
  16
1
  26
0
  36
0
  17
0
  27
1
  37
0
  76
0
  330
73
  0
LAYOUT
  5
79
  102
{ACAD_REACTORS
  330
1A
  102
}
  330
1A
  100
AcDbPlotSettings
  1

  2
\\ADSCCNDC1\hq601xrx1
  4

  6

  40
0
  41
0
  42
0
  43
0
  44
0
  45
0
  46
0
  47
0
  48
0
  49
0
  140
0
  141
0
  142
1
  143
1
  70
688
  72
0
  73
0
  74
5
  7

  75
16
  147
1
  76
0
  77
2
  78
300
  148
0
  149
0
  100
AcDbLayout
  1
布局2
  70
1
  71
2
  10
0
  20
0
  11
12
  21
9
  12
0
  22
0
  32
0
  14
0
  24
0
  34
0
  15
0
  25
0
  35
0
  146
0
  13
0
  23
0
  33
0
  16
1
  26
0
  36
0
  17
0
  27
1
  37
0
  76
0
  330
78
  0
MATERIAL
  5
93
  102
{ACAD_XDICTIONARY
  360
185
  102
}
  102
{ACAD_REACTORS
  330
6B
  102
}
  330
6B
  100
AcDbMaterial
  1
ByBlock
  94
63
  0
MATERIAL
  5
92
  102
{ACAD_XDICTIONARY
  360
183
  102
}
  102
{ACAD_REACTORS
  330
6B
  102
}
  330
6B
  100
AcDbMaterial
  1
ByLayer
  94
63
  0
MATERIAL
  5
94
  102
{ACAD_XDICTIONARY
  360
10B
  102
}
  102
{ACAD_REACTORS
  330
6B
  102
}
  330
6B
  100
AcDbMaterial
  1
Global
  43
0.0208000000566244
  43
0
  43
0
  43
0
  43
0
  43
0.0208000000566244
  43
0
  43
0
  43
0
  43
0
  43
1
  43
0
  43
0
  43
0
  43
0
  43
1
  49
0.0208000000566244
  49
0
  49
0
  49
0
  49
0
  49
0.0208000000566244
  49
0
  49
0
  49
0
  49
0
  49
1
  49
0
  49
0
  49
0
  49
0
  49
1
  142
0.0208000000566244
  142
0
  142
0
  142
0
  142
0
  142
0.0208000000566244
  142
0
  142
0
  142
0
  142
0
  142
1
  142
0
  142
0
  142
0
  142
0
  142
1
  144
0.0208000000566244
  144
0
  144
0
  144
0
  144
0
  144
0.0208000000566244
  144
0
  144
0
  144
0
  144
0
  144
1
  144
0
  144
0
  144
0
  144
0
  144
1
  94
63
  1001
ACAD
  1070
-1
  1070
3
  1070
0
  1000

  1071
0
  1070
0
  0
MLEADERSTYLE
  5
E0
  102
{ACAD_REACTORS
  330
D2
  102
}
  330
D2
  100
AcDbMLeaderStyle
  170
2
  171
1
  172
0
  90
2
  40
0
  41
0
  173
1
  91
-1056964608
  340
14
  92
-2
  290
0
  42
0.09
  291
0
  43
0.36
  3
Standard
  44
0.18
  300

  342
11
  174
1
  178
1
  175
1
  176
0
  93
-1056964608
  45
0.18
  292
0
  297
0
  46
0.18
  94
-1056964608
  47
1
  49
1
  140
1
  293
0
  141
0
  294
0
  177
0
  142
1
  295
0
  296
0
  143
0.125
  1001
ACAD_MLEADERVER
  1070
2
  0
MLEADERSTYLE
  5
D3
  102
{ACAD_REACTORS
  330
D2
  102
}
  330
D2
  100
AcDbMLeaderStyle
  170
2
  171
1
  172
0
  90
2
  40
0
  41
0
  173
1
  91
-1056964608
  340
14
  92
-2
  290
0
  42
0.09
  291
0
  43
0.36
  3
Standard
  44
0.18
  300

  342
11
  174
1
  178
1
  175
1
  176
0
  93
-1056964608
  45
0.18
  292
0
  297
0
  46
0.18
  94
-1056964608
  47
1
  49
1
  140
1
  293
0
  141
0
  294
0
  177
0
  142
1
  295
0
  296
0
  143
0.125
  1001
ACAD_MLEADERVER
  1070
2
  0
MLINESTYLE
  5
18
  102
{ACAD_REACTORS
  330
17
  102
}
  330
17
  100
AcDbMlineStyle
  2
STANDARD
  70
0
  3

  62
256
  51
90
  52
90
  71
2
  49
0.5
  62
256
  6
BYLAYER
  49
-0.5
  62
256
  6
BYLAYER
  0
ACDBPLACEHOLDER
  5
F
  102
{ACAD_REACTORS
  330
E
  102
}
  330
E
  0
SCALE
  5
B2
  102
{ACAD_REACTORS
  330
B1
  102
}
  330
B1
  100
AcDbScale
  70
0
  300
1:1
  140
1
  141
1
  290
0
  0
SCALE
  5
124
  102
{ACAD_REACTORS
  330
B1
  102
}
  330
B1
  100
AcDbScale
  70
0
  300
1:2
  140
1
  141
2
  290
0
  0
SCALE
  5
125
  102
{ACAD_REACTORS
  330
B1
  102
}
  330
B1
  100
AcDbScale
  70
0
  300
1:4
  140
1
  141
4
  290
0
  0
SCALE
  5
126
  102
{ACAD_REACTORS
  330
B1
  102
}
  330
B1
  100
AcDbScale
  70
0
  300
1:5
  140
1
  141
5
  290
0
  0
SCALE
  5
127
  102
{ACAD_REACTORS
  330
B1
  102
}
  330
B1
  100
AcDbScale
  70
0
  300
1:8
  140
1
  141
8
  290
0
  0
SCALE
  5
128
  102
{ACAD_REACTORS
  330
B1
  102
}
  330
B1
  100
AcDbScale
  70
0
  300
1:10
  140
1
  141
10
  290
0
  0
SCALE
  5
129
  102
{ACAD_REACTORS
  330
B1
  102
}
  330
B1
  100
AcDbScale
  70
0
  300
1:16
  140
1
  141
16
  290
0
  0
SCALE
  5
12A
  102
{ACAD_REACTORS
  330
B1
  102
}
  330
B1
  100
AcDbScale
  70
0
  300
1:20
  140
1
  141
20
  290
0
  0
SCALE
  5
12B
  102
{ACAD_REACTORS
  330
B1
  102
}
  330
B1
  100
AcDbScale
  70
0
  300
1:30
  140
1
  141
30
  290
0
  0
SCALE
  5
12C
  102
{ACAD_REACTORS
  330
B1
  102
}
  330
B1
  100
AcDbScale
  70
0
  300
1:40
  140
1
  141
40
  290
0
  0
SCALE
  5
12D
  102
{ACAD_REACTORS
  330
B1
  102
}
  330
B1
  100
AcDbScale
  70
0
  300
1:50
  140
1
  141
50
  290
0
  0
SCALE
  5
12E
  102
{ACAD_REACTORS
  330
B1
  102
}
  330
B1
  100
AcDbScale
  70
0
  300
1:100
  140
1
  141
100
  290
0
  0
SCALE
  5
12F
  102
{ACAD_REACTORS
  330
B1
  102
}
  330
B1
  100
AcDbScale
  70
0
  300
2:1
  140
2
  141
1
  290
0
  0
SCALE
  5
130
  102
{ACAD_REACTORS
  330
B1
  102
}
  330
B1
  100
AcDbScale
  70
0
  300
4:1
  140
4
  141
1
  290
0
  0
SCALE
  5
131
  102
{ACAD_REACTORS
  330
B1
  102
}
  330
B1
  100
AcDbScale
  70
0
  300
8:1
  140
8
  141
1
  290
0
  0
SCALE
  5
132
  102
{ACAD_REACTORS
  330
B1
  102
}
  330
B1
  100
AcDbScale
  70
0
  300
10:1
  140
10
  141
1
  290
0
  0
SCALE
  5
133
  102
{ACAD_REACTORS
  330
B1
  102
}
  330
B1
  100
AcDbScale
  70
0
  300
100:1
  140
100
  141
1
  290
0
  0
SCALE
  5
134
  102
{ACAD_REACTORS
  330
B1
  102
}
  330
B1
  100
AcDbScale
  70
0
  300
1/128" = 1'-0"
  140
0.0078125
  141
12
  290
0
  0
SCALE
  5
135
  102
{ACAD_REACTORS
  330
B1
  102
}
  330
B1
  100
AcDbScale
  70
0
  300
1/64" = 1'-0"
  140
0.015625
  141
12
  290
0
  0
SCALE
  5
136
  102
{ACAD_REACTORS
  330
B1
  102
}
  330
B1
  100
AcDbScale
  70
0
  300
1/32" = 1'-0"
  140
0.03125
  141
12
  290
0
  0
SCALE
  5
137
  102
{ACAD_REACTORS
  330
B1
  102
}
  330
B1
  100
AcDbScale
  70
0
  300
1/16" = 1'-0"
  140
0.0625
  141
12
  290
0
  0
SCALE
  5
138
  102
{ACAD_REACTORS
  330
B1
  102
}
  330
B1
  100
AcDbScale
  70
0
  300
3/32" = 1'-0"
  140
0.09375
  141
12
  290
0
  0
SCALE
  5
139
  102
{ACAD_REACTORS
  330
B1
  102
}
  330
B1
  100
AcDbScale
  70
0
  300
1/8" = 1'-0"
  140
0.125
  141
12
  290
0
  0
SCALE
  5
13A
  102
{ACAD_REACTORS
  330
B1
  102
}
  330
B1
  100
AcDbScale
  70
0
  300
3/16" = 1'-0"
  140
0.1875
  141
12
  290
0
  0
SCALE
  5
13B
  102
{ACAD_REACTORS
  330
B1
  102
}
  330
B1
  100
AcDbScale
  70
0
  300
1/4" = 1'-0"
  140
0.25
  141
12
  290
0
  0
SCALE
  5
13C
  102
{ACAD_REACTORS
  330
B1
  102
}
  330
B1
  100
AcDbScale
  70
0
  300
3/8" = 1'-0"
  140
0.375
  141
12
  290
0
  0
SCALE
  5
13D
  102
{ACAD_REACTORS
  330
B1
  102
}
  330
B1
  100
AcDbScale
  70
0
  300
1/2" = 1'-0"
  140
0.5
  141
12
  290
0
  0
SCALE
  5
13E
  102
{ACAD_REACTORS
  330
B1
  102
}
  330
B1
  100
AcDbScale
  70
0
  300
3/4" = 1'-0"
  140
0.75
  141
12
  290
0
  0
SCALE
  5
13F
  102
{ACAD_REACTORS
  330
B1
  102
}
  330
B1
  100
AcDbScale
  70
0
  300
1" = 1'-0"
  140
1
  141
12
  290
0
  0
SCALE
  5
140
  102
{ACAD_REACTORS
  330
B1
  102
}
  330
B1
  100
AcDbScale
  70
0
  300
1-1/2" = 1'-0"
  140
1.5
  141
12
  290
0
  0
SCALE
  5
141
  102
{ACAD_REACTORS
  330
B1
  102
}
  330
B1
  100
AcDbScale
  70
0
  300
3" = 1'-0"
  140
3
  141
12
  290
0
  0
SCALE
  5
142
  102
{ACAD_REACTORS
  330
B1
  102
}
  330
B1
  100
AcDbScale
  70
0
  300
6" = 1'-0"
  140
6
  141
12
  290
0
  0
SCALE
  5
143
  102
{ACAD_REACTORS
  330
B1
  102
}
  330
B1
  100
AcDbScale
  70
0
  300
1'-0" = 1'-0"
  140
12
  141
12
  290
0
  0
ACDBSECTIONVIEWSTYLE
  5
1A7
  102
{ACAD_XDICTIONARY
  360
33A
  102
}
  102
{ACAD_REACTORS
  330
1A5
  102
}
  330
1A5
  100
AcDbModelDocViewStyle
  70
0
  3
Imperial24
  290
0
  100
AcDbSectionViewStyle
  70
0
  71
0
  90
78
  71
1
  340
11
  62
256
  40
0.24
  340
0
  340
0
  62
256
  40
0.24
  300
I, O, Q, S, X, Z
  40
0.48
  90
3
  40
0.18
  90
1
  71
2
  340
16
  90
25
  62
256
  340
16
  90
50
  62
256
  40
0.24
  40
0
  40
0.24
  71
3
  340
11
  62
256
  40
0.24
  90
1
  40
0.75
  90
1
  300
%<\AcVar ViewType \f "%tc1">% %<\AcVar ViewSectionStartId>%-%<\AcVar ViewSectionEndId>%\PSCALE %<\AcVar ViewScale \f "%sn">%
  71
4
  62
256
  62
257
  300
ANSI31
  40
1
  90
0
  290
0
  290
0
  90
6
  40
0
  40
1.570796326794896
  40
0.2617993877991494
  40
1.308996938995747
  40
-0.2617993877991494
  40
1.832595714594046
  0
TABLESTYLE
  5
A7
  102
{ACAD_XDICTIONARY
  360
FF
  102
}
  102
{ACAD_REACTORS
  330
A6
  102
}
  330
A6
  100
AcDbTableStyle
  3
Standard
  70
0
  71
0
  40
0.06
  41
0.06
  280
0
  281
0
  7
Standard
  140
0.18
  170
2
  62
0
  63
7
  283
0
  90
512
  91
0
  1

  274
-2
  284
1
  64
0
  275
-2
  285
1
  65
0
  276
-2
  286
1
  66
0
  277
-2
  287
1
  67
0
  278
-2
  288
1
  68
0
  279
-2
  289
1
  69
0
  7
Standard
  140
0.25
  170
5
  62
0
  63
7
  283
0
  90
512
  91
0
  1

  274
-2
  284
1
  64
0
  275
-2
  285
1
  65
0
  276
-2
  286
1
  66
0
  277
-2
  287
1
  67
0
  278
-2
  288
1
  68
0
  279
-2
  289
1
  69
0
  7
Standard
  140
0.18
  170
5
  62
0
  63
7
  283
0
  90
512
  91
0
  1

  274
-2
  284
1
  64
0
  275
-2
  285
1
  65
0
  276
-2
  286
1
  66
0
  277
-2
  287
1
  67
0
  278
-2
  288
1
  68
0
  279
-2
  289
1
  69
0
  0
VISUALSTYLE
  5
9B
  102
{ACAD_XDICTIONARY
  360
314
  102
}
  102
{ACAD_REACTORS
  330
95
  102
}
  330
95
  100
AcDbVisualStyle
  2
2dWireframe
  70
4
  71
0
  72
2
  73
1
  90
0
  40
-0.6
  41
-30
  62
5
  63
7
  421
16777215
  74
1
  91
4
  64
7
  65
257
  75
1
  175
1
  42
1
  92
0
  66
257
  43
1
  76
1
  77
6
  78
2
  67
7
  79
5
  170
0
  171
0
  290
0
  174
0
  93
1
  44
0
  173
0
  291
0
  45
0
  1001
ACAD
  1000
AcDbSavedByObjectVersion
  1070
0
  0
VISUALSTYLE
  5
9A
  102
{ACAD_XDICTIONARY
  360
312
  102
}
  102
{ACAD_REACTORS
  330
95
  102
}
  330
95
  100
AcDbVisualStyle
  2
Basic
  70
7
  71
1
  72
0
  73
1
  90
0
  40
-0.6
  41
-30
  62
5
  63
7
  421
16777215
  74
0
  91
4
  64
7
  65
257
  75
1
  175
1
  42
1
  92
8
  66
7
  43
1
  76
1
  77
6
  78
2
  67
7
  79
5
  170
0
  171
0
  290
0
  174
0
  93
1
  44
0
  173
0
  291
0
  45
0
  1001
ACAD
  1000
AcDbSavedByObjectVersion
  1070
0
  0
VISUALSTYLE
  5
A1
  102
{ACAD_XDICTIONARY
  360
320
  102
}
  102
{ACAD_REACTORS
  330
95
  102
}
  330
95
  100
AcDbVisualStyle
  2
Brighten
  70
12
  71
2
  72
2
  73
1
  90
0
  40
-0.6
  41
-30
  62
5
  63
7
  421
16777215
  74
1
  91
4
  64
7
  65
257
  75
1
  175
1
  42
1
  92
8
  66
7
  43
1
  76
1
  77
6
  78
2
  67
7
  79
5
  170
0
  171
0
  290
0
  174
0
  93
1
  44
50
  173
0
  291
0
  45
0
  1001
ACAD
  1000
AcDbSavedByObjectVersion
  1070
0
  0
VISUALSTYLE
  5
A5
  102
{ACAD_XDICTIONARY
  360
328
  102
}
  102
{ACAD_REACTORS
  330
95
  102
}
  330
95
  100
AcDbVisualStyle
  2
ColorChange
  70
16
  71
2
  72
2
  73
3
  90
0
  40
-0.6
  41
-30
  62
5
  63
8
  421
8421504
  74
1
  91
4
  64
7
  65
257
  75
1
  175
1
  42
1
  92
8
  66
8
  424
8421504
  43
1
  76
1
  77
6
  78
2
  67
7
  79
5
  170
0
  171
0
  290
0
  174
0
  93
1
  44
0
  173
0
  291
0
  45
0
  1001
ACAD
  1000
AcDbSavedByObjectVersion
  1070
0
  0
VISUALSTYLE
  5
9E
  102
{ACAD_XDICTIONARY
  360
31A
  102
}
  102
{ACAD_REACTORS
  330
95
  102
}
  330
95
  100
AcDbVisualStyle
  2
Conceptual
  70
9
  71
3
  72
2
  73
1
  90
0
  40
-0.6
  41
-30
  62
5
  63
7
  421
16777215
  74
2
  91
2
  64
7
  65
257
  75
1
  175
1
  42
40
  92
8
  66
7
  43
1
  76
1
  77
6
  78
2
  67
7
  79
3
  170
0
  171
0
  290
0
  174
0
  93
1
  44
0
  173
0
  291
0
  45
0
  1001
ACAD
  1000
AcDbSavedByObjectVersion
  1070
0
  0
VISUALSTYLE
  5
A0
  102
{ACAD_XDICTIONARY
  360
31E
  102
}
  102
{ACAD_REACTORS
  330
95
  102
}
  330
95
  100
AcDbVisualStyle
  2
Dim
  70
11
  71
2
  72
2
  73
1
  90
0
  40
-0.6
  41
-30
  62
5
  63
7
  421
16777215
  74
1
  91
4
  64
7
  65
257
  75
1
  175
1
  42
1
  92
8
  66
7
  43
1
  76
1
  77
6
  78
2
  67
7
  79
5
  170
0
  171
0
  290
0
  174
0
  93
1
  44
-50
  173
0
  291
0
  45
0
  1001
ACAD
  1000
AcDbSavedByObjectVersion
  1070
0
  0
VISUALSTYLE
  5
172
  102
{ACAD_XDICTIONARY
  360
32E
  102
}
  102
{ACAD_REACTORS
  330
95
  102
}
  330
95
  100
AcDbVisualStyle
  2
EdgeColorOff
  70
22
  71
2
  72
2
  73
0
  90
0
  40
-0.6
  41
-30
  62
5
  63
7
  421
16777215
  74
1
  91
4
  64
7
  65
257
  75
1
  175
1
  42
1
  92
8
  66
7
  43
1
  76
1
  77
6
  78
2
  67
7
  79
5
  170
0
  171
0
  290
0
  174
0
  93
1
  44
0
  173
0
  291
0
  45
0
  1001
ACAD
  1000
AcDbSavedByObjectVersion
  1070
0
  0
VISUALSTYLE
  5
A4
  102
{ACAD_XDICTIONARY
  360
326
  102
}
  102
{ACAD_REACTORS
  330
95
  102
}
  330
95
  100
AcDbVisualStyle
  2
Facepattern
  70
15
  71
2
  72
2
  73
1
  90
0
  40
-0.6
  41
-30
  62
5
  63
7
  421
16777215
  74
1
  91
4
  64
7
  65
257
  75
1
  175
1
  42
1
  92
8
  66
7
  43
1
  76
1
  77
6
  78
2
  67
7
  79
5
  170
0
  171
0
  290
0
  174
0
  93
1
  44
0
  173
0
  291
0
  45
0
  1001
ACAD
  1000
AcDbSavedByObjectVersion
  1070
0
  0
VISUALSTYLE
  5
96
  102
{ACAD_XDICTIONARY
  360
30A
  102
}
  102
{ACAD_REACTORS
  330
95
  102
}
  330
95
  100
AcDbVisualStyle
  2
Flat
  70
0
  71
2
  72
1
  73
1
  90
2
  40
-0.6
  41
30
  62
5
  63
7
  421
16777215
  74
0
  91
0
  64
7
  65
257
  75
1
  175
1
  42
1
  92
8
  66
7
  43
1
  76
1
  77
6
  78
2
  67
7
  79
5
  170
0
  171
0
  290
0
  174
0
  93
13
  44
0
  173
0
  291
0
  45
0
  1001
ACAD
  1000
AcDbSavedByObjectVersion
  1070
0
  0
VISUALSTYLE
  5
97
  102
{ACAD_XDICTIONARY
  360
30C
  102
}
  102
{ACAD_REACTORS
  330
95
  102
}
  330
95
  100
AcDbVisualStyle
  2
FlatWithEdges
  70
1
  71
2
  72
1
  73
1
  90
2
  40
-0.6
  41
30
  62
5
  63
7
  421
16777215
  74
1
  91
0
  64
7
  65
257
  75
1
  175
1
  42
1
  92
0
  66
257
  43
1
  76
1
  77
6
  78
2
  67
7
  79
5
  170
0
  171
0
  290
0
  174
0
  93
13
  44
0
  173
0
  291
0
  45
0
  1001
ACAD
  1000
AcDbSavedByObjectVersion
  1070
0
  0
VISUALSTYLE
  5
98
  102
{ACAD_XDICTIONARY
  360
30E
  102
}
  102
{ACAD_REACTORS
  330
95
  102
}
  330
95
  100
AcDbVisualStyle
  2
Gouraud
  70
2
  71
2
  72
2
  73
1
  90
2
  40
-0.6
  41
30
  62
5
  63
7
  421
16777215
  74
0
  91
0
  64
7
  65
257
  75
1
  175
1
  42
1
  92
0
  66
7
  43
1
  76
1
  77
6
  78
2
  67
7
  79
5
  170
0
  171
0
  290
0
  174
0
  93
13
  44
0
  173
0
  291
0
  45
0
  1001
ACAD
  1000
AcDbSavedByObjectVersion
  1070
0
  0
VISUALSTYLE
  5
99
  102
{ACAD_XDICTIONARY
  360
310
  102
}
  102
{ACAD_REACTORS
  330
95
  102
}
  330
95
  100
AcDbVisualStyle
  2
GouraudWithEdges
  70
3
  71
2
  72
2
  73
1
  90
2
  40
-0.6
  41
30
  62
5
  63
7
  421
16777215
  74
1
  91
0
  64
7
  65
257
  75
1
  175
1
  42
1
  92
0
  66
257
  43
1
  76
1
  77
6
  78
2
  67
7
  79
5
  170
0
  171
0
  290
0
  174
0
  93
13
  44
0
  173
0
  291
0
  45
0
  1001
ACAD
  1000
AcDbSavedByObjectVersion
  1070
0
  0
VISUALSTYLE
  5
9D
  102
{ACAD_XDICTIONARY
  360
318
  102
}
  102
{ACAD_REACTORS
  330
95
  102
}
  330
95
  100
AcDbVisualStyle
  2
Hidden
  70
6
  71
1
  72
2
  73
2
  90
0
  40
-0.6
  41
-30
  62
5
  63
7
  421
16777215
  74
2
  91
2
  64
7
  65
257
  75
2
  175
1
  42
40
  92
0
  66
257
  43
1
  76
1
  77
6
  78
2
  67
7
  79
3
  170
0
  171
0
  290
0
  174
0
  93
1
  44
0
  173
0
  291
0
  45
0
  1001
ACAD
  1000
AcDbSavedByObjectVersion
  1070
0
  0
VISUALSTYLE
  5
170
  102
{ACAD_XDICTIONARY
  360
32A
  102
}
  102
{ACAD_REACTORS
  330
95
  102
}
  330
95
  100
AcDbVisualStyle
  2
JitterOff
  70
20
  71
2
  72
2
  73
0
  90
0
  40
-0.6
  41
-30
  62
5
  63
7
  421
16777215
  74
1
  91
4
  64
7
  65
257
  75
1
  175
1
  42
1
  92
10
  66
7
  43
1
  76
1
  77
6
  78
2
  67
7
  79
5
  170
0
  171
0
  290
0
  174
0
  93
1
  44
0
  173
0
  291
0
  45
0
  1001
ACAD
  1000
AcDbSavedByObjectVersion
  1070
0
  0
VISUALSTYLE
  5
A3
  102
{ACAD_XDICTIONARY
  360
324
  102
}
  102
{ACAD_REACTORS
  330
95
  102
}
  330
95
  100
AcDbVisualStyle
  2
Linepattern
  70
14
  71
2
  72
2
  73
1
  90
0
  40
-0.6
  41
-30
  62
5
  63
7
  421
16777215
  74
1
  91
4
  64
7
  65
257
  75
7
  175
7
  42
1
  92
8
  66
7
  43
1
  76
1
  77
6
  78
2
  67
7
  79
5
  170
0
  171
0
  290
0
  174
0
  93
1
  44
0
  173
0
  291
0
  45
0
  1001
ACAD
  1000
AcDbSavedByObjectVersion
  1070
0
  0
VISUALSTYLE
  5
171
  102
{ACAD_XDICTIONARY
  360
32C
  102
}
  102
{ACAD_REACTORS
  330
95
  102
}
  330
95
  100
AcDbVisualStyle
  2
OverhangOff
  70
21
  71
2
  72
2
  73
0
  90
0
  40
-0.6
  41
-30
  62
5
  63
7
  421
16777215
  74
1
  91
4
  64
7
  65
257
  75
1
  175
1
  42
1
  92
9
  66
7
  43
1
  76
1
  77
6
  78
2
  67
7
  79
5
  170
0
  171
0
  290
0
  174
0
  93
1
  44
0
  173
0
  291
0
  45
0
  1001
ACAD
  1000
AcDbSavedByObjectVersion
  1070
0
  0
VISUALSTYLE
  5
9F
  102
{ACAD_XDICTIONARY
  360
31C
  102
}
  102
{ACAD_REACTORS
  330
95
  102
}
  330
95
  100
AcDbVisualStyle
  2
Realistic
  70
8
  71
2
  72
3
  73
0
  90
2
  40
-0.6
  41
30
  62
5
  63
7
  421
16777215
  74
0
  91
0
  64
7
  65
257
  75
1
  175
1
  42
1
  92
8
  66
257
  43
1
  76
1
  77
6
  78
2
  67
7
  79
3
  170
0
  171
0
  290
0
  174
0
  93
13
  44
0
  173
0
  291
0
  45
0
  1001
ACAD
  1000
AcDbSavedByObjectVersion
  1070
0
  0
VISUALSTYLE
  5
17F
  102
{ACAD_XDICTIONARY
  360
338
  102
}
  102
{ACAD_REACTORS
  330
95
  102
}
  330
95
  100
AcDbVisualStyle
  2
Shaded
  70
27
  71
2
  72
2
  73
1
  90
2
  40
-0.6
  41
30
  62
5
  63
7
  421
16777215
  74
0
  91
4
  64
7
  65
257
  75
1
  175
1
  42
1
  92
8
  66
257
  43
1
  76
1
  77
6
  78
2
  67
8
  425
7895160
  79
3
  170
0
  171
0
  290
0
  174
0
  93
5
  44
0
  173
0
  291
0
  45
0
  1001
ACAD
  1000
AcDbSavedByObjectVersion
  1070
0
  0
VISUALSTYLE
  5
17E
  102
{ACAD_XDICTIONARY
  360
336
  102
}
  102
{ACAD_REACTORS
  330
95
  102
}
  330
95
  100
AcDbVisualStyle
  2
Shaded with edges
  70
26
  71
2
  72
2
  73
1
  90
2
  40
-0.6
  41
30
  62
5
  63
7
  421
16777215
  74
1
  91
2
  64
7
  65
257
  75
2
  175
1
  42
1
  92
8
  66
257
  43
1
  76
1
  77
6
  78
2
  67
7
  79
3
  170
0
  171
0
  290
0
  174
0
  93
5
  44
0
  173
0
  291
0
  45
0
  1001
ACAD
  1000
AcDbSavedByObjectVersion
  1070
0
  0
VISUALSTYLE
  5
17B
  102
{ACAD_XDICTIONARY
  360
330
  102
}
  102
{ACAD_REACTORS
  330
95
  102
}
  330
95
  100
AcDbVisualStyle
  2
Shades of Gray
  70
23
  71
2
  72
2
  73
3
  90
0
  40
-0.6
  41
-30
  62
5
  63
7
  421
16777215
  74
2
  91
2
  64
7
  65
7
  75
1
  175
1
  42
40
  92
8
  66
7
  43
1
  76
1
  77
6
  78
2
  67
7
  79
3
  170
0
  171
0
  290
0
  174
0
  93
1
  44
0
  173
0
  291
0
  45
0
  1001
ACAD
  1000
AcDbSavedByObjectVersion
  1070
0
  0
VISUALSTYLE
  5
17C
  102
{ACAD_XDICTIONARY
  360
332
  102
}
  102
{ACAD_REACTORS
  330
95
  102
}
  330
95
  100
AcDbVisualStyle
  2
Sketchy
  70
24
  71
1
  72
2
  73
2
  90
0
  40
-0.6
  41
-30
  62
5
  63
7
  421
16777215
  74
2
  91
2
  64
7
  65
7
  75
1
  175
1
  42
40
  92
11
  66
7
  43
1
  76
1
  77
6
  78
2
  67
7
  79
6
  170
0
  171
0
  290
0
  174
0
  93
1
  44
0
  173
0
  291
0
  45
0
  1001
ACAD
  1000
AcDbSavedByObjectVersion
  1070
0
  0
VISUALSTYLE
  5
A2
  102
{ACAD_XDICTIONARY
  360
322
  102
}
  102
{ACAD_REACTORS
  330
95
  102
}
  330
95
  100
AcDbVisualStyle
  2
Thicken
  70
13
  71
2
  72
2
  73
1
  90
0
  40
-0.6
  41
-30
  62
5
  63
7
  421
16777215
  74
1
  91
4
  64
7
  65
257
  75
1
  175
1
  42
1
  92
12
  66
7
  43
1
  76
1
  77
6
  78
2
  67
7
  79
5
  170
0
  171
0
  290
0
  174
0
  93
1
  44
0
  173
0
  291
0
  45
0
  1001
ACAD
  1000
AcDbSavedByObjectVersion
  1070
0
  0
VISUALSTYLE
  5
9C
  102
{ACAD_XDICTIONARY
  360
316
  102
}
  102
{ACAD_REACTORS
  330
95
  102
}
  330
95
  100
AcDbVisualStyle
  2
Wireframe
  70
5
  71
0
  72
2
  73
0
  90
0
  40
-0.6
  41
-30
  62
5
  63
7
  421
16777215
  74
1
  91
4
  64
7
  65
257
  75
1
  175
1
  42
1
  92
0
  66
257
  43
1
  76
1
  77
6
  78
2
  67
7
  79
3
  170
0
  171
0
  290
0
  174
0
  93
1
  44
0
  173
0
  291
0
  45
0
  1001
ACAD
  1000
AcDbSavedByObjectVersion
  1070
0
  0
VISUALSTYLE
  5
17D
  102
{ACAD_XDICTIONARY
  360
334
  102
}
  102
{ACAD_REACTORS
  330
95
  102
}
  330
95
  100
AcDbVisualStyle
  2
X-Ray
  70
25
  71
2
  72
2
  73
1
  90
1
  40
0.5
  41
-30
  62
5
  63
7
  421
16777215
  74
1
  91
0
  64
7
  65
257
  75
1
  175
1
  42
1
  92
8
  66
7
  43
1
  76
1
  77
6
  78
2
  67
7
  79
3
  170
0
  171
0
  290
0
  174
0
  93
13
  44
0
  173
0
  291
0
  45
0
  1001
ACAD
  1000
AcDbSavedByObjectVersion
  1070
0
  0
DICTIONARYVAR
  5
227
  102
{ACAD_REACTORS
  330
59
  102
}
  330
59
  100
DictionaryVariables
  280
0
  1
60.000000
  0
DICTIONARYVAR
  5
EB
  102
{ACAD_REACTORS
  330
59
  102
}
  330
59
  100
DictionaryVariables
  280
0
  1
1:1
  0
DICTIONARYVAR
  5
EA
  102
{ACAD_REACTORS
  330
59
  102
}
  330
59
  100
DictionaryVariables
  280
0
  1
STANDARD
  0
DICTIONARYVAR
  5
AB
  102
{ACAD_REACTORS
  330
59
  102
}
  330
59
  100
DictionaryVariables
  280
0
  1
STANDARD
  0
DICTIONARYVAR
  5
1B4
  102
{ACAD_REACTORS
  330
59
  102
}
  330
59
  100
DictionaryVariables
  280
0
  1
Imperial24
  0
DICTIONARYVAR
  5
1B5
  102
{ACAD_REACTORS
  330
59
  102
}
  330
59
  100
DictionaryVariables
  280
0
  1
Imperial24
  0
DICTIONARYVAR
  5
5A
  102
{ACAD_REACTORS
  330
59
  102
}
  330
59
  100
DictionaryVariables
  280
0
  1
2
  0
DICTIONARYVAR
  5
5E
  102
{ACAD_REACTORS
  330
59
  102
}
  330
59
  100
DictionaryVariables
  280
0
  1
1
  0
DICTIONARYVAR
  5
226
  102
{ACAD_REACTORS
  330
59
  102
}
  330
59
  100
DictionaryVariables
  280
0
  1
0
  0
DICTIONARYVAR
  5
14A
  102
{ACAD_REACTORS
  330
59
  102
}
  330
59
  100
DictionaryVariables
  280
0
  1
0
  0
DICTIONARYVAR
  5
14B
  102
{ACAD_REACTORS
  330
59
  102
}
  330
59
  100
DictionaryVariables
  280
0
  1
0
  0
DICTIONARYVAR
  5
224
  102
{ACAD_REACTORS
  330
59
  102
}
  330
59
  100
DictionaryVariables
  280
0
  1
2
  0
DICTIONARYVAR
  5
223
  102
{ACAD_REACTORS
  330
59
  102
}
  330
59
  100
DictionaryVariables
  280
0
  1
1
  0
DICTIONARYVAR
  5
225
  102
{ACAD_REACTORS
  330
59
  102
}
  330
59
  100
DictionaryVariables
  280
0
  1
127
  0
DICTIONARYVAR
  5
228
  102
{ACAD_REACTORS
  330
59
  102
}
  330
59
  100
DictionaryVariables
  280
0
  1
2
  0
DICTIONARY
  5
309
  102
{ACAD_REACTORS
  330
307
  102
}
  330
307
  100
AcDbDictionary
  281
1
  0
DICTIONARY
  5
308
  102
{ACAD_REACTORS
  330
307
  102
}
  330
307
  100
AcDbDictionary
  281
1
  3
1654967913120
  350
302
  3
1654967913136
  350
303
  3
1654967913152
  350
304
  3
1654967913168
  350
305
  3
1654967913184
  350
306
  0
DICTIONARY
  5
33C
  330
1A9
  100
AcDbDictionary
  280
1
  281
1
  3
ACAD_XREC_ROUNDTRIP
  360
33D
  0
DICTIONARY
  5
191
  330
22
  100
AcDbDictionary
  280
1
  281
1
  0
DICTIONARY
  5
185
  330
93
  100
AcDbDictionary
  280
1
  281
1
  3
FBXASSET
  360
186
  0
DICTIONARY
  5
183
  330
92
  100
AcDbDictionary
  280
1
  281
1
  3
FBXASSET
  360
184
  0
DICTIONARY
  5
10B
  330
94
  100
AcDbDictionary
  280
1
  281
1
  3
BUMPTILE
  360
10D
  3
DIFFUSETILE
  360
10C
  3
FBXASSET
  360
187
  3
OPACITYTILE
  360
10E
  3
REFLECTIONTILE
  360
10F
  0
DICTIONARY
  5
33A
  330
1A7
  100
AcDbDictionary
  280
1
  281
1
  3
ACAD_XREC_ROUNDTRIP
  360
33B
  0
DICTIONARY
  5
FF
  330
A7
  100
AcDbDictionary
  280
1
  281
1
  3
ACAD_ROUNDTRIP_2008_TABLESTYLE_CELLSTYLEMAP
  360
300
  0
DICTIONARY
  5
314
  330
9B
  100
AcDbDictionary
  280
1
  281
1
  3
ACAD_XREC_ROUNDTRIP
  360
315
  0
DICTIONARY
  5
312
  330
9A
  100
AcDbDictionary
  280
1
  281
1
  3
ACAD_XREC_ROUNDTRIP
  360
313
  0
DICTIONARY
  5
320
  330
A1
  100
AcDbDictionary
  280
1
  281
1
  3
ACAD_XREC_ROUNDTRIP
  360
321
  0
DICTIONARY
  5
328
  330
A5
  100
AcDbDictionary
  280
1
  281
1
  3
ACAD_XREC_ROUNDTRIP
  360
329
  0
DICTIONARY
  5
31A
  330
9E
  100
AcDbDictionary
  280
1
  281
1
  3
ACAD_XREC_ROUNDTRIP
  360
31B
  0
DICTIONARY
  5
31E
  330
A0
  100
AcDbDictionary
  280
1
  281
1
  3
ACAD_XREC_ROUNDTRIP
  360
31F
  0
DICTIONARY
  5
32E
  330
172
  100
AcDbDictionary
  280
1
  281
1
  3
ACAD_XREC_ROUNDTRIP
  360
32F
  0
DICTIONARY
  5
326
  330
A4
  100
AcDbDictionary
  280
1
  281
1
  3
ACAD_XREC_ROUNDTRIP
  360
327
  0
DICTIONARY
  5
30A
  330
96
  100
AcDbDictionary
  280
1
  281
1
  3
ACAD_XREC_ROUNDTRIP
  360
30B
  0
DICTIONARY
  5
30C
  330
97
  100
AcDbDictionary
  280
1
  281
1
  3
ACAD_XREC_ROUNDTRIP
  360
30D
  0
DICTIONARY
  5
30E
  330
98
  100
AcDbDictionary
  280
1
  281
1
  3
ACAD_XREC_ROUNDTRIP
  360
30F
  0
DICTIONARY
  5
310
  330
99
  100
AcDbDictionary
  280
1
  281
1
  3
ACAD_XREC_ROUNDTRIP
  360
311
  0
DICTIONARY
  5
318
  330
9D
  100
AcDbDictionary
  280
1
  281
1
  3
ACAD_XREC_ROUNDTRIP
  360
319
  0
DICTIONARY
  5
32A
  330
170
  100
AcDbDictionary
  280
1
  281
1
  3
ACAD_XREC_ROUNDTRIP
  360
32B
  0
DICTIONARY
  5
324
  330
A3
  100
AcDbDictionary
  280
1
  281
1
  3
ACAD_XREC_ROUNDTRIP
  360
325
  0
DICTIONARY
  5
32C
  330
171
  100
AcDbDictionary
  280
1
  281
1
  3
ACAD_XREC_ROUNDTRIP
  360
32D
  0
DICTIONARY
  5
31C
  330
9F
  100
AcDbDictionary
  280
1
  281
1
  3
ACAD_XREC_ROUNDTRIP
  360
31D
  0
DICTIONARY
  5
338
  330
17F
  100
AcDbDictionary
  280
1
  281
1
  3
ACAD_XREC_ROUNDTRIP
  360
339
  0
DICTIONARY
  5
336
  330
17E
  100
AcDbDictionary
  280
1
  281
1
  3
ACAD_XREC_ROUNDTRIP
  360
337
  0
DICTIONARY
  5
330
  330
17B
  100
AcDbDictionary
  280
1
  281
1
  3
ACAD_XREC_ROUNDTRIP
  360
331
  0
DICTIONARY
  5
332
  330
17C
  100
AcDbDictionary
  280
1
  281
1
  3
ACAD_XREC_ROUNDTRIP
  360
333
  0
DICTIONARY
  5
322
  330
A2
  100
AcDbDictionary
  280
1
  281
1
  3
ACAD_XREC_ROUNDTRIP
  360
323
  0
DICTIONARY
  5
316
  330
9C
  100
AcDbDictionary
  280
1
  281
1
  3
ACAD_XREC_ROUNDTRIP
  360
317
  0
DICTIONARY
  5
334
  330
17D
  100
AcDbDictionary
  280
1
  281
1
  3
ACAD_XREC_ROUNDTRIP
  360
335
  0
XRECORD
  5
302
  102
{ACAD_REACTORS
  330
308
  102
}
  330
308
  100
AcDbXrecord
  280
1
  1
AcDb_Thumbnail_Schema
  102
{ATTRRECORD
  341
303
  2
AcDbDs::TreatedAsObjectData
  280
1
  291
0
  102
ATTRRECORD}
  102
{ATTRRECORD
  341
304
  2
AcDbDs::Legacy
  280
1
  291
0
  102
ATTRRECORD}
  2
AcDbDs::ID
  280
10
  91
8
  102
{ATTRRECORD
  341
305
  2
AcDs:Indexable
  280
1
  291
0
  102
ATTRRECORD}
  102
{ATTRRECORD
  341
306
  2
AcDbDs::HandleAttribute
  280
7
  282
1
  102
ATTRRECORD}
  2
Thumbnail_Data
  280
15
  91
0
  0
XRECORD
  5
303
  102
{ACAD_REACTORS
  330
308
  102
}
  330
308
  100
AcDbXrecord
  280
1
  1
AcDbDs::TreatedAsObjectDataSchema
  2
AcDbDs::TreatedAsObjectData
  280
1
  91
0
  0
XRECORD
  5
304
  102
{ACAD_REACTORS
  330
308
  102
}
  330
308
  100
AcDbXrecord
  280
1
  1
AcDbDs::LegacySchema
  2
AcDbDs::Legacy
  280
1
  91
0
  0
XRECORD
  5
305
  102
{ACAD_REACTORS
  330
308
  102
}
  330
308
  100
AcDbXrecord
  280
1
  1
AcDbDs::IndexedPropertySchema
  2
AcDs:Indexable
  280
1
  91
0
  0
XRECORD
  5
306
  102
{ACAD_REACTORS
  330
308
  102
}
  330
308
  100
AcDbXrecord
  280
1
  1
AcDbDs::HandleAttributeSchema
  2
AcDbDs::HandleAttribute
  280
7
  91
1
  284
1
  0
XRECORD
  5
33D
  102
{ACAD_REACTORS
  330
33C
  102
}
  330
33C
  100
AcDbXrecord
  280
1
  102
DISPLAYNAME
  1
Imperial24
  102
FLAGS
  90
0
  0
XRECORD
  5
186
  102
{ACAD_REACTORS
  330
185
  102
}
  330
185
  100
AcDbXrecord
  280
1
  70
1
  90
429727718
  1
7581DE8E-A623-425F-9BF4-B3F4BE6C4F9A
  310
504B03040A0000080000AC70623B3DEE336E79000000790000001B0000006175746F6465736B2D64657369676E2D7061636B6167652E786D6C3C3F786D6C2076657273696F6E3D22312E302220656E636F64696E673D227574662D3822203F3E3C666F726D6174733E3C666F726D61743E687474703A2F2F736368656D612E
  310
6175746F6465736B2E636F6D2F64657369676E2D7061636B6167652F323030393C2F666F726D61743E3C2F666F726D6174733E504B0304140006080800AC70623BD486FD9CA0000000F4000000130000005B436F6E74656E745F54797065735D2E786D6C7D8EC10E82300C865F65E91D8A1E8C310C0EEA1BF002731658846E
  310
D98AC1B77784ABF1D8FE5FBFBF75BBCE937A534CCEB38643598122B6FEE978D0B0485F9C41B54DDD7D022595594E1A469170414C76A4D9A4D207E29CF43ECE46F218070CC6BECC4078ACAA135ACF422C856C0E68EA1BF5669944DDD7BCDE7B1F8E415D77AECB980613C2E4AC91FC167A2B244592486606FC29C8FD7F045B9A
  310
EF7053A7E60B504B0304140006080800AC70623B9A2F3B5FEC0000007C01000008000000636F72652E786D6C8D90416E83301045AF62CDB632D8040820E328B4E204BD80653BC44AB011B6AB1EBF262152BBEB6A467FFE9B197D76FA9EEFE84BAFDE38DB03CD08206DA553C64E3DC470C10DA01367AB73E1970D9015B3EE61
  310
9381B3697571D925E96CD03624D53AA5775178AF0320794F4D0F5E5EF52C32114372F85BB608791393CEE8AB4B708C46A1E711A3D23E73317A055E0D4D53D6C71A9FC7A1C6657D18703354232ECFED4731B6B43CBED72CDF60CE82995FF7E5AA45D00A7841488B29C5A4F8A46547AAAEA8DE48D311C2F2CDFE078A8BFA2714
  310
8D0D87627FF78979E0343DF21870966F59A4F2082AD52D37FE03504B0304140006080800AC70623B55019EA25F0000007C00000007000000636E782E786D6C4DCB3B0E80201045D1AD90E915ED2CF8AC45050C11660C8261F98AB1B07AC9C97D42D718D865D3E909258CFD00CCE24AC6E326A164D74DC0B4128928FF326038
  310
472BA13128B1252AC747C6BAB984FC68F0B87FE8960A5C09FE86CFB69FBA01504B0304140006080800AC70623B6E137E0172010000D40300000C0000006662782F636F72652E786D6CC5535B6E833010BC8AE5DF0A6C0810121947A1554ED00B38E05014B091B1518EDFE511A5A9D22AFD2A1F60CDEC7A67C698ED2E6D8306
  310
69FA5AAB0C073EC548AA4297B5AA32ECECC94B31DA7166B4B65FCA3052A295191E61CC5965B4EB16A8D0CA4A650155BA940B28FA5E5A8C8A061619EE8B0FD90A5F380B15FDD9EF44711695F4031F68A8E3ACB70604A079C8F8C6FC74BC3032E39C3957970B5B9730AD3ED5D2601EE7691A25EBC4DB1FF2C48B9255EEA5797C
  310
F0A2FDE62D3C6C8268FD9A3032367366EBF6AAAE30525859621E52BAF182C0A3E17B106D69BC0DE3179A6E2965642CBF6B725DF96493AB955D858BDCB9ADC73C002113F1CD2D4464512F06D04338236388F09912BE0F1A028190AD3836571F67800659586D22604AED6ED4201A27612AF5E9F4A09F178CCC9D3075DA1C5C3F
  310
9C113E3DE3F71DE1A885AAC084B0B03C3A3BEA64B38625B44E1A6FB017A4B46945F39C8D5F1CFE89BA897F28A9D08D36FFA5882C074496DF838CF7917F02504B0304140006080800AC70623BE001BAC07D0000009D0000000B0000006662782F636E782E786D6C4DCCD10AC2201886E15B91FFDCA6536B037548D87D8CE686
  310
E4344CA3CB6F8B1D74F4C1C3C72B87CF1AD0DBE5974F51013D11402EDED3E4E3A2A096197780062D734AE5EF06288EAB53B03368B9E4549F074D6E1E6B289B061F1F07124689687987B9601C7373BD60C36E065B6A6DDF7341A93843A365F32B6DBB87F517504B0304140006080800AC70623B8E5068122901000012020000
  310
310000006662782F30333130353234382D343533342D344143372D413346412D4531454539393435313135362F636F72652E786D6C8D515B6EC32010BC0AE22B55850D364E93081345557A825E801892A2C460F1A872FC2EB523B57FF961D1EECCECECAED8DFC71BFA36215AEF7ACC2A8A917183D7D65D7A9CD3996C30DA4B
  310
11BC4F7F601839359A1E973496E2127C9E96D4E05D322E41D6796D96A48AD1248C861B7C7A1C872F33AA4AE5048878AD26355CD5C554AC8232E0A4882980013437292F96B465B46BF886F0AEE5841FDEDFC8A1FD3890233B1EB75BDE31D6AD453D13A5C8D9EA856E35D8B1676BC2B322852C45B2E3C3FE108C4A4663D950BA
  310
258C11DA7C32BEA3DDAEE95EE96647A9A80BFC1F294FFA4952B62EB5CD6277A6452C99A8E78214DAE7D3ED61C6DC271F122AFD56D10C2F305545CB6A60FC1908E383E29A2F8A31F900EB5D5D4F8065DD2CBBE652D4E542107ECF07B15C53FE00504B0304140006080800AC70623B503B51794E010000330300003000000066
  310
62782F30333130353234382D343533342D344143372D413346412D4531454539393435313135362F636E782E786D6CD593C16EC32010447F0571AD6CE3D489D20813A9877E410FBD62D82434182CC055F3F75D1292E692438FBD206B7698593D61BEFD1E2DF982108D773D6D6B460938E5B571FB9ECE6957AD29D90A1EBC4F
  310
77364A9C1CA1A759A682EF839FA72269D8C9D92654AD71C72206887E0E0A22CAF926B15E498B01E0AA19451807D01A34B919F16B070157417138917400F2F6FA41FCF0092A45DEE414C19BDC21783E4BD39D891265658C3D8DEA00A3ACE59CBC8678ACB54CB26EEB6BD7839D7E9348BE70AD9C8321B9BCA7F9A4A26C542347
  310
DEE050F09802D22BA6749A800A394DD62899107273365E3C82CFC6A55557BC06C10774B7ABE7AEC3B0F34CF06446280E154026D0542C187BA9DAB6628BF7B6DBB0E566B17C62EB0D63BCC976C107EF6DB9843110FC449477095CA2A2E54D1E3FC2577C449B80AC7D38FD01240228AD173AB78CFFCCA739BF6FC415F02F103F
  310
504B0304140006080800AC70623B38FA165F680500003C100000340000006662782F30333130353234382D343533342D344143372D413346412D4531454539393435313135362F6F626A656374732E786D6CAD575D6FA33814FD2B887D0E8424EDB42BCAA8499A2A1A756634D18CF6A15264C0A16CC146B6E9A4FBEBF7180C
  310
019276B21F7908D8D8F7F3DCE36BFFE33ECFAC172A64CAD98DED3963DBA22CE271CA921BBB54BBD1956D7D0C7CC1B9EA2CB32D46727A63EB693BF013C1CBC24CC57447CA4C0D6657F33F2C1951466D2BCA889437B68C9E684E1C522A1E53F9ECC4441127D9ED1DCFA917F6C52682144F03A105119429588A790629566D94D7
  310
1F8E6D37F05DFD3DF0F5BF59357D7B955BF9D3D79F32A9088B8E940DC44CBDD9F26E72713DBA98CDA6A3D9E5C41BCD57F3E5C8FB301D2F2E178BEBDBBB6B28964A4092B144D09D1DDC2336228D7CB7FED45A6C0C3F6552C419A351E53F3CAC6C3612635A5016238F2995D0D6F17ADC1F7A3A369DCF533D362ABBD3E779D5DD
  310
D111D4D8DE3CBB96F2F04FB820CF41859054A3AA8E8F71B4C6DFF810B590F3CC7C4BA5951345454A322B4B4341C4AB1D60A95E12F83D311A9D42235C7B6007DE415ED75694C6AFB17BCACA5D99651A9A7650217B0BFC53252BCBD2BFA838AD0D36215765CAD4957148BD16D40EAE7DB79A0C7CFD984ECCC73A90D62E230952
  310
0E37EBAF034717BAF6D64B3BF8B40AF71B5D8FA79517821754280D1F40AB495CF3D451326ABDB332A737C0995ECC0F41F986C87F46F91E4C41DE44BA9FED67468B1284C91D173972E38CAB9F356E5E46EDDBF10BF86CB0FA784D3BF3AF16FB6E6B6C9F30DECA1FC0A55373F5DFF3D78F5917A99DF405FE0B0A8C8BA909E526
  310
2219A8E72165488806A595714C81CB77E1DE0ED6604A303B76912C680372F4E2BB2FF88EFF5A36D8AA52DF79322474C0B767303F625995056C7B032C473C592936CEBD15F38BFFA5666E979B4F9B52EC48441F0CB12CE92E65A9C2D979006FD7A05E227A1E3DD3D79F5CC470F438099B6E1272A34A22DA3AE63AF0497358E8
  310
C141734F41847D09D79CE7FF42C3432A239A6584515E365ADA634863B52519D327A00AEB804E2703140BFA92EA4EA2B7A26716CEFA48A4850E597BE8B53CEDBCE1CBF7F56780D20EE6AF73A0F5F9B02A3CD07DC4332EB6E1EBB666421BE0C39E3EBA7FF4E16D22EA6A29407C85E586724C88B771BADB9512BC7B228A3FD68B
  310
6EA65A22397E690AA8D158D7E40CEC8CDA23C2C0B7D1898640101CEC9C6D531CE328CB93CABBBA870A6425F70DF96199175B92F392A973C2346EFC69AC6F8577BB18F993A8E8C90E36D573340765C7343EA4AA87027D049DF0A9979E0F1757DEF2EEEA6E747B39412B35B9588DAEE7ABD9683E5DCDE677978BD9EAFAB6B5A8
  310
B224F09B13AA5B8388264E44BF14A909F3F7F5A16CEDE08128E9DED705E526F5F3FBDA415BECBBD80380B71BD77991D19C3245347C1FF44BF68DA0ABE8C9A8E7D73949E81952BEDC6F063660E68C7D5F75A9D19F83BD6676A16BE1A410F554E621236936D8681C770A9618B79B50B6CF9AD19BA11E9978A20F953C4B63104E
  310
6C2594E7548176CE607B915309C474BBF2D8DC1ECED8FD52F7838A84196D2C79226889330954036E65A4FAF3D66F68E174177563E3B0739EF1670AD1B690EA1B1BFCA6D2884A27C4F1A81B9F4A3820802EAC2541408DB02443675D6F6AC7ED2E1D1BD00F4E40A3BF5D724EB764FCEA116F4E8A02A7768F562BDB8C82E81F39
  310
DE98631185D7B054AD2F8789D6994A0D2AAB76CADC0DD0423C1BD57BD4D7FB6E794EB5A61791B3EE49EF82A0963A524424D5BD40DB674CBA5D7E75D10A58EB2F569195097279BEA491A00073A90B1C28022A8CCC82284075F1FBE357C17117CDAD550A083C2E789E736606B7E62E6B6D9E70338D1F410B545F3FE464EC798F
  310
55D76F2E22DB9048EA90583E63A22938EDC1006B00E4D1716A52E0EA1C0C96AF9796393066105A81F6A829ADAFE1168A47DF1C75A974C9B278B7F177ABA5008340CB1EFC0D504B0304140006080000AC70623B000000000000000000000000350000006662782F30333130353234382D343533342D344143372D413346412D
  310
4531454539393435313135362F76657274696365732E62696E504B0304140006080800AC70623BF270F1330600000004000000360000006662782F30333130353234382D343533342D344143372D413346412D4531454539393435313135362F747269616E676C65732E62696E636660600000504B0304140006080000AC70
  310
623B000000000000000000000000370000006662782F30333130353234382D343533342D344143372D413346412D4531454539393435313135362F617474726962757465732E62696E504B0304140006080800AC70623B08DA0BD19000000041010000360000006662782F30333130353234382D343533342D344143372D41
  310
3346412D4531454539393435313135362F6469726563746F72792E786D6C858F410AC3201045AF22B36F53E9A60B35CBEEBAE80D244E44489C6234F4F835464A48035D0DF398FF9F8AF63D0E6CC63039F212F8F9020C7D47C6792B21C5FE7403D62A1188E2E60C98D7234A5830286103A55745067B9D86B8A3CF9C7F90C11D
  310
E607FB144396D7B6A82D282E9A152AD114D5EF2CB866EEE831B8EEA07A7BB5A8D7D61A2BAAEB7FD5F70921FF497D00504B0304140006080800AC70623BF2C5666EFF000000A00100003B0000006662782F30333130353234382D343533342D344143372D413346412D4531454539393435313135362F7265736F7572636573
  310
2F636F72652E786D6C8D504B6E833010BD0A9A6D65B00910888CA3D02A27E8052C33A156821DF953F5F8B5132AB5BB6E6646EFA3797AFCF8B5DE8A4F745E5B33022B291468949DB5594688E1427A288E823B6BC32F191446AE38428641F0C5D978DF20654D4013126AEC8C1B28BDC70085BAA56304AF3E7095A58C2129FCB5
  310
BC4B75950B96AC4C74D209EE834B018AE7933C4138F4363A859E574F56F018F5BC69F49C7EEA8B4607A29DFABEE9F62D399DA78E34DD6E22FDD49E49731ADEEAF3C09AFD6BC7AB6C163CE8F527A3722803CE206A4A07C218A1F53B6B0EB43DD4ED0BED0F94F22ACBFF98E27DFEA7296A1376F516F769F320580AF22004AF72
  310
5F693DCA4C3B772BBE01504B010214000A0000080000AC70623B3DEE336E79000000790000001B00000000000000000000000000000000006175746F6465736B2D64657369676E2D7061636B6167652E786D6C504B01021400140006080800AC70623BD486FD9CA0000000F40000001300000000000000000000000000B200
  310
00005B436F6E74656E745F54797065735D2E786D6C504B01021400140006080800AC70623B9A2F3B5FEC0000007C010000080000000000000000000000000083010000636F72652E786D6C504B01021400140006080800AC70623B55019EA25F0000007C000000070000000000000000000000000095020000636E782E786D
  310
6C504B01021400140006080800AC70623B6E137E0172010000D40300000C00000000000000000000000000190300006662782F636F72652E786D6C504B01021400140006080800AC70623BE001BAC07D0000009D0000000B00000000000000000000000000B50400006662782F636E782E786D6C504B010214001400060808
  310
00AC70623B8E506812290100001202000031000000000000000000000000005B0500006662782F30333130353234382D343533342D344143372D413346412D4531454539393435313135362F636F72652E786D6C504B01021400140006080800AC70623B503B51794E010000330300003000000000000000000000000000D3
  310
0600006662782F30333130353234382D343533342D344143372D413346412D4531454539393435313135362F636E782E786D6C504B01021400140006080800AC70623B38FA165F680500003C10000034000000000000000000000000006F0800006662782F30333130353234382D343533342D344143372D413346412D4531
  310
454539393435313135362F6F626A656374732E786D6C504B01021400140006080000AC70623B0000000000000000000000003500000000000000000000000000290E00006662782F30333130353234382D343533342D344143372D413346412D4531454539393435313135362F76657274696365732E62696E504B01021400
  310
140006080800AC70623BF270F133060000000400000036000000000000000000000000007C0E00006662782F30333130353234382D343533342D344143372D413346412D4531454539393435313135362F747269616E676C65732E62696E504B01021400140006080000AC70623B0000000000000000000000003700000000
  310
000000000000000000D60E00006662782F30333130353234382D343533342D344143372D413346412D4531454539393435313135362F617474726962757465732E62696E504B01021400140006080800AC70623B08DA0BD1900000004101000036000000000000000000000000002B0F00006662782F30333130353234382D
  310
343533342D344143372D413346412D4531454539393435313135362F6469726563746F72792E786D6C504B01021400140006080800AC70623BF2C5666EFF000000A00100003B000000000000000000000000000F1000006662782F30333130353234382D343533342D344143372D413346412D453145453939343531313536
  310
2F7265736F75726365732F636F72652E786D6C504B0506000000000E000E0080040000671100000000
  0
XRECORD
  5
184
  102
{ACAD_REACTORS
  330
183
  102
}
  330
183
  100
AcDbXrecord
  280
1
  70
1
  90
429727718
  1
778E3A9F-1AF3-452F-85C1-1BC15BD3F630
  310
504B03040A0000080000AC70623B3DEE336E79000000790000001B0000006175746F6465736B2D64657369676E2D7061636B6167652E786D6C3C3F786D6C2076657273696F6E3D22312E302220656E636F64696E673D227574662D3822203F3E3C666F726D6174733E3C666F726D61743E687474703A2F2F736368656D612E
  310
6175746F6465736B2E636F6D2F64657369676E2D7061636B6167652F323030393C2F666F726D61743E3C2F666F726D6174733E504B0304140006080800AC70623BD486FD9CA0000000F4000000130000005B436F6E74656E745F54797065735D2E786D6C7D8EC10E82300C865F65E91D8A1E8C310C0EEA1BF002731658846E
  310
D98AC1B77784ABF1D8FE5FBFBF75BBCE937A534CCEB38643598122B6FEE978D0B0485F9C41B54DDD7D022595594E1A469170414C76A4D9A4D207E29CF43ECE46F218070CC6BECC4078ACAA135ACF422C856C0E68EA1BF5669944DDD7BCDE7B1F8E415D77AECB980613C2E4AC91FC167A2B244592486606FC29C8FD7F045B9A
  310
EF7053A7E60B504B0304140006080800AC70623BFD5588D4EC0000007C01000008000000636F72652E786D6C8D90416EC3201045AF82665B6103891DC7C24471939CA01740405C94182C03558F5F9C3852BBEB6A467FFE9B197D7EF81EEFE8CBCCC17AD7012D0820E394D7D60D1DA478C50DA083E0B3F7F1970D9093A3E960
  310
9141F061F6695A25E55D342E66D5796D56518660222075CF4D07417D9A511632C5EC08B76292EA260753D05797E194AC46CF2356E77DF66ACD0C62C768BD63971E5727D2E06DDF9C71BF7B3FE10BABF79BFA488FE4DCF07281058F767CDD57B391D168108C903DA61413F641B72DA95A56BD91A62584978BFD0F9426FD4F28
  310
5917376C7DF7890510343FF218085E2E59E4F2082AD72537F103504B0304140006080800AC70623B55019EA25F0000007C00000007000000636E782E786D6C4DCB3B0E80201045D1AD90E915ED2CF8AC45050C11660C8261F98AB1B07AC9C97D42D718D865D3E909258CFD00CCE24AC6E326A164D74DC0B4128928FF326038
  310
472BA13128B1252AC747C6BAB984FC68F0B87FE8960A5C09FE86CFB69FBA01504B0304140006080800AC70623BB5D38BAD72010000D40300000C0000006662782F636F72652E786D6CC553DB8E823014FC95A6AF1B68C11B9A52A3AB7EC1FE4085CA36424B4A4BFCFC3D5C8CEBC635EED3F200CDCC393D3353CAD697AA44AD
  310
B48D323AC5514831923A33B9D2458ABD3B0509466BCEAC31EE5B19465A5432C51D8C392BACF1F50865463BA91DA0DAE4720445D348875156C222C54DF6292B110AEFA0A23987B5C8CEA2906114020D759C35CE8200340CE9DE989F8E1746069C33EF553EB22A8769EAA4A4C57C1147F3457CD806B31D4D82E936D907DBC5FB
  310
2E38C4F3E564BE8936749F30D23573E65475559759299CCC318F295D065114D0F8239AAEE86C15CFDE68B2A29491AEFCAEC9D7F98B4D5E69378947B9435B837904427AE2875B88C8A146B4A0877046BA10E1D3277C1F340402213B712CAF3ECE00B53273C64E81C98DBF51AD28BD84A934A4FD837E5F303274C2D47E7370FD
  310
7046FCF28CE73BC2510B5D8009E16079F4AED3C9060D6368B5B441EB2E481B5B89F2351B4F1CFE89BA897F282933A5B1FFA5888C0744C6DF8374F7917F01504B0304140006080800AC70623B09885E1C7E0000009D0000000B0000006662782F636E782E786D6C4DCCDF0A83201C86E15B91DFB9CBA6FD11D41063F711CB42
  310
663A9C8E5DFE6A74B0A30F1E3E5E317C368FDE36BD5C0C12EA0B0164C33DCE2EAC124A5E700F685022C598FF6E80C2B459090783126B8AE579D26C97A9F8BCAB77E17122E586D5843498B3EE8699D114F39E5E713D76EDA84DCBB569A052A2FA95F63DC2EA0B504B0304140006080800AC70623B961D28872A010000120200
  310
00310000006662782F33394334313030352D393437462D344341332D393833322D3144373644414336394143352F636F72652E786D6C8D515B6EC32010BC8AC557AA0A1BFC4A1C61A2C8514FD00B10435294182C1E558EDFA576A4F62F3F80666766875D76784CF7EC5B39AFADE911CD09CA9419ADD4E6DAA3182E7887B203
  310
67CEDAF08786322326D5A30423CEAECEC67985466B8232015063A55A41E1BD0A281BEFF0E8911FBFD42472110330FC2D9FC578135795D31CCAC0E3CC070701B2A5493A11AFBAA1A68434B8ABB71FB81E8E15EE765589E969DB9E8E43DB1D8786158B90B318B55CE55A421C7DD1CABD6A92C49C053D3DE38F4E89A024E22521
  310
1DA61493F293D67BD2ECCBE69DECF684B022D1FF89E22C5F14456D4255AE711799479CB2622970266D3CDF9F61D463B62E64A9DFC6ABF10D7192C35CCA0A040B11BE0F8E6DBD3AFA601D8C77733B0397C290926D5B7356A40DC1F5BB3EB8D336F90F504B0304140006080800AC70623B503B51794E01000033030000300000
  310
006662782F33394334313030352D393437462D344341332D393833322D3144373644414336394143352F636E782E786D6CD593C16EC32010447F0571AD6CE3D489D20813A9877E410FBD62D82434182CC055F3F75D1292E692438FBD206B7698593D61BEFD1E2DF982108D773D6D6B460938E5B571FB9ECE6957AD29D90A1E
  310
BC4F77364A9C1CA1A759A682EF839FA72269D8C9D92654AD71C72206887E0E0A22CAF926B15E498B01E0AA19451807D01A34B919F16B070157417138917400F2F6FA41FCF0092A45DEE414C19BDC21783E4BD39D891265658C3D8DEA00A3ACE59CBC8678ACB54CB26EEB6BD7839D7E9348BE70AD9C8321B9BCA7F9A4A26C54
  310
2347DEE050F09802D22BA6749A800A394DD62899107273365E3C82CFC6A55557BC06C10774B7ABE7AEC3B0F34CF06446280E154026D0542C187BA9DAB6628BF7B6DBB0E566B17C62EB0D63BCC976C107EF6DB9843110FC449477095CA2A2E54D1E3FC2577C449B80AC7D38FD01240228AD173AB78CFFCCA739BF6FC415F02F
  310
103F504B0304140006080800AC70623B2EA4D28F640500003C100000340000006662782F33394334313030352D393437462D344341332D393833322D3144373644414336394143352F6F626A656374732E786D6CAD575D739B3814FD2B0CFB6C30B1D3263B844E6CC71D4F376DA79E76F621331E01326103122389C4E9AFDF
  310
231018B09D7A3FFC609090EEE7B94757FE875D9E59CF54C894B31BDB73C6B64559C4E394253776A9B6A32BDBFA10F88273D559665B8CE4F4C6D6D376E027829785998AE99694991ACC2E677F5A32A28CDA569411296F6C193DD29C38A4543CA6F2C98989224EB2DD399E532FEC8B4D04291E07420B222853B014F30C52ACDA
  310
28AF3F1CDB6EE0BBFA7BE0EB7FB36A727A955BF9D3D79F32A9088B0E940DC44CBCE9E2EEE2F27A74399D4E46D37717DE68B69C2D46DEFBC978FE6E3EBFBEBDBB8662A90424194B04DDDAC147C446A491EFD69F5A8B8DE1C74C8A386334AAFC878795CD46624C0BCA62E431A512DA3A5E8FFB434FC7A6F379A2C7466577FA3C
  310
AFBA3B3A821ADB9B67D7521EFE0517E439A810926A54D5F1318ED6F81BEFA316729E996FA9B472A2A84849666569288878B5032CD54B02BF2746A35368846B0FECC0DBCBEBDA8AD2F835768F59B92DB34C43D30E2A646F807FAA646559FA938AE3DA60137255A64C5D1987D46B41EDE0DA77ABC9C0D78FC985F95807D2DA66
  310
2441CAE166FD75E0E85CD7DE6A61079F96E16EADEBF1B8F242F0820AA5E1036835896B9E3A4A46AD7756E6F40638D38BF93E28DF10F9CF28DFBD29C89B4877D3DDD468518230B9E522476E9C71F5B3C6CDCBA87D3B7C019F0D561FAE6967FED562DF6D8DED13C6A9FC015C3A3557FF3D7FFD987591DA495FE03FA3C0B89898
  310
50AE2392817AEE53868468505A19C714B87C1BEEEC6005A604B36317C9823620072FBEFB8CEFF8AF6583AD2AF59D274342077C7B06F323965559C0B6136039E0C94AB171EE54CC2FFF979AB95DAC3FAD4BB12511BD37C4B2A0DB94A50A67E71EBC5D837A89E879F4445F5FB888E1E86112D6DD24E4469544B475CC75E093E6
  310
B0D083BDE69E8208FB12AE39CFFF8586FB544634CB08A3BC6CB4B4C790C66A4B32A64F4015D6019D5C0C502CE873AA3B89DE8A9E5938EB2391163A64EDA1D7F2B473C297EFABCF00A51DCC5EFF20AF5DC20CF7741FF18C8B4DF8BAA999D006F8B0A78FEE1F7D789B88BA5A0A105F61B9A11C13E24D9C6EB7A504EF1E89E28F
  310
D5BC9BA996480E5F9A026A34D63539053BA3F68830F06D74A2211004073B679B14C738CAF2A8F2AEEEA10259C93D213F2CF36243725E32754E98C68D3F8DF5ADF06E17235F888A1EED605D3D473350764CE31309D547D0119F7AE979FFFEEA6E727BBD1C79B74BB4529717CBD1D5E5DC1B79B3B977395B4C96EF2638E6FA15
  310
D09C50DD1A44347122FAA5484D98BFAFF6656B07F74449F7635D506E523FBFAF1CB4C5BE8B3D0078BB71951719CD295344C3F75EBF64DF08BA8A9E8C7A7E9593849E21E5CBC7F5C006CC9CB1EFAB2E35FA32D86B66E7BA168E0A518F651E329266838DC671A7608971BB0965FBAC19BD19EA918927FA50C9B33406E1C45642
  310
794E1568E70CB6173995404CB72B8FCDEDE18CDDCF753FA84898D1C6924782963893403548A78C547FDEFA0D2D9CEEA26E6C1C76CE13FE4C21DA16527D6383DF541A51E984381E75E353090704D085B52408D0139664E8ACEB4DEDB8DDA56303FAC10968F4B74BCEE9968C5F3DE2CD4951E0D4EED16A659B5110FD23C71B73
  310
2CA2F01A96AAF5653FD13A53A909C03570A77DA0857832AA77A8AFB7DDF29C6A4D2F2267DD93DE04412D75A48848AA7B810EBA31E976F1D5452B60ADBE58455626C8E5F992468202CCA52E70A008A830320BA200D5F9EF0F5F05C75D34B7962920F030E779CE9919DC9ABBACB57EC4CD347E002D507DFD901763CF7BA8BA7E
  310
7311D984445287C4F209134DC1690F065803200F8E53733D73750E06CB570BCB1C185308AD407BD094D6D7700BC5A36F8EBA54BA6459BCD9F8BBD552A040A0650FFE06504B0304140006080000AC70623B000000000000000000000000350000006662782F33394334313030352D393437462D344341332D393833322D3144
  310
373644414336394143352F76657274696365732E62696E504B0304140006080800AC70623BF270F1330600000004000000360000006662782F33394334313030352D393437462D344341332D393833322D3144373644414336394143352F747269616E676C65732E62696E636660600000504B0304140006080000AC70623B
  310
000000000000000000000000370000006662782F33394334313030352D393437462D344341332D393833322D3144373644414336394143352F617474726962757465732E62696E504B0304140006080800AC70623B08DA0BD19000000041010000360000006662782F33394334313030352D393437462D344341332D393833
  310
322D3144373644414336394143352F6469726563746F72792E786D6C858F410AC3201045AF22B36F53E9A60B35CBEEBAE80D244E44489C6234F4F835464A48035D0DF398FF9F8AF63D0E6CC63039F212F8F9020C7D47C6792B21C5FE7403D62A1188E2E60C98D7234A5830286103A55745067B9D86B8A3CF9C7F90C11DE607
  310
FB144396D7B6A82D282E9A152AD114D5EF2CB866EEE831B8EEA07A7BB5A8D7D61A2BAAEB7FD5F70921FF497D00504B0304140006080800AC70623B95BFD5E5FE000000A00100003B0000006662782F33394334313030352D393437462D344341332D393833322D3144373644414336394143352F7265736F75726365732F63
  310
6F72652E786D6C8D50596E833010BD0A9ADFCA603B1B41C611699213F40296992456828DBC543D7E4DA052FBD79F99D15B344F4F1CBE8667F1893E18675B60258502AD76BDB1B71652BC921A8A8314DEB9F84B06855503B630C120C5CDBB342E907636A28D19B5AEC70554216084423FF3D142D0771C54A952CC8AF02847A5
  310
1FEA86252B339D755284E87380627E324D901E834B5E6310D5CC4A9192E9178DE9F34F7335E841EE38DBEEF8A5239B13ADC9FA589FC971F77E2217BEDDAFB61DEBE8B916D56496229AE127A3F6A822F62039A57BC218A1FC83AD1BBA69F8E68DD60DA5A29AE47F4C69ECFF694AC6C6155FE2CEB60092E5202F428A6AEA2BAF
  310
5799794FDDCA6F504B010214000A0000080000AC70623B3DEE336E79000000790000001B00000000000000000000000000000000006175746F6465736B2D64657369676E2D7061636B6167652E786D6C504B01021400140006080800AC70623BD486FD9CA0000000F40000001300000000000000000000000000B20000005B
  310
436F6E74656E745F54797065735D2E786D6C504B01021400140006080800AC70623BFD5588D4EC0000007C010000080000000000000000000000000083010000636F72652E786D6C504B01021400140006080800AC70623B55019EA25F0000007C000000070000000000000000000000000095020000636E782E786D6C504B
  310
01021400140006080800AC70623BB5D38BAD72010000D40300000C00000000000000000000000000190300006662782F636F72652E786D6C504B01021400140006080800AC70623B09885E1C7E0000009D0000000B00000000000000000000000000B50400006662782F636E782E786D6C504B01021400140006080800AC70
  310
623B961D28872A0100001202000031000000000000000000000000005C0500006662782F33394334313030352D393437462D344341332D393833322D3144373644414336394143352F636F72652E786D6C504B01021400140006080800AC70623B503B51794E010000330300003000000000000000000000000000D5060000
  310
6662782F33394334313030352D393437462D344341332D393833322D3144373644414336394143352F636E782E786D6C504B01021400140006080800AC70623B2EA4D28F640500003C1000003400000000000000000000000000710800006662782F33394334313030352D393437462D344341332D393833322D3144373644
  310
414336394143352F6F626A656374732E786D6C504B01021400140006080000AC70623B0000000000000000000000003500000000000000000000000000270E00006662782F33394334313030352D393437462D344341332D393833322D3144373644414336394143352F76657274696365732E62696E504B01021400140006
  310
080800AC70623BF270F133060000000400000036000000000000000000000000007A0E00006662782F33394334313030352D393437462D344341332D393833322D3144373644414336394143352F747269616E676C65732E62696E504B01021400140006080000AC70623B0000000000000000000000003700000000000000
  310
000000000000D40E00006662782F33394334313030352D393437462D344341332D393833322D3144373644414336394143352F617474726962757465732E62696E504B01021400140006080800AC70623B08DA0BD190000000410100003600000000000000000000000000290F00006662782F33394334313030352D393437
  310
462D344341332D393833322D3144373644414336394143352F6469726563746F72792E786D6C504B01021400140006080800AC70623B95BFD5E5FE000000A00100003B000000000000000000000000000D1000006662782F33394334313030352D393437462D344341332D393833322D3144373644414336394143352F7265
  310
736F75726365732F636F72652E786D6C504B0506000000000E000E0080040000641100000000
  0
XRECORD
  5
10D
  102
{ACAD_REACTORS
  330
10B
  102
}
  330
10B
  100
AcDbXrecord
  280
1
  270
1
  271
1
  0
XRECORD
  5
10C
  102
{ACAD_REACTORS
  330
10B
  102
}
  330
10B
  100
AcDbXrecord
  280
1
  270
1
  271
1
  0
XRECORD
  5
187
  102
{ACAD_REACTORS
  330
10B
  102
}
  330
10B
  100
AcDbXrecord
  280
1
  70
0
  90
1778669749
  1
7E355024-1ABF-47F9-966E-F2159FBE82AB
  310
504B03040A0000080000AC70623B3DEE336E79000000790000001B0000006175746F6465736B2D64657369676E2D7061636B6167652E786D6C3C3F786D6C2076657273696F6E3D22312E302220656E636F64696E673D227574662D3822203F3E3C666F726D6174733E3C666F726D61743E687474703A2F2F736368656D612E
  310
6175746F6465736B2E636F6D2F64657369676E2D7061636B6167652F323030393C2F666F726D61743E3C2F666F726D6174733E504B0304140006080800AC70623BD486FD9CA0000000F4000000130000005B436F6E74656E745F54797065735D2E786D6C7D8EC10E82300C865F65E91D8A1E8C310C0EEA1BF002731658846E
  310
D98AC1B77784ABF1D8FE5FBFBF75BBCE937A534CCEB38643598122B6FEE978D0B0485F9C41B54DDD7D022595594E1A469170414C76A4D9A4D207E29CF43ECE46F218070CC6BECC4078ACAA135ACF422C856C0E68EA1BF5669944DDD7BCDE7B1F8E415D77AECB980613C2E4AC91FC167A2B244592486606FC29C8FD7F045B9A
  310
EF7053A7E60B504B0304140006080800AC70623BDCE527C8EB0000007C01000008000000636F72652E786D6C8D90416EC3201045AF82665B6103B15DC7C24471249FA01740405C94182C03558F5F9C3852BBEB6A467FFE9B197D7EFA9EEFE8CBACC17AD7032D0820E394D7D64D3DA478C52DA093E0ABF7F1970D9093B3E961
  310
9341F069F569D925E55D342E66D5796D76518660222075CF4D0F417D9A591632C5EC08B76291EA262753D05797E194AC46CF2356E77DF66ACD0A621C9B73335C463C5E0E1457EC9DE2A1612D3E9233A92BD2D66333F07283058F767EDD57AB91D168108C9023A61413F641AB8ED41DABDF48DB11C2CBCDFE074A8BFE2794AC
  310
8B07B6BFFBC402089A1F790C042FB72C72790495EB969BF801504B0304140006080800AC70623B55019EA25F0000007C00000007000000636E782E786D6C4DCB3B0E80201045D1AD90E915ED2CF8AC45050C11660C8261F98AB1B07AC9C97D42D718D865D3E909258CFD00CCE24AC6E326A164D74DC0B4128928FF32603847
  310
2BA13128B1252AC747C6BAB984FC68F0B87FE8960A5C09FE86CFB69FBA01504B0304140006080800AC70623BB24894EB71010000D40300000C0000006662782F636F72652E786D6CC5535B6E833010BC8AE5DF0A6C085012194749244ED00B38E05014B091B1518EDFE511A5A9D228FD2A1F60CDEC7A67C6986D2F6D830669
  310
FA5AAB0C073EC548AA4297B5AA32ECECC94B31DA7266B4B6DFCA3052A295191E61CC5965B4EB16A8D0CA4A650155BA940B28FA5E5A8C8A061619EE8B4FD90A5F380B15FDD9EF44711695F4031F68A8E3ACB70604A079C8F8C6FC74BC3032E39C3957970B5B9730AD3ED5D2609EE7C92ED91F722F3FAC022F0ADF036F9F84A9
  310
B7A63B1A47348DF364CFC8D8CC99ADDBABBAC2486165897948E9DA0B028F861F41B4A1F1268CDF68BAA19491B1FCAEC975E58B4DAE5676152E72E7B61EF300844CC40FB7109145BD18400FE18C8C21C2674AF83E68080442B6E2D85C7D9C011A6461B5898029B5BB5183689C84A9D4A7D3837E5F303277C2D4697370FD7046
  310
F8F28CE73BC2510B5581096161797476D4C9660D4B689D34DE602F4869D38AE6351B4F1CFE89BA897F28A9D08D36FFA5882C074496DF838CF7917F01504B0304140006080800AC70623B3A54DFB77D0000009D0000000B0000006662782F636E782E786D6C4DCCD10A83201805E05791FFDEA5EBA76DA046A37C8F581632D3
  310
613AF6F8B3D1C52E0E073E0E47B49FD591B7899B0D5E023F3120C63FC264FD2221A7995E81B44AC410D2DF0C881F5723616750628921BF0E9ACC3C66978A3AEB9F07B2A6D77AB87514F95953EC39D20EEF9C6AD60C88BC2EB940A544F57B2ABD1FAB2F504B0304140006080800AC70623B4A17098729010000120200003100
  310
00006662782F30364446464539412D343132462D344431342D413442312D4630364534343133343431372F636F72652E786D6C8D515B6EC32010BC0AE22B55850D0E76930813A54A7C825E80DA244589C1E251E5F85D6A476AFFF2018B7667666759B1BF8F37F4AD7D30CEB6981514236D7B37187B69718A67B2C1682F8577
  310
2EFE816164D5A85B9CD3588A8B77695A52BDB351DB0859EB06BD2455083A62D4DFE0D1E2D07FE951152A4540846B31A9FEAA2EBA600594012745881E0CA0B949BEB1A4CDB1EB4EDB03E1ACEA083F324E0EFC9D918E3627CED91ACE9B2867A214299961A19B01EC98B3D1FE59914C96229AF161BFF75A453D605951BA258C11
  310
5A7D30BEA3F5AEAA5FE96647A92833FC1F294DC393A4646C5C578BDD9916B064A29C0B520C2E7DDE1E66F47D723EA2DC6F1574FF02531594D6AC69443903617C506CF8A218A2F3F0BDABEB2760593DCB365C8A326F08C2EFFA20E66DCA1F504B0304140006080800AC70623B503B51794E0100003303000030000000666278
  310
2F30364446464539412D343132462D344431342D413442312D4630364534343133343431372F636E782E786D6CD593C16EC32010447F0571AD6CE3D489D20813A9877E410FBD62D82434182CC055F3F75D1292E692438FBD206B7698593D61BEFD1E2DF982108D773D6D6B460938E5B571FB9ECE6957AD29D90A1EBC4F7736
  310
4A9C1CA1A759A682EF839FA72269D8C9D92654AD71C72206887E0E0A22CAF926B15E498B01E0AA19451807D01A34B919F16B070157417138917400F2F6FA41FCF0092A45DEE414C19BDC21783E4BD39D891265658C3D8DEA00A3ACE59CBC8678ACB54CB26EEB6BD7839D7E9348BE70AD9C8321B9BCA7F9A4A26C542347DEE0
  310
50F09802D22BA6749A800A394DD62899107273365E3C82CFC6A55557BC06C10774B7ABE7AEC3B0F34CF06446280E154026D0542C187BA9DAB6628BF7B6DBB0E566B17C62EB0D63BCC976C107EF6DB9843110FC449477095CA2A2E54D1E3FC2577C449B80AC7D38FD01240228AD173AB78CFFCCA739BF6FC415F02F103F504B
  310
0304140006080800AC70623BD8F6D0D5660500003B100000340000006662782F30364446464539412D343132462D344431342D413442312D4630364534343133343431372F6F626A656374732E786D6CAD575B8F9B3814FE2B887D064292B964C5504D92491555D3568D5AEDC348910187610730B2CD4C667FFD7E06438024
  310
6DF6928780CDF1B97EE762EFC33E4B8D57CA45C2F23BD3B547A641F39045491EDF99A5DC59B7A6F1C1F73863B243661A39C9E89DA9B64DDF8B392B0BBD15D11D295339D85DCDFF304448736A1A614A84B83345F84C33629352B2888A173B2292D8F16E6FBB764DD8671B73523C0F981684D35C4253ECE7E062D44AB9FDE5C8
  310
747CCF51DF7D4FFD6BAAC9792AA7B2A72F3FC985247978246CC066E24E970FE3AB9975359D4EACE9F5D8B5E6ABF9D2726F26A3C5F56231BB7F9841B0901C9CB4269CEE4CFF237CC393D073EA4FADC65AF1532A852CCF6958D90F0B2B9D35C78816348F10C7840A48EB583DEA2F5DE59BCEE7895A6B91DDEDCBACEA9EE8306A
  310
746F9E5D4D59F0274C1097A0820BAA5055FB471B5AE36F74F05AC058AABF25C2C888A43C21A991260127FCDDF441AA487CAFC746A1932B842B0B4CDF3DF0EBEA8AD4F835764F69B92BD35441D3F42B646F817F2A45A559F217E5A7A54127C4AA4C7279AB0D92EF0535FD99E7549BBEA71E93B1FE583BD2D8A52446C86166FD
  310
7560E842E5DE7A69FA9F56C17EA3F2F1B4F082B38272A9E0036835816B9ECA4B5AAC7B51E4D40118D3F3F9C129DFE0F9CF48DF832A881B4FF6D3FD544B919CE462C77886D8D8A3EA678C9A17AB7D3B7E413D1B501FD3B43BFF8AD8735A65FB05E35CFC002E159ADBFF1EBFBECFBA48ED84CFF75E91608C4FB42B372149517A
  310
1E931C0151A03452862DD4F25DB037FD352A252A3B4E91D46F1D72F4E239AFF88EFF9A37AA5525BEF3CC11D041BDBDA0F2C397555A40B7336039AA9395606DDC399F5FFD2F3973BFDC7CDA947C4742FAA80BCB92EE923C91E89D07F07615EA05A267D10B7D7F633C82A1C741D8748390695102DE563E578E8F9B66A11607C9
  310
3D0121CEC54CD53CEF17121E1311D2342539656523A56D430AAB6D91D17302B2B076E8643C4031A7AF899A247A143DB5D0EB439E14CA656DD36BEBB47DC696EFEBCF0025E8531690F440141CAA7DC852C6B7C1FBB62E8426B087237D70FFE8A35B3BD4515C00F80ACA4DC5D11EDE46C96E570A94DD134EFCB15E7403D5D691
  310
E397267F1A89754A4E519C917A846BF43632310F7082BECEF26D822E8EAC3C29BC2B7B2840547CCFF00FCAACD8928C95B9BCC44DA3C69E46FB96797788116F4486CFA6BFA99ED61C153BA2D121543D10A80E74C2A65E786E1E265757A3F1D472EFE72B6B7AB39A59B3EBEB076B3576AF66ABF9C3EDF87EDE6A5469E27B4D83
  310
EAA620BC8986E8953CD16EFEBE3E64ADE93F12299C8F753E3971FDFCBEB631157B0ECE00DFEDC17556A434A3B9240ABD8FEA25FD463054F478D4FBEB8CC4F4022E5F3E6E063A60E782735F55A6D1B7C159BDBB50B97092897C2EB32027493A38A80DB78B3CD66637AE6C9F75416F966AA5FD893154B03489506F2223A62CA3
  310
1255E78262CF332A8098EE501EE9CBC305A75FEB71509220A58D26CF0413712A806AC0AD0C657FDFF80D139C1AA2EE4CF43AFB057F3A114D03A1BE3351DE6412526107E88E6AEEA998030218C2DA1A08A8913C4E3158D787DA757B4AF906E5070D50CB6F492E1996B45DBDBA9B91A240D3EE55D54A372D20FC478637EA1844
  310
E23528656BCB61A335A61283CCAA8DD257034C102F5AF41EF9F573B35CBBA2E979E4A26BD24F415073B524E171752D50FA6995EE975F1D4C02C6FA8B51A4658C585ECEC9E214602E558203454085E6591009A82E7E7FFACA19AEA299B14A0081A705CB3296EBC5BDBECA1A9B675C4CA3279405AA6E1F623C72DDA76AE8D7F7
  310
906D4004B549245EB0D1249CB260803500F2A89BEA10382A0603F2F5D2D00D630AA615688F66D2FA166E2079D4C551A54AB758163F9DFB9D8A1460E098D8FDBF01504B0304140006080000AC70623B000000000000000000000000350000006662782F30364446464539412D343132462D344431342D413442312D46303645
  310
34343133343431372F76657274696365732E62696E504B0304140006080800AC70623BF270F1330600000004000000360000006662782F30364446464539412D343132462D344431342D413442312D4630364534343133343431372F747269616E676C65732E62696E636660600000504B0304140006080000AC70623B0000
  310
00000000000000000000370000006662782F30364446464539412D343132462D344431342D413442312D4630364534343133343431372F617474726962757465732E62696E504B0304140006080800AC70623B08DA0BD19000000041010000360000006662782F30364446464539412D343132462D344431342D413442312D
  310
4630364534343133343431372F6469726563746F72792E786D6C858F410AC3201045AF22B36F53E9A60B35CBEEBAE80D244E44489C6234F4F835464A48035D0DF398FF9F8AF63D0E6CC63039F212F8F9020C7D47C6792B21C5FE7403D62A1188E2E60C98D7234A5830286103A55745067B9D86B8A3CF9C7F90C11DE607FB14
  310
4396D7B6A82D282E9A152AD114D5EF2CB866EEE831B8EEA07A7BB5A8D7D61A2BAAEB7FD5F70921FF497D00504B0304140006080800AC70623BB40F7AF9FE000000A00100003B0000006662782F30364446464539412D343132462D344431342D413442312D4630364534343133343431372F7265736F75726365732F636F72
  310
652E786D6C8D504B6E833010BD0A9A6D65B00950828CA3109513F4029699502BC146FE543D7E4D42A576D7CDCCE87D344F8F9FBE967BF689CE6B6B7A6039850C8DB29336730F315C490BD94970676DF82583CCC8057BD860107C7636AE3BA4AC096842428D9D7007A5F7182053F774F4E0D5072E3297312485BFE5AB543739
  310
63CEF244279DE03EB814207B3ED9260887DE46A7D0F3E2C90A1EA39E768D9ED24F7DD5E8408C63736E86CB1B192F0746AAF29591A1295B72A4675A57B4ADC766E0C566163CE8E527A37228034E204A4A8F843142CB775675B4EECAFA85B61DA5BCD8E47F4C719DFE698ADA8443B9C77DDA3C0896823C08C18BADAFB41E65A6
  310
BD752BBE01504B010214000A0000080000AC70623B3DEE336E79000000790000001B00000000000000000000000000000000006175746F6465736B2D64657369676E2D7061636B6167652E786D6C504B01021400140006080800AC70623BD486FD9CA0000000F40000001300000000000000000000000000B20000005B436F
  310
6E74656E745F54797065735D2E786D6C504B01021400140006080800AC70623BDCE527C8EB0000007C010000080000000000000000000000000083010000636F72652E786D6C504B01021400140006080800AC70623B55019EA25F0000007C000000070000000000000000000000000094020000636E782E786D6C504B0102
  310
1400140006080800AC70623BB24894EB71010000D40300000C00000000000000000000000000180300006662782F636F72652E786D6C504B01021400140006080800AC70623B3A54DFB77D0000009D0000000B00000000000000000000000000B30400006662782F636E782E786D6C504B01021400140006080800AC70623B
  310
4A17098729010000120200003100000000000000000000000000590500006662782F30364446464539412D343132462D344431342D413442312D4630364534343133343431372F636F72652E786D6C504B01021400140006080800AC70623B503B51794E010000330300003000000000000000000000000000D10600006662
  310
782F30364446464539412D343132462D344431342D413442312D4630364534343133343431372F636E782E786D6C504B01021400140006080800AC70623BD8F6D0D5660500003B10000034000000000000000000000000006D0800006662782F30364446464539412D343132462D344431342D413442312D46303645343431
  310
33343431372F6F626A656374732E786D6C504B01021400140006080000AC70623B0000000000000000000000003500000000000000000000000000250E00006662782F30364446464539412D343132462D344431342D413442312D4630364534343133343431372F76657274696365732E62696E504B010214001400060808
  310
00AC70623BF270F13306000000040000003600000000000000000000000000780E00006662782F30364446464539412D343132462D344431342D413442312D4630364534343133343431372F747269616E676C65732E62696E504B01021400140006080000AC70623B00000000000000000000000037000000000000000000
  310
00000000D20E00006662782F30364446464539412D343132462D344431342D413442312D4630364534343133343431372F617474726962757465732E62696E504B01021400140006080800AC70623B08DA0BD190000000410100003600000000000000000000000000270F00006662782F30364446464539412D343132462D
  310
344431342D413442312D4630364534343133343431372F6469726563746F72792E786D6C504B01021400140006080800AC70623BB40F7AF9FE000000A00100003B000000000000000000000000000B1000006662782F30364446464539412D343132462D344431342D413442312D4630364534343133343431372F7265736F
  310
75726365732F636F72652E786D6C504B0506000000000E000E0080040000621100000000
  0
XRECORD
  5
10E
  102
{ACAD_REACTORS
  330
10B
  102
}
  330
10B
  100
AcDbXrecord
  280
1
  270
1
  271
1
  0
XRECORD
  5
10F
  102
{ACAD_REACTORS
  330
10B
  102
}
  330
10B
  100
AcDbXrecord
  280
1
  270
1
  271
1
  0
XRECORD
  5
33B
  102
{ACAD_REACTORS
  330
33A
  102
}
  330
33A
  100
AcDbXrecord
  280
1
  102
DISPLAYNAME
  1
Imperial24
  102
FLAGS
  90
0
  0
CELLSTYLEMAP
  5
300
  102
{ACAD_REACTORS
  330
FF
  102
}
  330
FF
  100
AcDbCellStyleMap
  90
3
  300
CELLSTYLE
  1
TABLEFORMAT_BEGIN
  90
5
  170
1
  91
0
  92
32768
  62
257
  93
1
  300
CONTENTFORMAT
  1
CONTENTFORMAT_BEGIN
  90
0
  91
0
  92
512
  93
0
  300

  40
0
  140
1
  94
5
  62
0
  340
11
  144
0.25
  309
CONTENTFORMAT_END
  171
1
  301
MARGIN
  1
CELLMARGIN_BEGIN
  40
0.06
  40
0.06
  40
0.06
  40
0.06
  40
0.18
  40
0.18
  309
CELLMARGIN_END
  94
6
  95
1
  302
GRIDFORMAT
  1
GRIDFORMAT_BEGIN
  90
0
  91
1
  62
0
  92
-2
  340
0
  93
0
  40
0.045
  309
GRIDFORMAT_END
  95
2
  302
GRIDFORMAT
  1
GRIDFORMAT_BEGIN
  90
0
  91
1
  62
0
  92
-2
  340
0
  93
0
  40
0.045
  309
GRIDFORMAT_END
  95
4
  302
GRIDFORMAT
  1
GRIDFORMAT_BEGIN
  90
0
  91
1
  62
0
  92
-2
  340
0
  93
0
  40
0.045
  309
GRIDFORMAT_END
  95
8
  302
GRIDFORMAT
  1
GRIDFORMAT_BEGIN
  90
0
  91
1
  62
0
  92
-2
  340
0
  93
0
  40
0.045
  309
GRIDFORMAT_END
  95
16
  302
GRIDFORMAT
  1
GRIDFORMAT_BEGIN
  90
0
  91
1
  62
0
  92
-2
  340
0
  93
0
  40
0.045
  309
GRIDFORMAT_END
  95
32
  302
GRIDFORMAT
  1
GRIDFORMAT_BEGIN
  90
0
  91
1
  62
0
  92
-2
  340
0
  93
0
  40
0.045
  309
GRIDFORMAT_END
  309
TABLEFORMAT_END
  1
CELLSTYLE_BEGIN
  90
1
  91
1
  300
_TITLE
  309
CELLSTYLE_END
  300
CELLSTYLE
  1
TABLEFORMAT_BEGIN
  90
5
  170
1
  91
0
  92
0
  62
257
  93
1
  300
CONTENTFORMAT
  1
CONTENTFORMAT_BEGIN
  90
0
  91
0
  92
512
  93
0
  300

  40
0
  140
1
  94
5
  62
0
  340
11
  144
0.18
  309
CONTENTFORMAT_END
  171
1
  301
MARGIN
  1
CELLMARGIN_BEGIN
  40
0.06
  40
0.06
  40
0.06
  40
0.06
  40
0.18
  40
0.18
  309
CELLMARGIN_END
  94
6
  95
1
  302
GRIDFORMAT
  1
GRIDFORMAT_BEGIN
  90
0
  91
1
  62
0
  92
-2
  340
0
  93
0
  40
0.045
  309
GRIDFORMAT_END
  95
2
  302
GRIDFORMAT
  1
GRIDFORMAT_BEGIN
  90
0
  91
1
  62
0
  92
-2
  340
0
  93
0
  40
0.045
  309
GRIDFORMAT_END
  95
4
  302
GRIDFORMAT
  1
GRIDFORMAT_BEGIN
  90
0
  91
1
  62
0
  92
-2
  340
0
  93
0
  40
0.045
  309
GRIDFORMAT_END
  95
8
  302
GRIDFORMAT
  1
GRIDFORMAT_BEGIN
  90
0
  91
1
  62
0
  92
-2
  340
0
  93
0
  40
0.045
  309
GRIDFORMAT_END
  95
16
  302
GRIDFORMAT
  1
GRIDFORMAT_BEGIN
  90
0
  91
1
  62
0
  92
-2
  340
0
  93
0
  40
0.045
  309
GRIDFORMAT_END
  95
32
  302
GRIDFORMAT
  1
GRIDFORMAT_BEGIN
  90
0
  91
1
  62
0
  92
-2
  340
0
  93
0
  40
0.045
  309
GRIDFORMAT_END
  309
TABLEFORMAT_END
  1
CELLSTYLE_BEGIN
  90
2
  91
1
  300
_HEADER
  309
CELLSTYLE_END
  300
CELLSTYLE
  1
TABLEFORMAT_BEGIN
  90
5
  170
1
  91
0
  92
0
  62
257
  93
1
  300
CONTENTFORMAT
  1
CONTENTFORMAT_BEGIN
  90
0
  91
0
  92
512
  93
0
  300

  40
0
  140
1
  94
2
  62
0
  340
11
  144
0.18
  309
CONTENTFORMAT_END
  171
1
  301
MARGIN
  1
CELLMARGIN_BEGIN
  40
0.06
  40
0.06
  40
0.06
  40
0.06
  40
0.18
  40
0.18
  309
CELLMARGIN_END
  94
6
  95
1
  302
GRIDFORMAT
  1
GRIDFORMAT_BEGIN
  90
0
  91
1
  62
0
  92
-2
  340
0
  93
0
  40
0.045
  309
GRIDFORMAT_END
  95
2
  302
GRIDFORMAT
  1
GRIDFORMAT_BEGIN
  90
0
  91
1
  62
0
  92
-2
  340
0
  93
0
  40
0.045
  309
GRIDFORMAT_END
  95
4
  302
GRIDFORMAT
  1
GRIDFORMAT_BEGIN
  90
0
  91
1
  62
0
  92
-2
  340
0
  93
0
  40
0.045
  309
GRIDFORMAT_END
  95
8
  302
GRIDFORMAT
  1
GRIDFORMAT_BEGIN
  90
0
  91
1
  62
0
  92
-2
  340
0
  93
0
  40
0.045
  309
GRIDFORMAT_END
  95
16
  302
GRIDFORMAT
  1
GRIDFORMAT_BEGIN
  90
0
  91
1
  62
0
  92
-2
  340
0
  93
0
  40
0.045
  309
GRIDFORMAT_END
  95
32
  302
GRIDFORMAT
  1
GRIDFORMAT_BEGIN
  90
0
  91
1
  62
0
  92
-2
  340
0
  93
0
  40
0.045
  309
GRIDFORMAT_END
  309
TABLEFORMAT_END
  1
CELLSTYLE_BEGIN
  90
3
  91
2
  300
_DATA
  309
CELLSTYLE_END
  0
XRECORD
  5
315
  102
{ACAD_REACTORS
  330
314
  102
}
  330
314
  100
AcDbXrecord
  280
1
  102
RTVSPost2010Prop28
  280
1
  102
RTVSPost2010PropOp28
  70
1
  102
RTVSPost2010Prop29
  280
1
  102
RTVSPost2010PropOp29
  70
1
  102
RTVSPost2010Prop30
  280
0
  102
RTVSPost2010PropOp30
  70
1
  102
RTVSPost2010Prop31
  280
0
  102
RTVSPost2010PropOp31
  70
1
  102
RTVSPost2010Prop32
  280
0
  102
RTVSPost2010PropOp32
  70
1
  102
RTVSPost2010Prop33
  280
0
  102
RTVSPost2010PropOp33
  70
1
  102
RTVSPost2010Prop34
  280
0
  102
RTVSPost2010PropOp34
  70
1
  102
RTVSPost2010Prop35
  280
0
  102
RTVSPost2010PropOp35
  70
1
  102
RTVSPost2010Prop36
  280
0
  102
RTVSPost2010PropOp36
  70
1
  102
RTVSPost2010Prop37
  90
50
  102
RTVSPost2010PropOp37
  70
1
  102
RTVSPost2010Prop38
  140
0
  102
RTVSPost2010PropOp38
  70
1
  102
RTVSPost2010Prop39
  140
1
  102
RTVSPost2010PropOp39
  70
1
  102
RTVSPost2010Prop40
  90
0
  102
RTVSPost2010PropOp40
  70
1
  102
RTVSPost2010Prop41ColorIndex
  90
18
  102
RTVSPost2010Prop41ColorRGB
  90
0
  102
RTVSPost2010PropOp41
  70
1
  102
RTVSPost2010Prop42
  90
50
  102
RTVSPost2010PropOp42
  70
1
  102
RTVSPost2010Prop43
  90
3
  102
RTVSPost2010PropOp43
  70
1
  102
RTVSPost2010Prop44ColorIndex
  90
5
  102
RTVSPost2010Prop44ColorRGB
  90
255
  102
RTVSPost2010PropOp44
  70
1
  102
RTVSPost2010Prop45
  280
0
  102
RTVSPost2010PropOp45
  70
1
  102
RTVSPost2010Prop46
  90
50
  102
RTVSPost2010PropOp46
  70
1
  102
RTVSPost2010Prop47
  90
50
  102
RTVSPost2010PropOp47
  70
1
  102
RTVSPost2010Prop48
  90
50
  102
RTVSPost2010PropOp48
  70
1
  102
RTVSPost2010Prop49
  280
0
  102
RTVSPost2010PropOp49
  70
1
  102
RTVSPost2010Prop50
  90
50
  102
RTVSPost2010PropOp50
  70
1
  102
RTVSPost2010Prop51ColorIndex
  90
256
  102
RTVSPost2010Prop51ColorRGB
  90
-16777216
  102
RTVSPost2010PropOp51
  70
0
  102
RTVSPost2010Prop52
  140
1
  102
RTVSPost2010PropOp52
  70
0
  102
RTVSPost2010Prop53
  90
2
  102
RTVSPost2010PropOp53
  70
1
  102
RTVSPost2010Prop54
  1
strokes_ogs.tif
  102
RTVSPost2010PropOp54
  70
1
  102
RTVSPost2010Prop55
  280
0
  102
RTVSPost2010PropOp55
  70
1
  102
RTVSPost2010Prop56
  140
1
  102
RTVSPost2010PropOp56
  70
1
  102
RTVSPost2010Prop57
  140
1
  102
RTVSPost2010PropOp57
  70
1
  102
RTVSPropertyOp0
  70
1
  102
RTVSPropertyOp1
  70
1
  102
RTVSPropertyOp2
  70
1
  102
RTVSPropertyOp3
  70
1
  102
RTVSPropertyOp4
  70
1
  102
RTVSPropertyOp5
  70
1
  102
RTVSPropertyOp6
  70
1
  102
RTVSPropertyOp7
  70
1
  102
RTVSPropertyOp8
  70
1
  102
RTVSPropertyOp9
  70
1
  102
RTVSPropertyOp10
  70
1
  102
RTVSPropertyOp11
  70
1
  102
RTVSPropertyOp12
  70
1
  102
RTVSPropertyOp13
  70
1
  102
RTVSPropertyOp14
  70
1
  102
RTVSPropertyOp15
  70
1
  102
RTVSPropertyOp16
  70
1
  102
RTVSPropertyOp17
  70
1
  102
RTVSPropertyOp18
  70
1
  102
RTVSPropertyOp19
  70
1
  102
RTVSPropertyOp20
  70
1
  102
RTVSPropertyOp21
  70
1
  102
RTVSPropertyOp22
  70
1
  102
RTVSPropertyOp23
  70
1
  102
RTVSPropertyOp24
  70
1
  102
RTVSPropertyOp25
  70
1
  102
RTVSPropertyOp26
  70
1
  102
RTVSPropertyOp27
  70
1
  102
RTVSPropertyOp28
  70
1
  102
RTVSPropertyOp29
  70
1
  102
RTVSPropertyOp30
  70
1
  102
RTVSPropertyOp31
  70
1
  102
RTVSPropertyOp32
  70
1
  102
RTVSPropertyOp33
  70
1
  102
RTVSPropertyOp34
  70
1
  102
RTVSPropertyOp35
  70
1
  102
RTVSPropertyOp36
  70
1
  102
RTVSPropertyOp37
  70
1
  102
RTVSPropertyOp38
  70
1
  102
RTVSPropertyOp39
  70
1
  102
RTVSPropertyOp40
  70
1
  102
RTVSPropertyOp41
  70
1
  102
RTVSPropertyOp42
  70
1
  102
RTVSPropertyOp43
  70
1
  102
RTVSPropertyOp44
  70
1
  102
RTVSPropertyOp45
  70
1
  102
RTVSPropertyOp46
  70
1
  102
RTVSPropertyOp47
  70
1
  102
RTVSPropertyOp48
  70
1
  102
RTVSPropertyOp49
  70
1
  102
RTVSPropertyOp50
  70
1
  102
RTVSPropertyOp51
  70
0
  102
RTVSPropertyOp52
  70
0
  102
RTVSPropertyOp53
  70
1
  102
RTVSPropertyOp54
  70
1
  102
RTVSPropertyOp55
  70
1
  102
RTVSPropertyOp56
  70
1
  102
RTVSPropertyOp57
  70
1
  102
RTVSPropertyOp58
  70
1
  102
RTVSPropertyOp59
  70
1
  102
RTVSPropertyOp60
  70
1
  102
RTVSPropertyOp61
  70
1
  102
RTVSPropertyOp62
  70
1
  0
XRECORD
  5
313
  102
{ACAD_REACTORS
  330
312
  102
}
  330
312
  100
AcDbXrecord
  280
1
  102
RTVSPost2010Prop28
  280
0
  102
RTVSPost2010PropOp28
  70
1
  102
RTVSPost2010Prop29
  280
1
  102
RTVSPost2010PropOp29
  70
1
  102
RTVSPost2010Prop30
  280
1
  102
RTVSPost2010PropOp30
  70
1
  102
RTVSPost2010Prop31
  280
0
  102
RTVSPost2010PropOp31
  70
1
  102
RTVSPost2010Prop32
  280
0
  102
RTVSPost2010PropOp32
  70
1
  102
RTVSPost2010Prop33
  280
0
  102
RTVSPost2010PropOp33
  70
1
  102
RTVSPost2010Prop34
  280
0
  102
RTVSPost2010PropOp34
  70
1
  102
RTVSPost2010Prop35
  280
0
  102
RTVSPost2010PropOp35
  70
1
  102
RTVSPost2010Prop36
  280
0
  102
RTVSPost2010PropOp36
  70
1
  102
RTVSPost2010Prop37
  90
50
  102
RTVSPost2010PropOp37
  70
1
  102
RTVSPost2010Prop38
  140
0
  102
RTVSPost2010PropOp38
  70
1
  102
RTVSPost2010Prop39
  140
1
  102
RTVSPost2010PropOp39
  70
1
  102
RTVSPost2010Prop40
  90
0
  102
RTVSPost2010PropOp40
  70
1
  102
RTVSPost2010Prop41ColorIndex
  90
18
  102
RTVSPost2010Prop41ColorRGB
  90
0
  102
RTVSPost2010PropOp41
  70
1
  102
RTVSPost2010Prop42
  90
50
  102
RTVSPost2010PropOp42
  70
1
  102
RTVSPost2010Prop43
  90
3
  102
RTVSPost2010PropOp43
  70
1
  102
RTVSPost2010Prop44ColorIndex
  90
5
  102
RTVSPost2010Prop44ColorRGB
  90
255
  102
RTVSPost2010PropOp44
  70
1
  102
RTVSPost2010Prop45
  280
0
  102
RTVSPost2010PropOp45
  70
1
  102
RTVSPost2010Prop46
  90
50
  102
RTVSPost2010PropOp46
  70
1
  102
RTVSPost2010Prop47
  90
50
  102
RTVSPost2010PropOp47
  70
1
  102
RTVSPost2010Prop48
  90
50
  102
RTVSPost2010PropOp48
  70
1
  102
RTVSPost2010Prop49
  280
0
  102
RTVSPost2010PropOp49
  70
1
  102
RTVSPost2010Prop50
  90
50
  102
RTVSPost2010PropOp50
  70
1
  102
RTVSPost2010Prop51ColorIndex
  90
256
  102
RTVSPost2010Prop51ColorRGB
  90
-16777216
  102
RTVSPost2010PropOp51
  70
0
  102
RTVSPost2010Prop52
  140
1
  102
RTVSPost2010PropOp52
  70
0
  102
RTVSPost2010Prop53
  90
2
  102
RTVSPost2010PropOp53
  70
1
  102
RTVSPost2010Prop54
  1
strokes_ogs.tif
  102
RTVSPost2010PropOp54
  70
1
  102
RTVSPost2010Prop55
  280
0
  102
RTVSPost2010PropOp55
  70
1
  102
RTVSPost2010Prop56
  140
1
  102
RTVSPost2010PropOp56
  70
1
  102
RTVSPost2010Prop57
  140
1
  102
RTVSPost2010PropOp57
  70
1
  102
RTVSPropertyOp0
  70
1
  102
RTVSPropertyOp1
  70
1
  102
RTVSPropertyOp2
  70
1
  102
RTVSPropertyOp3
  70
1
  102
RTVSPropertyOp4
  70
1
  102
RTVSPropertyOp5
  70
1
  102
RTVSPropertyOp6
  70
1
  102
RTVSPropertyOp7
  70
1
  102
RTVSPropertyOp8
  70
1
  102
RTVSPropertyOp9
  70
1
  102
RTVSPropertyOp10
  70
1
  102
RTVSPropertyOp11
  70
1
  102
RTVSPropertyOp12
  70
1
  102
RTVSPropertyOp13
  70
1
  102
RTVSPropertyOp14
  70
1
  102
RTVSPropertyOp15
  70
1
  102
RTVSPropertyOp16
  70
1
  102
RTVSPropertyOp17
  70
1
  102
RTVSPropertyOp18
  70
1
  102
RTVSPropertyOp19
  70
1
  102
RTVSPropertyOp20
  70
1
  102
RTVSPropertyOp21
  70
1
  102
RTVSPropertyOp22
  70
1
  102
RTVSPropertyOp23
  70
1
  102
RTVSPropertyOp24
  70
1
  102
RTVSPropertyOp25
  70
1
  102
RTVSPropertyOp26
  70
1
  102
RTVSPropertyOp27
  70
1
  102
RTVSPropertyOp28
  70
1
  102
RTVSPropertyOp29
  70
1
  102
RTVSPropertyOp30
  70
1
  102
RTVSPropertyOp31
  70
1
  102
RTVSPropertyOp32
  70
1
  102
RTVSPropertyOp33
  70
1
  102
RTVSPropertyOp34
  70
1
  102
RTVSPropertyOp35
  70
1
  102
RTVSPropertyOp36
  70
1
  102
RTVSPropertyOp37
  70
1
  102
RTVSPropertyOp38
  70
1
  102
RTVSPropertyOp39
  70
1
  102
RTVSPropertyOp40
  70
1
  102
RTVSPropertyOp41
  70
1
  102
RTVSPropertyOp42
  70
1
  102
RTVSPropertyOp43
  70
1
  102
RTVSPropertyOp44
  70
1
  102
RTVSPropertyOp45
  70
1
  102
RTVSPropertyOp46
  70
1
  102
RTVSPropertyOp47
  70
1
  102
RTVSPropertyOp48
  70
1
  102
RTVSPropertyOp49
  70
1
  102
RTVSPropertyOp50
  70
1
  102
RTVSPropertyOp51
  70
0
  102
RTVSPropertyOp52
  70
0
  102
RTVSPropertyOp53
  70
1
  102
RTVSPropertyOp54
  70
1
  102
RTVSPropertyOp55
  70
1
  102
RTVSPropertyOp56
  70
1
  102
RTVSPropertyOp57
  70
1
  102
RTVSPropertyOp58
  70
1
  102
RTVSPropertyOp59
  70
1
  102
RTVSPropertyOp60
  70
1
  102
RTVSPropertyOp61
  70
1
  102
RTVSPropertyOp62
  70
1
  0
XRECORD
  5
321
  102
{ACAD_REACTORS
  330
320
  102
}
  330
320
  100
AcDbXrecord
  280
1
  102
RTVSPost2010Prop28
  280
0
  102
RTVSPost2010PropOp28
  70
1
  102
RTVSPost2010Prop29
  280
1
  102
RTVSPost2010PropOp29
  70
1
  102
RTVSPost2010Prop30
  280
1
  102
RTVSPost2010PropOp30
  70
1
  102
RTVSPost2010Prop31
  280
0
  102
RTVSPost2010PropOp31
  70
1
  102
RTVSPost2010Prop32
  280
0
  102
RTVSPost2010PropOp32
  70
1
  102
RTVSPost2010Prop33
  280
0
  102
RTVSPost2010PropOp33
  70
1
  102
RTVSPost2010Prop34
  280
0
  102
RTVSPost2010PropOp34
  70
1
  102
RTVSPost2010Prop35
  280
0
  102
RTVSPost2010PropOp35
  70
1
  102
RTVSPost2010Prop36
  280
0
  102
RTVSPost2010PropOp36
  70
1
  102
RTVSPost2010Prop37
  90
50
  102
RTVSPost2010PropOp37
  70
1
  102
RTVSPost2010Prop38
  140
0
  102
RTVSPost2010PropOp38
  70
1
  102
RTVSPost2010Prop39
  140
1
  102
RTVSPost2010PropOp39
  70
1
  102
RTVSPost2010Prop40
  90
0
  102
RTVSPost2010PropOp40
  70
1
  102
RTVSPost2010Prop41ColorIndex
  90
18
  102
RTVSPost2010Prop41ColorRGB
  90
0
  102
RTVSPost2010PropOp41
  70
1
  102
RTVSPost2010Prop42
  90
50
  102
RTVSPost2010PropOp42
  70
1
  102
RTVSPost2010Prop43
  90
3
  102
RTVSPost2010PropOp43
  70
1
  102
RTVSPost2010Prop44ColorIndex
  90
5
  102
RTVSPost2010Prop44ColorRGB
  90
255
  102
RTVSPost2010PropOp44
  70
1
  102
RTVSPost2010Prop45
  280
0
  102
RTVSPost2010PropOp45
  70
1
  102
RTVSPost2010Prop46
  90
50
  102
RTVSPost2010PropOp46
  70
1
  102
RTVSPost2010Prop47
  90
50
  102
RTVSPost2010PropOp47
  70
1
  102
RTVSPost2010Prop48
  90
50
  102
RTVSPost2010PropOp48
  70
1
  102
RTVSPost2010Prop49
  280
0
  102
RTVSPost2010PropOp49
  70
1
  102
RTVSPost2010Prop50
  90
50
  102
RTVSPost2010PropOp50
  70
1
  102
RTVSPost2010Prop51ColorIndex
  90
256
  102
RTVSPost2010Prop51ColorRGB
  90
-16777216
  102
RTVSPost2010PropOp51
  70
0
  102
RTVSPost2010Prop52
  140
1
  102
RTVSPost2010PropOp52
  70
0
  102
RTVSPost2010Prop53
  90
2
  102
RTVSPost2010PropOp53
  70
1
  102
RTVSPost2010Prop54
  1
strokes_ogs.tif
  102
RTVSPost2010PropOp54
  70
1
  102
RTVSPost2010Prop55
  280
0
  102
RTVSPost2010PropOp55
  70
1
  102
RTVSPost2010Prop56
  140
1
  102
RTVSPost2010PropOp56
  70
1
  102
RTVSPost2010Prop57
  140
1
  102
RTVSPost2010PropOp57
  70
1
  102
RTVSPropertyOp0
  70
1
  102
RTVSPropertyOp1
  70
1
  102
RTVSPropertyOp2
  70
1
  102
RTVSPropertyOp3
  70
1
  102
RTVSPropertyOp4
  70
1
  102
RTVSPropertyOp5
  70
1
  102
RTVSPropertyOp6
  70
1
  102
RTVSPropertyOp7
  70
1
  102
RTVSPropertyOp8
  70
1
  102
RTVSPropertyOp9
  70
1
  102
RTVSPropertyOp10
  70
1
  102
RTVSPropertyOp11
  70
1
  102
RTVSPropertyOp12
  70
1
  102
RTVSPropertyOp13
  70
1
  102
RTVSPropertyOp14
  70
1
  102
RTVSPropertyOp15
  70
1
  102
RTVSPropertyOp16
  70
1
  102
RTVSPropertyOp17
  70
1
  102
RTVSPropertyOp18
  70
1
  102
RTVSPropertyOp19
  70
1
  102
RTVSPropertyOp20
  70
1
  102
RTVSPropertyOp21
  70
1
  102
RTVSPropertyOp22
  70
1
  102
RTVSPropertyOp23
  70
1
  102
RTVSPropertyOp24
  70
1
  102
RTVSPropertyOp25
  70
1
  102
RTVSPropertyOp26
  70
1
  102
RTVSPropertyOp27
  70
1
  102
RTVSPropertyOp28
  70
1
  102
RTVSPropertyOp29
  70
1
  102
RTVSPropertyOp30
  70
1
  102
RTVSPropertyOp31
  70
1
  102
RTVSPropertyOp32
  70
1
  102
RTVSPropertyOp33
  70
1
  102
RTVSPropertyOp34
  70
1
  102
RTVSPropertyOp35
  70
1
  102
RTVSPropertyOp36
  70
1
  102
RTVSPropertyOp37
  70
1
  102
RTVSPropertyOp38
  70
1
  102
RTVSPropertyOp39
  70
1
  102
RTVSPropertyOp40
  70
1
  102
RTVSPropertyOp41
  70
1
  102
RTVSPropertyOp42
  70
1
  102
RTVSPropertyOp43
  70
1
  102
RTVSPropertyOp44
  70
1
  102
RTVSPropertyOp45
  70
1
  102
RTVSPropertyOp46
  70
1
  102
RTVSPropertyOp47
  70
1
  102
RTVSPropertyOp48
  70
1
  102
RTVSPropertyOp49
  70
1
  102
RTVSPropertyOp50
  70
1
  102
RTVSPropertyOp51
  70
0
  102
RTVSPropertyOp52
  70
0
  102
RTVSPropertyOp53
  70
1
  102
RTVSPropertyOp54
  70
1
  102
RTVSPropertyOp55
  70
1
  102
RTVSPropertyOp56
  70
1
  102
RTVSPropertyOp57
  70
1
  102
RTVSPropertyOp58
  70
1
  102
RTVSPropertyOp59
  70
1
  102
RTVSPropertyOp60
  70
1
  102
RTVSPropertyOp61
  70
1
  102
RTVSPropertyOp62
  70
1
  0
XRECORD
  5
329
  102
{ACAD_REACTORS
  330
328
  102
}
  330
328
  100
AcDbXrecord
  280
1
  102
RTVSPost2010Prop28
  280
0
  102
RTVSPost2010PropOp28
  70
1
  102
RTVSPost2010Prop29
  280
1
  102
RTVSPost2010PropOp29
  70
1
  102
RTVSPost2010Prop30
  280
1
  102
RTVSPost2010PropOp30
  70
1
  102
RTVSPost2010Prop31
  280
0
  102
RTVSPost2010PropOp31
  70
1
  102
RTVSPost2010Prop32
  280
0
  102
RTVSPost2010PropOp32
  70
1
  102
RTVSPost2010Prop33
  280
0
  102
RTVSPost2010PropOp33
  70
1
  102
RTVSPost2010Prop34
  280
0
  102
RTVSPost2010PropOp34
  70
1
  102
RTVSPost2010Prop35
  280
0
  102
RTVSPost2010PropOp35
  70
1
  102
RTVSPost2010Prop36
  280
0
  102
RTVSPost2010PropOp36
  70
1
  102
RTVSPost2010Prop37
  90
50
  102
RTVSPost2010PropOp37
  70
1
  102
RTVSPost2010Prop38
  140
0
  102
RTVSPost2010PropOp38
  70
1
  102
RTVSPost2010Prop39
  140
1
  102
RTVSPost2010PropOp39
  70
1
  102
RTVSPost2010Prop40
  90
0
  102
RTVSPost2010PropOp40
  70
1
  102
RTVSPost2010Prop41ColorIndex
  90
18
  102
RTVSPost2010Prop41ColorRGB
  90
0
  102
RTVSPost2010PropOp41
  70
1
  102
RTVSPost2010Prop42
  90
50
  102
RTVSPost2010PropOp42
  70
1
  102
RTVSPost2010Prop43
  90
3
  102
RTVSPost2010PropOp43
  70
1
  102
RTVSPost2010Prop44ColorIndex
  90
5
  102
RTVSPost2010Prop44ColorRGB
  90
255
  102
RTVSPost2010PropOp44
  70
1
  102
RTVSPost2010Prop45
  280
0
  102
RTVSPost2010PropOp45
  70
1
  102
RTVSPost2010Prop46
  90
50
  102
RTVSPost2010PropOp46
  70
1
  102
RTVSPost2010Prop47
  90
50
  102
RTVSPost2010PropOp47
  70
1
  102
RTVSPost2010Prop48
  90
50
  102
RTVSPost2010PropOp48
  70
1
  102
RTVSPost2010Prop49
  280
0
  102
RTVSPost2010PropOp49
  70
1
  102
RTVSPost2010Prop50
  90
50
  102
RTVSPost2010PropOp50
  70
1
  102
RTVSPost2010Prop51ColorIndex
  90
256
  102
RTVSPost2010Prop51ColorRGB
  90
-16777216
  102
RTVSPost2010PropOp51
  70
0
  102
RTVSPost2010Prop52
  140
1
  102
RTVSPost2010PropOp52
  70
0
  102
RTVSPost2010Prop53
  90
2
  102
RTVSPost2010PropOp53
  70
1
  102
RTVSPost2010Prop54
  1
strokes_ogs.tif
  102
RTVSPost2010PropOp54
  70
1
  102
RTVSPost2010Prop55
  280
0
  102
RTVSPost2010PropOp55
  70
1
  102
RTVSPost2010Prop56
  140
1
  102
RTVSPost2010PropOp56
  70
1
  102
RTVSPost2010Prop57
  140
1
  102
RTVSPost2010PropOp57
  70
1
  102
RTVSPropertyOp0
  70
1
  102
RTVSPropertyOp1
  70
1
  102
RTVSPropertyOp2
  70
1
  102
RTVSPropertyOp3
  70
1
  102
RTVSPropertyOp4
  70
1
  102
RTVSPropertyOp5
  70
1
  102
RTVSPropertyOp6
  70
1
  102
RTVSPropertyOp7
  70
1
  102
RTVSPropertyOp8
  70
1
  102
RTVSPropertyOp9
  70
1
  102
RTVSPropertyOp10
  70
1
  102
RTVSPropertyOp11
  70
1
  102
RTVSPropertyOp12
  70
1
  102
RTVSPropertyOp13
  70
1
  102
RTVSPropertyOp14
  70
1
  102
RTVSPropertyOp15
  70
1
  102
RTVSPropertyOp16
  70
1
  102
RTVSPropertyOp17
  70
1
  102
RTVSPropertyOp18
  70
1
  102
RTVSPropertyOp19
  70
1
  102
RTVSPropertyOp20
  70
1
  102
RTVSPropertyOp21
  70
1
  102
RTVSPropertyOp22
  70
1
  102
RTVSPropertyOp23
  70
1
  102
RTVSPropertyOp24
  70
1
  102
RTVSPropertyOp25
  70
1
  102
RTVSPropertyOp26
  70
1
  102
RTVSPropertyOp27
  70
1
  102
RTVSPropertyOp28
  70
1
  102
RTVSPropertyOp29
  70
1
  102
RTVSPropertyOp30
  70
1
  102
RTVSPropertyOp31
  70
1
  102
RTVSPropertyOp32
  70
1
  102
RTVSPropertyOp33
  70
1
  102
RTVSPropertyOp34
  70
1
  102
RTVSPropertyOp35
  70
1
  102
RTVSPropertyOp36
  70
1
  102
RTVSPropertyOp37
  70
1
  102
RTVSPropertyOp38
  70
1
  102
RTVSPropertyOp39
  70
1
  102
RTVSPropertyOp40
  70
1
  102
RTVSPropertyOp41
  70
1
  102
RTVSPropertyOp42
  70
1
  102
RTVSPropertyOp43
  70
1
  102
RTVSPropertyOp44
  70
1
  102
RTVSPropertyOp45
  70
1
  102
RTVSPropertyOp46
  70
1
  102
RTVSPropertyOp47
  70
1
  102
RTVSPropertyOp48
  70
1
  102
RTVSPropertyOp49
  70
1
  102
RTVSPropertyOp50
  70
1
  102
RTVSPropertyOp51
  70
0
  102
RTVSPropertyOp52
  70
0
  102
RTVSPropertyOp53
  70
1
  102
RTVSPropertyOp54
  70
1
  102
RTVSPropertyOp55
  70
1
  102
RTVSPropertyOp56
  70
1
  102
RTVSPropertyOp57
  70
1
  102
RTVSPropertyOp58
  70
1
  102
RTVSPropertyOp59
  70
1
  102
RTVSPropertyOp60
  70
1
  102
RTVSPropertyOp61
  70
1
  102
RTVSPropertyOp62
  70
1
  0
XRECORD
  5
31B
  102
{ACAD_REACTORS
  330
31A
  102
}
  330
31A
  100
AcDbXrecord
  280
1
  102
RTVSPost2010Prop28
  280
0
  102
RTVSPost2010PropOp28
  70
1
  102
RTVSPost2010Prop29
  280
1
  102
RTVSPost2010PropOp29
  70
1
  102
RTVSPost2010Prop30
  280
1
  102
RTVSPost2010PropOp30
  70
1
  102
RTVSPost2010Prop31
  280
0
  102
RTVSPost2010PropOp31
  70
1
  102
RTVSPost2010Prop32
  280
0
  102
RTVSPost2010PropOp32
  70
1
  102
RTVSPost2010Prop33
  280
0
  102
RTVSPost2010PropOp33
  70
1
  102
RTVSPost2010Prop34
  280
0
  102
RTVSPost2010PropOp34
  70
1
  102
RTVSPost2010Prop35
  280
0
  102
RTVSPost2010PropOp35
  70
1
  102
RTVSPost2010Prop36
  280
0
  102
RTVSPost2010PropOp36
  70
1
  102
RTVSPost2010Prop37
  90
50
  102
RTVSPost2010PropOp37
  70
1
  102
RTVSPost2010Prop38
  140
0
  102
RTVSPost2010PropOp38
  70
1
  102
RTVSPost2010Prop39
  140
1
  102
RTVSPost2010PropOp39
  70
1
  102
RTVSPost2010Prop40
  90
0
  102
RTVSPost2010PropOp40
  70
1
  102
RTVSPost2010Prop41ColorIndex
  90
18
  102
RTVSPost2010Prop41ColorRGB
  90
0
  102
RTVSPost2010PropOp41
  70
1
  102
RTVSPost2010Prop42
  90
50
  102
RTVSPost2010PropOp42
  70
1
  102
RTVSPost2010Prop43
  90
3
  102
RTVSPost2010PropOp43
  70
1
  102
RTVSPost2010Prop44ColorIndex
  90
5
  102
RTVSPost2010Prop44ColorRGB
  90
255
  102
RTVSPost2010PropOp44
  70
1
  102
RTVSPost2010Prop45
  280
0
  102
RTVSPost2010PropOp45
  70
1
  102
RTVSPost2010Prop46
  90
50
  102
RTVSPost2010PropOp46
  70
1
  102
RTVSPost2010Prop47
  90
50
  102
RTVSPost2010PropOp47
  70
1
  102
RTVSPost2010Prop48
  90
50
  102
RTVSPost2010PropOp48
  70
1
  102
RTVSPost2010Prop49
  280
0
  102
RTVSPost2010PropOp49
  70
1
  102
RTVSPost2010Prop50
  90
50
  102
RTVSPost2010PropOp50
  70
1
  102
RTVSPost2010Prop51ColorIndex
  90
256
  102
RTVSPost2010Prop51ColorRGB
  90
-16777216
  102
RTVSPost2010PropOp51
  70
0
  102
RTVSPost2010Prop52
  140
1
  102
RTVSPost2010PropOp52
  70
0
  102
RTVSPost2010Prop53
  90
2
  102
RTVSPost2010PropOp53
  70
1
  102
RTVSPost2010Prop54
  1
strokes_ogs.tif
  102
RTVSPost2010PropOp54
  70
1
  102
RTVSPost2010Prop55
  280
0
  102
RTVSPost2010PropOp55
  70
1
  102
RTVSPost2010Prop56
  140
1
  102
RTVSPost2010PropOp56
  70
1
  102
RTVSPost2010Prop57
  140
1
  102
RTVSPost2010PropOp57
  70
1
  102
RTVSPropertyOp0
  70
1
  102
RTVSPropertyOp1
  70
1
  102
RTVSPropertyOp2
  70
1
  102
RTVSPropertyOp3
  70
1
  102
RTVSPropertyOp4
  70
1
  102
RTVSPropertyOp5
  70
1
  102
RTVSPropertyOp6
  70
1
  102
RTVSPropertyOp7
  70
1
  102
RTVSPropertyOp8
  70
1
  102
RTVSPropertyOp9
  70
1
  102
RTVSPropertyOp10
  70
1
  102
RTVSPropertyOp11
  70
1
  102
RTVSPropertyOp12
  70
1
  102
RTVSPropertyOp13
  70
1
  102
RTVSPropertyOp14
  70
1
  102
RTVSPropertyOp15
  70
1
  102
RTVSPropertyOp16
  70
1
  102
RTVSPropertyOp17
  70
1
  102
RTVSPropertyOp18
  70
1
  102
RTVSPropertyOp19
  70
1
  102
RTVSPropertyOp20
  70
1
  102
RTVSPropertyOp21
  70
1
  102
RTVSPropertyOp22
  70
1
  102
RTVSPropertyOp23
  70
1
  102
RTVSPropertyOp24
  70
1
  102
RTVSPropertyOp25
  70
1
  102
RTVSPropertyOp26
  70
1
  102
RTVSPropertyOp27
  70
1
  102
RTVSPropertyOp28
  70
1
  102
RTVSPropertyOp29
  70
1
  102
RTVSPropertyOp30
  70
1
  102
RTVSPropertyOp31
  70
1
  102
RTVSPropertyOp32
  70
1
  102
RTVSPropertyOp33
  70
1
  102
RTVSPropertyOp34
  70
1
  102
RTVSPropertyOp35
  70
1
  102
RTVSPropertyOp36
  70
1
  102
RTVSPropertyOp37
  70
1
  102
RTVSPropertyOp38
  70
1
  102
RTVSPropertyOp39
  70
1
  102
RTVSPropertyOp40
  70
1
  102
RTVSPropertyOp41
  70
1
  102
RTVSPropertyOp42
  70
1
  102
RTVSPropertyOp43
  70
1
  102
RTVSPropertyOp44
  70
1
  102
RTVSPropertyOp45
  70
1
  102
RTVSPropertyOp46
  70
1
  102
RTVSPropertyOp47
  70
1
  102
RTVSPropertyOp48
  70
1
  102
RTVSPropertyOp49
  70
1
  102
RTVSPropertyOp50
  70
1
  102
RTVSPropertyOp51
  70
0
  102
RTVSPropertyOp52
  70
0
  102
RTVSPropertyOp53
  70
1
  102
RTVSPropertyOp54
  70
1
  102
RTVSPropertyOp55
  70
1
  102
RTVSPropertyOp56
  70
1
  102
RTVSPropertyOp57
  70
1
  102
RTVSPropertyOp58
  70
1
  102
RTVSPropertyOp59
  70
1
  102
RTVSPropertyOp60
  70
1
  102
RTVSPropertyOp61
  70
1
  102
RTVSPropertyOp62
  70
1
  0
XRECORD
  5
31F
  102
{ACAD_REACTORS
  330
31E
  102
}
  330
31E
  100
AcDbXrecord
  280
1
  102
RTVSPost2010Prop28
  280
0
  102
RTVSPost2010PropOp28
  70
1
  102
RTVSPost2010Prop29
  280
1
  102
RTVSPost2010PropOp29
  70
1
  102
RTVSPost2010Prop30
  280
1
  102
RTVSPost2010PropOp30
  70
1
  102
RTVSPost2010Prop31
  280
0
  102
RTVSPost2010PropOp31
  70
1
  102
RTVSPost2010Prop32
  280
0
  102
RTVSPost2010PropOp32
  70
1
  102
RTVSPost2010Prop33
  280
0
  102
RTVSPost2010PropOp33
  70
1
  102
RTVSPost2010Prop34
  280
0
  102
RTVSPost2010PropOp34
  70
1
  102
RTVSPost2010Prop35
  280
0
  102
RTVSPost2010PropOp35
  70
1
  102
RTVSPost2010Prop36
  280
0
  102
RTVSPost2010PropOp36
  70
1
  102
RTVSPost2010Prop37
  90
50
  102
RTVSPost2010PropOp37
  70
1
  102
RTVSPost2010Prop38
  140
0
  102
RTVSPost2010PropOp38
  70
1
  102
RTVSPost2010Prop39
  140
1
  102
RTVSPost2010PropOp39
  70
1
  102
RTVSPost2010Prop40
  90
0
  102
RTVSPost2010PropOp40
  70
1
  102
RTVSPost2010Prop41ColorIndex
  90
18
  102
RTVSPost2010Prop41ColorRGB
  90
0
  102
RTVSPost2010PropOp41
  70
1
  102
RTVSPost2010Prop42
  90
50
  102
RTVSPost2010PropOp42
  70
1
  102
RTVSPost2010Prop43
  90
3
  102
RTVSPost2010PropOp43
  70
1
  102
RTVSPost2010Prop44ColorIndex
  90
5
  102
RTVSPost2010Prop44ColorRGB
  90
255
  102
RTVSPost2010PropOp44
  70
1
  102
RTVSPost2010Prop45
  280
0
  102
RTVSPost2010PropOp45
  70
1
  102
RTVSPost2010Prop46
  90
50
  102
RTVSPost2010PropOp46
  70
1
  102
RTVSPost2010Prop47
  90
50
  102
RTVSPost2010PropOp47
  70
1
  102
RTVSPost2010Prop48
  90
50
  102
RTVSPost2010PropOp48
  70
1
  102
RTVSPost2010Prop49
  280
0
  102
RTVSPost2010PropOp49
  70
1
  102
RTVSPost2010Prop50
  90
50
  102
RTVSPost2010PropOp50
  70
1
  102
RTVSPost2010Prop51ColorIndex
  90
256
  102
RTVSPost2010Prop51ColorRGB
  90
-16777216
  102
RTVSPost2010PropOp51
  70
0
  102
RTVSPost2010Prop52
  140
1
  102
RTVSPost2010PropOp52
  70
0
  102
RTVSPost2010Prop53
  90
2
  102
RTVSPost2010PropOp53
  70
1
  102
RTVSPost2010Prop54
  1
strokes_ogs.tif
  102
RTVSPost2010PropOp54
  70
1
  102
RTVSPost2010Prop55
  280
0
  102
RTVSPost2010PropOp55
  70
1
  102
RTVSPost2010Prop56
  140
1
  102
RTVSPost2010PropOp56
  70
1
  102
RTVSPost2010Prop57
  140
1
  102
RTVSPost2010PropOp57
  70
1
  102
RTVSPropertyOp0
  70
1
  102
RTVSPropertyOp1
  70
1
  102
RTVSPropertyOp2
  70
1
  102
RTVSPropertyOp3
  70
1
  102
RTVSPropertyOp4
  70
1
  102
RTVSPropertyOp5
  70
1
  102
RTVSPropertyOp6
  70
1
  102
RTVSPropertyOp7
  70
1
  102
RTVSPropertyOp8
  70
1
  102
RTVSPropertyOp9
  70
1
  102
RTVSPropertyOp10
  70
1
  102
RTVSPropertyOp11
  70
1
  102
RTVSPropertyOp12
  70
1
  102
RTVSPropertyOp13
  70
1
  102
RTVSPropertyOp14
  70
1
  102
RTVSPropertyOp15
  70
1
  102
RTVSPropertyOp16
  70
1
  102
RTVSPropertyOp17
  70
1
  102
RTVSPropertyOp18
  70
1
  102
RTVSPropertyOp19
  70
1
  102
RTVSPropertyOp20
  70
1
  102
RTVSPropertyOp21
  70
1
  102
RTVSPropertyOp22
  70
1
  102
RTVSPropertyOp23
  70
1
  102
RTVSPropertyOp24
  70
1
  102
RTVSPropertyOp25
  70
1
  102
RTVSPropertyOp26
  70
1
  102
RTVSPropertyOp27
  70
1
  102
RTVSPropertyOp28
  70
1
  102
RTVSPropertyOp29
  70
1
  102
RTVSPropertyOp30
  70
1
  102
RTVSPropertyOp31
  70
1
  102
RTVSPropertyOp32
  70
1
  102
RTVSPropertyOp33
  70
1
  102
RTVSPropertyOp34
  70
1
  102
RTVSPropertyOp35
  70
1
  102
RTVSPropertyOp36
  70
1
  102
RTVSPropertyOp37
  70
1
  102
RTVSPropertyOp38
  70
1
  102
RTVSPropertyOp39
  70
1
  102
RTVSPropertyOp40
  70
1
  102
RTVSPropertyOp41
  70
1
  102
RTVSPropertyOp42
  70
1
  102
RTVSPropertyOp43
  70
1
  102
RTVSPropertyOp44
  70
1
  102
RTVSPropertyOp45
  70
1
  102
RTVSPropertyOp46
  70
1
  102
RTVSPropertyOp47
  70
1
  102
RTVSPropertyOp48
  70
1
  102
RTVSPropertyOp49
  70
1
  102
RTVSPropertyOp50
  70
1
  102
RTVSPropertyOp51
  70
0
  102
RTVSPropertyOp52
  70
0
  102
RTVSPropertyOp53
  70
1
  102
RTVSPropertyOp54
  70
1
  102
RTVSPropertyOp55
  70
1
  102
RTVSPropertyOp56
  70
1
  102
RTVSPropertyOp57
  70
1
  102
RTVSPropertyOp58
  70
1
  102
RTVSPropertyOp59
  70
1
  102
RTVSPropertyOp60
  70
1
  102
RTVSPropertyOp61
  70
1
  102
RTVSPropertyOp62
  70
1
  0
XRECORD
  5
32F
  102
{ACAD_REACTORS
  330
32E
  102
}
  330
32E
  100
AcDbXrecord
  280
1
  102
RTVSPost2010Prop28
  280
0
  102
RTVSPost2010PropOp28
  70
1
  102
RTVSPost2010Prop29
  280
1
  102
RTVSPost2010PropOp29
  70
1
  102
RTVSPost2010Prop30
  280
1
  102
RTVSPost2010PropOp30
  70
1
  102
RTVSPost2010Prop31
  280
0
  102
RTVSPost2010PropOp31
  70
1
  102
RTVSPost2010Prop32
  280
0
  102
RTVSPost2010PropOp32
  70
1
  102
RTVSPost2010Prop33
  280
0
  102
RTVSPost2010PropOp33
  70
1
  102
RTVSPost2010Prop34
  280
0
  102
RTVSPost2010PropOp34
  70
1
  102
RTVSPost2010Prop35
  280
0
  102
RTVSPost2010PropOp35
  70
1
  102
RTVSPost2010Prop36
  280
0
  102
RTVSPost2010PropOp36
  70
1
  102
RTVSPost2010Prop37
  90
50
  102
RTVSPost2010PropOp37
  70
1
  102
RTVSPost2010Prop38
  140
0
  102
RTVSPost2010PropOp38
  70
1
  102
RTVSPost2010Prop39
  140
1
  102
RTVSPost2010PropOp39
  70
1
  102
RTVSPost2010Prop40
  90
0
  102
RTVSPost2010PropOp40
  70
1
  102
RTVSPost2010Prop41ColorIndex
  90
18
  102
RTVSPost2010Prop41ColorRGB
  90
0
  102
RTVSPost2010PropOp41
  70
1
  102
RTVSPost2010Prop42
  90
50
  102
RTVSPost2010PropOp42
  70
1
  102
RTVSPost2010Prop43
  90
3
  102
RTVSPost2010PropOp43
  70
1
  102
RTVSPost2010Prop44ColorIndex
  90
5
  102
RTVSPost2010Prop44ColorRGB
  90
255
  102
RTVSPost2010PropOp44
  70
1
  102
RTVSPost2010Prop45
  280
0
  102
RTVSPost2010PropOp45
  70
1
  102
RTVSPost2010Prop46
  90
50
  102
RTVSPost2010PropOp46
  70
1
  102
RTVSPost2010Prop47
  90
50
  102
RTVSPost2010PropOp47
  70
1
  102
RTVSPost2010Prop48
  90
50
  102
RTVSPost2010PropOp48
  70
1
  102
RTVSPost2010Prop49
  280
0
  102
RTVSPost2010PropOp49
  70
1
  102
RTVSPost2010Prop50
  90
50
  102
RTVSPost2010PropOp50
  70
1
  102
RTVSPost2010Prop51ColorIndex
  90
256
  102
RTVSPost2010Prop51ColorRGB
  90
-16777216
  102
RTVSPost2010PropOp51
  70
0
  102
RTVSPost2010Prop52
  140
1
  102
RTVSPost2010PropOp52
  70
0
  102
RTVSPost2010Prop53
  90
2
  102
RTVSPost2010PropOp53
  70
1
  102
RTVSPost2010Prop54
  1
strokes_ogs.tif
  102
RTVSPost2010PropOp54
  70
1
  102
RTVSPost2010Prop55
  280
0
  102
RTVSPost2010PropOp55
  70
1
  102
RTVSPost2010Prop56
  140
1
  102
RTVSPost2010PropOp56
  70
1
  102
RTVSPost2010Prop57
  140
1
  102
RTVSPost2010PropOp57
  70
1
  102
RTVSPropertyOp0
  70
0
  102
RTVSPropertyOp1
  70
0
  102
RTVSPropertyOp2
  70
0
  102
RTVSPropertyOp3
  70
0
  102
RTVSPropertyOp4
  70
0
  102
RTVSPropertyOp5
  70
0
  102
RTVSPropertyOp6
  70
0
  102
RTVSPropertyOp7
  70
0
  102
RTVSPropertyOp8
  70
0
  102
RTVSPropertyOp9
  70
0
  102
RTVSPropertyOp10
  70
0
  102
RTVSPropertyOp11
  70
0
  102
RTVSPropertyOp12
  70
0
  102
RTVSPropertyOp13
  70
0
  102
RTVSPropertyOp14
  70
2
  102
RTVSPropertyOp15
  70
0
  102
RTVSPropertyOp16
  70
0
  102
RTVSPropertyOp17
  70
0
  102
RTVSPropertyOp18
  70
0
  102
RTVSPropertyOp19
  70
0
  102
RTVSPropertyOp20
  70
0
  102
RTVSPropertyOp21
  70
0
  102
RTVSPropertyOp22
  70
0
  102
RTVSPropertyOp23
  70
0
  102
RTVSPropertyOp24
  70
0
  102
RTVSPropertyOp25
  70
0
  102
RTVSPropertyOp26
  70
0
  102
RTVSPropertyOp27
  70
0
  102
RTVSPropertyOp28
  70
1
  102
RTVSPropertyOp29
  70
1
  102
RTVSPropertyOp30
  70
1
  102
RTVSPropertyOp31
  70
1
  102
RTVSPropertyOp32
  70
1
  102
RTVSPropertyOp33
  70
1
  102
RTVSPropertyOp34
  70
1
  102
RTVSPropertyOp35
  70
1
  102
RTVSPropertyOp36
  70
1
  102
RTVSPropertyOp37
  70
1
  102
RTVSPropertyOp38
  70
1
  102
RTVSPropertyOp39
  70
1
  102
RTVSPropertyOp40
  70
1
  102
RTVSPropertyOp41
  70
1
  102
RTVSPropertyOp42
  70
1
  102
RTVSPropertyOp43
  70
1
  102
RTVSPropertyOp44
  70
1
  102
RTVSPropertyOp45
  70
1
  102
RTVSPropertyOp46
  70
1
  102
RTVSPropertyOp47
  70
1
  102
RTVSPropertyOp48
  70
1
  102
RTVSPropertyOp49
  70
1
  102
RTVSPropertyOp50
  70
1
  102
RTVSPropertyOp51
  70
0
  102
RTVSPropertyOp52
  70
0
  102
RTVSPropertyOp53
  70
1
  102
RTVSPropertyOp54
  70
1
  102
RTVSPropertyOp55
  70
1
  102
RTVSPropertyOp56
  70
1
  102
RTVSPropertyOp57
  70
1
  102
RTVSPropertyOp58
  70
1
  102
RTVSPropertyOp59
  70
1
  102
RTVSPropertyOp60
  70
1
  102
RTVSPropertyOp61
  70
1
  102
RTVSPropertyOp62
  70
1
  0
XRECORD
  5
327
  102
{ACAD_REACTORS
  330
326
  102
}
  330
326
  100
AcDbXrecord
  280
1
  102
RTVSPost2010Prop28
  280
0
  102
RTVSPost2010PropOp28
  70
1
  102
RTVSPost2010Prop29
  280
1
  102
RTVSPost2010PropOp29
  70
1
  102
RTVSPost2010Prop30
  280
1
  102
RTVSPost2010PropOp30
  70
1
  102
RTVSPost2010Prop31
  280
0
  102
RTVSPost2010PropOp31
  70
1
  102
RTVSPost2010Prop32
  280
0
  102
RTVSPost2010PropOp32
  70
1
  102
RTVSPost2010Prop33
  280
0
  102
RTVSPost2010PropOp33
  70
1
  102
RTVSPost2010Prop34
  280
0
  102
RTVSPost2010PropOp34
  70
1
  102
RTVSPost2010Prop35
  280
0
  102
RTVSPost2010PropOp35
  70
1
  102
RTVSPost2010Prop36
  280
0
  102
RTVSPost2010PropOp36
  70
1
  102
RTVSPost2010Prop37
  90
50
  102
RTVSPost2010PropOp37
  70
1
  102
RTVSPost2010Prop38
  140
0
  102
RTVSPost2010PropOp38
  70
1
  102
RTVSPost2010Prop39
  140
1
  102
RTVSPost2010PropOp39
  70
1
  102
RTVSPost2010Prop40
  90
0
  102
RTVSPost2010PropOp40
  70
1
  102
RTVSPost2010Prop41ColorIndex
  90
18
  102
RTVSPost2010Prop41ColorRGB
  90
0
  102
RTVSPost2010PropOp41
  70
1
  102
RTVSPost2010Prop42
  90
50
  102
RTVSPost2010PropOp42
  70
1
  102
RTVSPost2010Prop43
  90
3
  102
RTVSPost2010PropOp43
  70
1
  102
RTVSPost2010Prop44ColorIndex
  90
5
  102
RTVSPost2010Prop44ColorRGB
  90
255
  102
RTVSPost2010PropOp44
  70
1
  102
RTVSPost2010Prop45
  280
0
  102
RTVSPost2010PropOp45
  70
1
  102
RTVSPost2010Prop46
  90
50
  102
RTVSPost2010PropOp46
  70
1
  102
RTVSPost2010Prop47
  90
50
  102
RTVSPost2010PropOp47
  70
1
  102
RTVSPost2010Prop48
  90
50
  102
RTVSPost2010PropOp48
  70
1
  102
RTVSPost2010Prop49
  280
0
  102
RTVSPost2010PropOp49
  70
1
  102
RTVSPost2010Prop50
  90
50
  102
RTVSPost2010PropOp50
  70
1
  102
RTVSPost2010Prop51ColorIndex
  90
256
  102
RTVSPost2010Prop51ColorRGB
  90
-16777216
  102
RTVSPost2010PropOp51
  70
0
  102
RTVSPost2010Prop52
  140
1
  102
RTVSPost2010PropOp52
  70
0
  102
RTVSPost2010Prop53
  90
2
  102
RTVSPost2010PropOp53
  70
1
  102
RTVSPost2010Prop54
  1
strokes_ogs.tif
  102
RTVSPost2010PropOp54
  70
1
  102
RTVSPost2010Prop55
  280
0
  102
RTVSPost2010PropOp55
  70
1
  102
RTVSPost2010Prop56
  140
1
  102
RTVSPost2010PropOp56
  70
1
  102
RTVSPost2010Prop57
  140
1
  102
RTVSPost2010PropOp57
  70
1
  102
RTVSPropertyOp0
  70
1
  102
RTVSPropertyOp1
  70
1
  102
RTVSPropertyOp2
  70
1
  102
RTVSPropertyOp3
  70
1
  102
RTVSPropertyOp4
  70
1
  102
RTVSPropertyOp5
  70
1
  102
RTVSPropertyOp6
  70
1
  102
RTVSPropertyOp7
  70
1
  102
RTVSPropertyOp8
  70
1
  102
RTVSPropertyOp9
  70
1
  102
RTVSPropertyOp10
  70
1
  102
RTVSPropertyOp11
  70
1
  102
RTVSPropertyOp12
  70
1
  102
RTVSPropertyOp13
  70
1
  102
RTVSPropertyOp14
  70
1
  102
RTVSPropertyOp15
  70
1
  102
RTVSPropertyOp16
  70
1
  102
RTVSPropertyOp17
  70
1
  102
RTVSPropertyOp18
  70
1
  102
RTVSPropertyOp19
  70
1
  102
RTVSPropertyOp20
  70
1
  102
RTVSPropertyOp21
  70
1
  102
RTVSPropertyOp22
  70
1
  102
RTVSPropertyOp23
  70
1
  102
RTVSPropertyOp24
  70
1
  102
RTVSPropertyOp25
  70
1
  102
RTVSPropertyOp26
  70
1
  102
RTVSPropertyOp27
  70
1
  102
RTVSPropertyOp28
  70
1
  102
RTVSPropertyOp29
  70
1
  102
RTVSPropertyOp30
  70
1
  102
RTVSPropertyOp31
  70
1
  102
RTVSPropertyOp32
  70
1
  102
RTVSPropertyOp33
  70
1
  102
RTVSPropertyOp34
  70
1
  102
RTVSPropertyOp35
  70
1
  102
RTVSPropertyOp36
  70
1
  102
RTVSPropertyOp37
  70
1
  102
RTVSPropertyOp38
  70
1
  102
RTVSPropertyOp39
  70
1
  102
RTVSPropertyOp40
  70
1
  102
RTVSPropertyOp41
  70
1
  102
RTVSPropertyOp42
  70
1
  102
RTVSPropertyOp43
  70
1
  102
RTVSPropertyOp44
  70
1
  102
RTVSPropertyOp45
  70
1
  102
RTVSPropertyOp46
  70
1
  102
RTVSPropertyOp47
  70
1
  102
RTVSPropertyOp48
  70
1
  102
RTVSPropertyOp49
  70
1
  102
RTVSPropertyOp50
  70
1
  102
RTVSPropertyOp51
  70
0
  102
RTVSPropertyOp52
  70
0
  102
RTVSPropertyOp53
  70
1
  102
RTVSPropertyOp54
  70
1
  102
RTVSPropertyOp55
  70
1
  102
RTVSPropertyOp56
  70
1
  102
RTVSPropertyOp57
  70
1
  102
RTVSPropertyOp58
  70
1
  102
RTVSPropertyOp59
  70
1
  102
RTVSPropertyOp60
  70
1
  102
RTVSPropertyOp61
  70
1
  102
RTVSPropertyOp62
  70
1
  0
XRECORD
  5
30B
  102
{ACAD_REACTORS
  330
30A
  102
}
  330
30A
  100
AcDbXrecord
  280
1
  102
RTVSPost2010Prop28
  280
0
  102
RTVSPost2010PropOp28
  70
1
  102
RTVSPost2010Prop29
  280
1
  102
RTVSPost2010PropOp29
  70
1
  102
RTVSPost2010Prop30
  280
1
  102
RTVSPost2010PropOp30
  70
1
  102
RTVSPost2010Prop31
  280
0
  102
RTVSPost2010PropOp31
  70
1
  102
RTVSPost2010Prop32
  280
0
  102
RTVSPost2010PropOp32
  70
1
  102
RTVSPost2010Prop33
  280
0
  102
RTVSPost2010PropOp33
  70
1
  102
RTVSPost2010Prop34
  280
0
  102
RTVSPost2010PropOp34
  70
1
  102
RTVSPost2010Prop35
  280
0
  102
RTVSPost2010PropOp35
  70
1
  102
RTVSPost2010Prop36
  280
0
  102
RTVSPost2010PropOp36
  70
1
  102
RTVSPost2010Prop37
  90
50
  102
RTVSPost2010PropOp37
  70
1
  102
RTVSPost2010Prop38
  140
0
  102
RTVSPost2010PropOp38
  70
1
  102
RTVSPost2010Prop39
  140
1
  102
RTVSPost2010PropOp39
  70
1
  102
RTVSPost2010Prop40
  90
0
  102
RTVSPost2010PropOp40
  70
1
  102
RTVSPost2010Prop41ColorIndex
  90
18
  102
RTVSPost2010Prop41ColorRGB
  90
0
  102
RTVSPost2010PropOp41
  70
1
  102
RTVSPost2010Prop42
  90
50
  102
RTVSPost2010PropOp42
  70
1
  102
RTVSPost2010Prop43
  90
3
  102
RTVSPost2010PropOp43
  70
1
  102
RTVSPost2010Prop44ColorIndex
  90
5
  102
RTVSPost2010Prop44ColorRGB
  90
255
  102
RTVSPost2010PropOp44
  70
1
  102
RTVSPost2010Prop45
  280
0
  102
RTVSPost2010PropOp45
  70
1
  102
RTVSPost2010Prop46
  90
50
  102
RTVSPost2010PropOp46
  70
1
  102
RTVSPost2010Prop47
  90
50
  102
RTVSPost2010PropOp47
  70
1
  102
RTVSPost2010Prop48
  90
50
  102
RTVSPost2010PropOp48
  70
1
  102
RTVSPost2010Prop49
  280
0
  102
RTVSPost2010PropOp49
  70
1
  102
RTVSPost2010Prop50
  90
50
  102
RTVSPost2010PropOp50
  70
1
  102
RTVSPost2010Prop51ColorIndex
  90
256
  102
RTVSPost2010Prop51ColorRGB
  90
-16777216
  102
RTVSPost2010PropOp51
  70
0
  102
RTVSPost2010Prop52
  140
1
  102
RTVSPost2010PropOp52
  70
0
  102
RTVSPost2010Prop53
  90
2
  102
RTVSPost2010PropOp53
  70
1
  102
RTVSPost2010Prop54
  1
strokes_ogs.tif
  102
RTVSPost2010PropOp54
  70
1
  102
RTVSPost2010Prop55
  280
0
  102
RTVSPost2010PropOp55
  70
1
  102
RTVSPost2010Prop56
  140
1
  102
RTVSPost2010PropOp56
  70
1
  102
RTVSPost2010Prop57
  140
1
  102
RTVSPost2010PropOp57
  70
1
  102
RTVSPropertyOp0
  70
1
  102
RTVSPropertyOp1
  70
1
  102
RTVSPropertyOp2
  70
1
  102
RTVSPropertyOp3
  70
1
  102
RTVSPropertyOp4
  70
1
  102
RTVSPropertyOp5
  70
1
  102
RTVSPropertyOp6
  70
1
  102
RTVSPropertyOp7
  70
1
  102
RTVSPropertyOp8
  70
1
  102
RTVSPropertyOp9
  70
1
  102
RTVSPropertyOp10
  70
1
  102
RTVSPropertyOp11
  70
1
  102
RTVSPropertyOp12
  70
1
  102
RTVSPropertyOp13
  70
1
  102
RTVSPropertyOp14
  70
1
  102
RTVSPropertyOp15
  70
1
  102
RTVSPropertyOp16
  70
1
  102
RTVSPropertyOp17
  70
1
  102
RTVSPropertyOp18
  70
1
  102
RTVSPropertyOp19
  70
1
  102
RTVSPropertyOp20
  70
1
  102
RTVSPropertyOp21
  70
1
  102
RTVSPropertyOp22
  70
1
  102
RTVSPropertyOp23
  70
1
  102
RTVSPropertyOp24
  70
1
  102
RTVSPropertyOp25
  70
1
  102
RTVSPropertyOp26
  70
1
  102
RTVSPropertyOp27
  70
1
  102
RTVSPropertyOp28
  70
1
  102
RTVSPropertyOp29
  70
1
  102
RTVSPropertyOp30
  70
1
  102
RTVSPropertyOp31
  70
1
  102
RTVSPropertyOp32
  70
1
  102
RTVSPropertyOp33
  70
1
  102
RTVSPropertyOp34
  70
1
  102
RTVSPropertyOp35
  70
1
  102
RTVSPropertyOp36
  70
1
  102
RTVSPropertyOp37
  70
1
  102
RTVSPropertyOp38
  70
1
  102
RTVSPropertyOp39
  70
1
  102
RTVSPropertyOp40
  70
1
  102
RTVSPropertyOp41
  70
1
  102
RTVSPropertyOp42
  70
1
  102
RTVSPropertyOp43
  70
1
  102
RTVSPropertyOp44
  70
1
  102
RTVSPropertyOp45
  70
1
  102
RTVSPropertyOp46
  70
1
  102
RTVSPropertyOp47
  70
1
  102
RTVSPropertyOp48
  70
1
  102
RTVSPropertyOp49
  70
1
  102
RTVSPropertyOp50
  70
1
  102
RTVSPropertyOp51
  70
0
  102
RTVSPropertyOp52
  70
0
  102
RTVSPropertyOp53
  70
1
  102
RTVSPropertyOp54
  70
1
  102
RTVSPropertyOp55
  70
1
  102
RTVSPropertyOp56
  70
1
  102
RTVSPropertyOp57
  70
1
  102
RTVSPropertyOp58
  70
1
  102
RTVSPropertyOp59
  70
1
  102
RTVSPropertyOp60
  70
1
  102
RTVSPropertyOp61
  70
1
  102
RTVSPropertyOp62
  70
1
  0
XRECORD
  5
30D
  102
{ACAD_REACTORS
  330
30C
  102
}
  330
30C
  100
AcDbXrecord
  280
1
  102
RTVSPost2010Prop28
  280
0
  102
RTVSPost2010PropOp28
  70
1
  102
RTVSPost2010Prop29
  280
1
  102
RTVSPost2010PropOp29
  70
1
  102
RTVSPost2010Prop30
  280
1
  102
RTVSPost2010PropOp30
  70
1
  102
RTVSPost2010Prop31
  280
0
  102
RTVSPost2010PropOp31
  70
1
  102
RTVSPost2010Prop32
  280
0
  102
RTVSPost2010PropOp32
  70
1
  102
RTVSPost2010Prop33
  280
0
  102
RTVSPost2010PropOp33
  70
1
  102
RTVSPost2010Prop34
  280
0
  102
RTVSPost2010PropOp34
  70
1
  102
RTVSPost2010Prop35
  280
0
  102
RTVSPost2010PropOp35
  70
1
  102
RTVSPost2010Prop36
  280
0
  102
RTVSPost2010PropOp36
  70
1
  102
RTVSPost2010Prop37
  90
50
  102
RTVSPost2010PropOp37
  70
1
  102
RTVSPost2010Prop38
  140
0
  102
RTVSPost2010PropOp38
  70
1
  102
RTVSPost2010Prop39
  140
1
  102
RTVSPost2010PropOp39
  70
1
  102
RTVSPost2010Prop40
  90
0
  102
RTVSPost2010PropOp40
  70
1
  102
RTVSPost2010Prop41ColorIndex
  90
18
  102
RTVSPost2010Prop41ColorRGB
  90
0
  102
RTVSPost2010PropOp41
  70
1
  102
RTVSPost2010Prop42
  90
50
  102
RTVSPost2010PropOp42
  70
1
  102
RTVSPost2010Prop43
  90
3
  102
RTVSPost2010PropOp43
  70
1
  102
RTVSPost2010Prop44ColorIndex
  90
5
  102
RTVSPost2010Prop44ColorRGB
  90
255
  102
RTVSPost2010PropOp44
  70
1
  102
RTVSPost2010Prop45
  280
0
  102
RTVSPost2010PropOp45
  70
1
  102
RTVSPost2010Prop46
  90
50
  102
RTVSPost2010PropOp46
  70
1
  102
RTVSPost2010Prop47
  90
50
  102
RTVSPost2010PropOp47
  70
1
  102
RTVSPost2010Prop48
  90
50
  102
RTVSPost2010PropOp48
  70
1
  102
RTVSPost2010Prop49
  280
0
  102
RTVSPost2010PropOp49
  70
1
  102
RTVSPost2010Prop50
  90
50
  102
RTVSPost2010PropOp50
  70
1
  102
RTVSPost2010Prop51ColorIndex
  90
256
  102
RTVSPost2010Prop51ColorRGB
  90
-16777216
  102
RTVSPost2010PropOp51
  70
0
  102
RTVSPost2010Prop52
  140
1
  102
RTVSPost2010PropOp52
  70
0
  102
RTVSPost2010Prop53
  90
2
  102
RTVSPost2010PropOp53
  70
1
  102
RTVSPost2010Prop54
  1
strokes_ogs.tif
  102
RTVSPost2010PropOp54
  70
1
  102
RTVSPost2010Prop55
  280
0
  102
RTVSPost2010PropOp55
  70
1
  102
RTVSPost2010Prop56
  140
1
  102
RTVSPost2010PropOp56
  70
1
  102
RTVSPost2010Prop57
  140
1
  102
RTVSPost2010PropOp57
  70
1
  102
RTVSPropertyOp0
  70
1
  102
RTVSPropertyOp1
  70
1
  102
RTVSPropertyOp2
  70
1
  102
RTVSPropertyOp3
  70
1
  102
RTVSPropertyOp4
  70
1
  102
RTVSPropertyOp5
  70
1
  102
RTVSPropertyOp6
  70
1
  102
RTVSPropertyOp7
  70
1
  102
RTVSPropertyOp8
  70
1
  102
RTVSPropertyOp9
  70
1
  102
RTVSPropertyOp10
  70
1
  102
RTVSPropertyOp11
  70
1
  102
RTVSPropertyOp12
  70
1
  102
RTVSPropertyOp13
  70
1
  102
RTVSPropertyOp14
  70
1
  102
RTVSPropertyOp15
  70
1
  102
RTVSPropertyOp16
  70
1
  102
RTVSPropertyOp17
  70
1
  102
RTVSPropertyOp18
  70
1
  102
RTVSPropertyOp19
  70
1
  102
RTVSPropertyOp20
  70
1
  102
RTVSPropertyOp21
  70
1
  102
RTVSPropertyOp22
  70
1
  102
RTVSPropertyOp23
  70
1
  102
RTVSPropertyOp24
  70
1
  102
RTVSPropertyOp25
  70
1
  102
RTVSPropertyOp26
  70
1
  102
RTVSPropertyOp27
  70
1
  102
RTVSPropertyOp28
  70
1
  102
RTVSPropertyOp29
  70
1
  102
RTVSPropertyOp30
  70
1
  102
RTVSPropertyOp31
  70
1
  102
RTVSPropertyOp32
  70
1
  102
RTVSPropertyOp33
  70
1
  102
RTVSPropertyOp34
  70
1
  102
RTVSPropertyOp35
  70
1
  102
RTVSPropertyOp36
  70
1
  102
RTVSPropertyOp37
  70
1
  102
RTVSPropertyOp38
  70
1
  102
RTVSPropertyOp39
  70
1
  102
RTVSPropertyOp40
  70
1
  102
RTVSPropertyOp41
  70
1
  102
RTVSPropertyOp42
  70
1
  102
RTVSPropertyOp43
  70
1
  102
RTVSPropertyOp44
  70
1
  102
RTVSPropertyOp45
  70
1
  102
RTVSPropertyOp46
  70
1
  102
RTVSPropertyOp47
  70
1
  102
RTVSPropertyOp48
  70
1
  102
RTVSPropertyOp49
  70
1
  102
RTVSPropertyOp50
  70
1
  102
RTVSPropertyOp51
  70
0
  102
RTVSPropertyOp52
  70
0
  102
RTVSPropertyOp53
  70
1
  102
RTVSPropertyOp54
  70
1
  102
RTVSPropertyOp55
  70
1
  102
RTVSPropertyOp56
  70
1
  102
RTVSPropertyOp57
  70
1
  102
RTVSPropertyOp58
  70
1
  102
RTVSPropertyOp59
  70
1
  102
RTVSPropertyOp60
  70
1
  102
RTVSPropertyOp61
  70
1
  102
RTVSPropertyOp62
  70
1
  0
XRECORD
  5
30F
  102
{ACAD_REACTORS
  330
30E
  102
}
  330
30E
  100
AcDbXrecord
  280
1
  102
RTVSPost2010Prop28
  280
0
  102
RTVSPost2010PropOp28
  70
1
  102
RTVSPost2010Prop29
  280
1
  102
RTVSPost2010PropOp29
  70
1
  102
RTVSPost2010Prop30
  280
1
  102
RTVSPost2010PropOp30
  70
1
  102
RTVSPost2010Prop31
  280
0
  102
RTVSPost2010PropOp31
  70
1
  102
RTVSPost2010Prop32
  280
0
  102
RTVSPost2010PropOp32
  70
1
  102
RTVSPost2010Prop33
  280
0
  102
RTVSPost2010PropOp33
  70
1
  102
RTVSPost2010Prop34
  280
0
  102
RTVSPost2010PropOp34
  70
1
  102
RTVSPost2010Prop35
  280
0
  102
RTVSPost2010PropOp35
  70
1
  102
RTVSPost2010Prop36
  280
0
  102
RTVSPost2010PropOp36
  70
1
  102
RTVSPost2010Prop37
  90
50
  102
RTVSPost2010PropOp37
  70
1
  102
RTVSPost2010Prop38
  140
0
  102
RTVSPost2010PropOp38
  70
1
  102
RTVSPost2010Prop39
  140
1
  102
RTVSPost2010PropOp39
  70
1
  102
RTVSPost2010Prop40
  90
0
  102
RTVSPost2010PropOp40
  70
1
  102
RTVSPost2010Prop41ColorIndex
  90
18
  102
RTVSPost2010Prop41ColorRGB
  90
0
  102
RTVSPost2010PropOp41
  70
1
  102
RTVSPost2010Prop42
  90
50
  102
RTVSPost2010PropOp42
  70
1
  102
RTVSPost2010Prop43
  90
3
  102
RTVSPost2010PropOp43
  70
1
  102
RTVSPost2010Prop44ColorIndex
  90
5
  102
RTVSPost2010Prop44ColorRGB
  90
255
  102
RTVSPost2010PropOp44
  70
1
  102
RTVSPost2010Prop45
  280
0
  102
RTVSPost2010PropOp45
  70
1
  102
RTVSPost2010Prop46
  90
50
  102
RTVSPost2010PropOp46
  70
1
  102
RTVSPost2010Prop47
  90
50
  102
RTVSPost2010PropOp47
  70
1
  102
RTVSPost2010Prop48
  90
50
  102
RTVSPost2010PropOp48
  70
1
  102
RTVSPost2010Prop49
  280
0
  102
RTVSPost2010PropOp49
  70
1
  102
RTVSPost2010Prop50
  90
50
  102
RTVSPost2010PropOp50
  70
1
  102
RTVSPost2010Prop51ColorIndex
  90
256
  102
RTVSPost2010Prop51ColorRGB
  90
-16777216
  102
RTVSPost2010PropOp51
  70
0
  102
RTVSPost2010Prop52
  140
1
  102
RTVSPost2010PropOp52
  70
0
  102
RTVSPost2010Prop53
  90
2
  102
RTVSPost2010PropOp53
  70
1
  102
RTVSPost2010Prop54
  1
strokes_ogs.tif
  102
RTVSPost2010PropOp54
  70
1
  102
RTVSPost2010Prop55
  280
0
  102
RTVSPost2010PropOp55
  70
1
  102
RTVSPost2010Prop56
  140
1
  102
RTVSPost2010PropOp56
  70
1
  102
RTVSPost2010Prop57
  140
1
  102
RTVSPost2010PropOp57
  70
1
  102
RTVSPropertyOp0
  70
1
  102
RTVSPropertyOp1
  70
1
  102
RTVSPropertyOp2
  70
1
  102
RTVSPropertyOp3
  70
1
  102
RTVSPropertyOp4
  70
1
  102
RTVSPropertyOp5
  70
1
  102
RTVSPropertyOp6
  70
1
  102
RTVSPropertyOp7
  70
1
  102
RTVSPropertyOp8
  70
1
  102
RTVSPropertyOp9
  70
1
  102
RTVSPropertyOp10
  70
1
  102
RTVSPropertyOp11
  70
1
  102
RTVSPropertyOp12
  70
1
  102
RTVSPropertyOp13
  70
1
  102
RTVSPropertyOp14
  70
1
  102
RTVSPropertyOp15
  70
1
  102
RTVSPropertyOp16
  70
1
  102
RTVSPropertyOp17
  70
1
  102
RTVSPropertyOp18
  70
1
  102
RTVSPropertyOp19
  70
1
  102
RTVSPropertyOp20
  70
1
  102
RTVSPropertyOp21
  70
1
  102
RTVSPropertyOp22
  70
1
  102
RTVSPropertyOp23
  70
1
  102
RTVSPropertyOp24
  70
1
  102
RTVSPropertyOp25
  70
1
  102
RTVSPropertyOp26
  70
1
  102
RTVSPropertyOp27
  70
1
  102
RTVSPropertyOp28
  70
1
  102
RTVSPropertyOp29
  70
1
  102
RTVSPropertyOp30
  70
1
  102
RTVSPropertyOp31
  70
1
  102
RTVSPropertyOp32
  70
1
  102
RTVSPropertyOp33
  70
1
  102
RTVSPropertyOp34
  70
1
  102
RTVSPropertyOp35
  70
1
  102
RTVSPropertyOp36
  70
1
  102
RTVSPropertyOp37
  70
1
  102
RTVSPropertyOp38
  70
1
  102
RTVSPropertyOp39
  70
1
  102
RTVSPropertyOp40
  70
1
  102
RTVSPropertyOp41
  70
1
  102
RTVSPropertyOp42
  70
1
  102
RTVSPropertyOp43
  70
1
  102
RTVSPropertyOp44
  70
1
  102
RTVSPropertyOp45
  70
1
  102
RTVSPropertyOp46
  70
1
  102
RTVSPropertyOp47
  70
1
  102
RTVSPropertyOp48
  70
1
  102
RTVSPropertyOp49
  70
1
  102
RTVSPropertyOp50
  70
1
  102
RTVSPropertyOp51
  70
0
  102
RTVSPropertyOp52
  70
0
  102
RTVSPropertyOp53
  70
1
  102
RTVSPropertyOp54
  70
1
  102
RTVSPropertyOp55
  70
1
  102
RTVSPropertyOp56
  70
1
  102
RTVSPropertyOp57
  70
1
  102
RTVSPropertyOp58
  70
1
  102
RTVSPropertyOp59
  70
1
  102
RTVSPropertyOp60
  70
1
  102
RTVSPropertyOp61
  70
1
  102
RTVSPropertyOp62
  70
1
  0
XRECORD
  5
311
  102
{ACAD_REACTORS
  330
310
  102
}
  330
310
  100
AcDbXrecord
  280
1
  102
RTVSPost2010Prop28
  280
0
  102
RTVSPost2010PropOp28
  70
1
  102
RTVSPost2010Prop29
  280
1
  102
RTVSPost2010PropOp29
  70
1
  102
RTVSPost2010Prop30
  280
1
  102
RTVSPost2010PropOp30
  70
1
  102
RTVSPost2010Prop31
  280
0
  102
RTVSPost2010PropOp31
  70
1
  102
RTVSPost2010Prop32
  280
0
  102
RTVSPost2010PropOp32
  70
1
  102
RTVSPost2010Prop33
  280
0
  102
RTVSPost2010PropOp33
  70
1
  102
RTVSPost2010Prop34
  280
0
  102
RTVSPost2010PropOp34
  70
1
  102
RTVSPost2010Prop35
  280
0
  102
RTVSPost2010PropOp35
  70
1
  102
RTVSPost2010Prop36
  280
0
  102
RTVSPost2010PropOp36
  70
1
  102
RTVSPost2010Prop37
  90
50
  102
RTVSPost2010PropOp37
  70
1
  102
RTVSPost2010Prop38
  140
0
  102
RTVSPost2010PropOp38
  70
1
  102
RTVSPost2010Prop39
  140
1
  102
RTVSPost2010PropOp39
  70
1
  102
RTVSPost2010Prop40
  90
0
  102
RTVSPost2010PropOp40
  70
1
  102
RTVSPost2010Prop41ColorIndex
  90
18
  102
RTVSPost2010Prop41ColorRGB
  90
0
  102
RTVSPost2010PropOp41
  70
1
  102
RTVSPost2010Prop42
  90
50
  102
RTVSPost2010PropOp42
  70
1
  102
RTVSPost2010Prop43
  90
3
  102
RTVSPost2010PropOp43
  70
1
  102
RTVSPost2010Prop44ColorIndex
  90
5
  102
RTVSPost2010Prop44ColorRGB
  90
255
  102
RTVSPost2010PropOp44
  70
1
  102
RTVSPost2010Prop45
  280
0
  102
RTVSPost2010PropOp45
  70
1
  102
RTVSPost2010Prop46
  90
50
  102
RTVSPost2010PropOp46
  70
1
  102
RTVSPost2010Prop47
  90
50
  102
RTVSPost2010PropOp47
  70
1
  102
RTVSPost2010Prop48
  90
50
  102
RTVSPost2010PropOp48
  70
1
  102
RTVSPost2010Prop49
  280
0
  102
RTVSPost2010PropOp49
  70
1
  102
RTVSPost2010Prop50
  90
50
  102
RTVSPost2010PropOp50
  70
1
  102
RTVSPost2010Prop51ColorIndex
  90
256
  102
RTVSPost2010Prop51ColorRGB
  90
-16777216
  102
RTVSPost2010PropOp51
  70
0
  102
RTVSPost2010Prop52
  140
1
  102
RTVSPost2010PropOp52
  70
0
  102
RTVSPost2010Prop53
  90
2
  102
RTVSPost2010PropOp53
  70
1
  102
RTVSPost2010Prop54
  1
strokes_ogs.tif
  102
RTVSPost2010PropOp54
  70
1
  102
RTVSPost2010Prop55
  280
0
  102
RTVSPost2010PropOp55
  70
1
  102
RTVSPost2010Prop56
  140
1
  102
RTVSPost2010PropOp56
  70
1
  102
RTVSPost2010Prop57
  140
1
  102
RTVSPost2010PropOp57
  70
1
  102
RTVSPropertyOp0
  70
1
  102
RTVSPropertyOp1
  70
1
  102
RTVSPropertyOp2
  70
1
  102
RTVSPropertyOp3
  70
1
  102
RTVSPropertyOp4
  70
1
  102
RTVSPropertyOp5
  70
1
  102
RTVSPropertyOp6
  70
1
  102
RTVSPropertyOp7
  70
1
  102
RTVSPropertyOp8
  70
1
  102
RTVSPropertyOp9
  70
1
  102
RTVSPropertyOp10
  70
1
  102
RTVSPropertyOp11
  70
1
  102
RTVSPropertyOp12
  70
1
  102
RTVSPropertyOp13
  70
1
  102
RTVSPropertyOp14
  70
1
  102
RTVSPropertyOp15
  70
1
  102
RTVSPropertyOp16
  70
1
  102
RTVSPropertyOp17
  70
1
  102
RTVSPropertyOp18
  70
1
  102
RTVSPropertyOp19
  70
1
  102
RTVSPropertyOp20
  70
1
  102
RTVSPropertyOp21
  70
1
  102
RTVSPropertyOp22
  70
1
  102
RTVSPropertyOp23
  70
1
  102
RTVSPropertyOp24
  70
1
  102
RTVSPropertyOp25
  70
1
  102
RTVSPropertyOp26
  70
1
  102
RTVSPropertyOp27
  70
1
  102
RTVSPropertyOp28
  70
1
  102
RTVSPropertyOp29
  70
1
  102
RTVSPropertyOp30
  70
1
  102
RTVSPropertyOp31
  70
1
  102
RTVSPropertyOp32
  70
1
  102
RTVSPropertyOp33
  70
1
  102
RTVSPropertyOp34
  70
1
  102
RTVSPropertyOp35
  70
1
  102
RTVSPropertyOp36
  70
1
  102
RTVSPropertyOp37
  70
1
  102
RTVSPropertyOp38
  70
1
  102
RTVSPropertyOp39
  70
1
  102
RTVSPropertyOp40
  70
1
  102
RTVSPropertyOp41
  70
1
  102
RTVSPropertyOp42
  70
1
  102
RTVSPropertyOp43
  70
1
  102
RTVSPropertyOp44
  70
1
  102
RTVSPropertyOp45
  70
1
  102
RTVSPropertyOp46
  70
1
  102
RTVSPropertyOp47
  70
1
  102
RTVSPropertyOp48
  70
1
  102
RTVSPropertyOp49
  70
1
  102
RTVSPropertyOp50
  70
1
  102
RTVSPropertyOp51
  70
0
  102
RTVSPropertyOp52
  70
0
  102
RTVSPropertyOp53
  70
1
  102
RTVSPropertyOp54
  70
1
  102
RTVSPropertyOp55
  70
1
  102
RTVSPropertyOp56
  70
1
  102
RTVSPropertyOp57
  70
1
  102
RTVSPropertyOp58
  70
1
  102
RTVSPropertyOp59
  70
1
  102
RTVSPropertyOp60
  70
1
  102
RTVSPropertyOp61
  70
1
  102
RTVSPropertyOp62
  70
1
  0
XRECORD
  5
319
  102
{ACAD_REACTORS
  330
318
  102
}
  330
318
  100
AcDbXrecord
  280
1
  102
RTVSPost2010Prop28
  280
0
  102
RTVSPost2010PropOp28
  70
1
  102
RTVSPost2010Prop29
  280
1
  102
RTVSPost2010PropOp29
  70
1
  102
RTVSPost2010Prop30
  280
1
  102
RTVSPost2010PropOp30
  70
1
  102
RTVSPost2010Prop31
  280
0
  102
RTVSPost2010PropOp31
  70
1
  102
RTVSPost2010Prop32
  280
0
  102
RTVSPost2010PropOp32
  70
1
  102
RTVSPost2010Prop33
  280
0
  102
RTVSPost2010PropOp33
  70
1
  102
RTVSPost2010Prop34
  280
0
  102
RTVSPost2010PropOp34
  70
1
  102
RTVSPost2010Prop35
  280
0
  102
RTVSPost2010PropOp35
  70
1
  102
RTVSPost2010Prop36
  280
0
  102
RTVSPost2010PropOp36
  70
1
  102
RTVSPost2010Prop37
  90
50
  102
RTVSPost2010PropOp37
  70
1
  102
RTVSPost2010Prop38
  140
0
  102
RTVSPost2010PropOp38
  70
1
  102
RTVSPost2010Prop39
  140
1
  102
RTVSPost2010PropOp39
  70
1
  102
RTVSPost2010Prop40
  90
0
  102
RTVSPost2010PropOp40
  70
1
  102
RTVSPost2010Prop41ColorIndex
  90
18
  102
RTVSPost2010Prop41ColorRGB
  90
0
  102
RTVSPost2010PropOp41
  70
1
  102
RTVSPost2010Prop42
  90
50
  102
RTVSPost2010PropOp42
  70
1
  102
RTVSPost2010Prop43
  90
3
  102
RTVSPost2010PropOp43
  70
1
  102
RTVSPost2010Prop44ColorIndex
  90
5
  102
RTVSPost2010Prop44ColorRGB
  90
255
  102
RTVSPost2010PropOp44
  70
1
  102
RTVSPost2010Prop45
  280
0
  102
RTVSPost2010PropOp45
  70
1
  102
RTVSPost2010Prop46
  90
50
  102
RTVSPost2010PropOp46
  70
1
  102
RTVSPost2010Prop47
  90
50
  102
RTVSPost2010PropOp47
  70
1
  102
RTVSPost2010Prop48
  90
50
  102
RTVSPost2010PropOp48
  70
1
  102
RTVSPost2010Prop49
  280
0
  102
RTVSPost2010PropOp49
  70
1
  102
RTVSPost2010Prop50
  90
50
  102
RTVSPost2010PropOp50
  70
1
  102
RTVSPost2010Prop51ColorIndex
  90
256
  102
RTVSPost2010Prop51ColorRGB
  90
-16777216
  102
RTVSPost2010PropOp51
  70
0
  102
RTVSPost2010Prop52
  140
1
  102
RTVSPost2010PropOp52
  70
0
  102
RTVSPost2010Prop53
  90
2
  102
RTVSPost2010PropOp53
  70
1
  102
RTVSPost2010Prop54
  1
strokes_ogs.tif
  102
RTVSPost2010PropOp54
  70
1
  102
RTVSPost2010Prop55
  280
0
  102
RTVSPost2010PropOp55
  70
1
  102
RTVSPost2010Prop56
  140
1
  102
RTVSPost2010PropOp56
  70
1
  102
RTVSPost2010Prop57
  140
1
  102
RTVSPost2010PropOp57
  70
1
  102
RTVSPropertyOp0
  70
1
  102
RTVSPropertyOp1
  70
1
  102
RTVSPropertyOp2
  70
1
  102
RTVSPropertyOp3
  70
1
  102
RTVSPropertyOp4
  70
1
  102
RTVSPropertyOp5
  70
1
  102
RTVSPropertyOp6
  70
1
  102
RTVSPropertyOp7
  70
1
  102
RTVSPropertyOp8
  70
1
  102
RTVSPropertyOp9
  70
1
  102
RTVSPropertyOp10
  70
1
  102
RTVSPropertyOp11
  70
1
  102
RTVSPropertyOp12
  70
1
  102
RTVSPropertyOp13
  70
1
  102
RTVSPropertyOp14
  70
1
  102
RTVSPropertyOp15
  70
1
  102
RTVSPropertyOp16
  70
1
  102
RTVSPropertyOp17
  70
1
  102
RTVSPropertyOp18
  70
1
  102
RTVSPropertyOp19
  70
1
  102
RTVSPropertyOp20
  70
1
  102
RTVSPropertyOp21
  70
1
  102
RTVSPropertyOp22
  70
1
  102
RTVSPropertyOp23
  70
1
  102
RTVSPropertyOp24
  70
1
  102
RTVSPropertyOp25
  70
1
  102
RTVSPropertyOp26
  70
1
  102
RTVSPropertyOp27
  70
1
  102
RTVSPropertyOp28
  70
1
  102
RTVSPropertyOp29
  70
1
  102
RTVSPropertyOp30
  70
1
  102
RTVSPropertyOp31
  70
1
  102
RTVSPropertyOp32
  70
1
  102
RTVSPropertyOp33
  70
1
  102
RTVSPropertyOp34
  70
1
  102
RTVSPropertyOp35
  70
1
  102
RTVSPropertyOp36
  70
1
  102
RTVSPropertyOp37
  70
1
  102
RTVSPropertyOp38
  70
1
  102
RTVSPropertyOp39
  70
1
  102
RTVSPropertyOp40
  70
1
  102
RTVSPropertyOp41
  70
1
  102
RTVSPropertyOp42
  70
1
  102
RTVSPropertyOp43
  70
1
  102
RTVSPropertyOp44
  70
1
  102
RTVSPropertyOp45
  70
1
  102
RTVSPropertyOp46
  70
1
  102
RTVSPropertyOp47
  70
1
  102
RTVSPropertyOp48
  70
1
  102
RTVSPropertyOp49
  70
1
  102
RTVSPropertyOp50
  70
1
  102
RTVSPropertyOp51
  70
0
  102
RTVSPropertyOp52
  70
0
  102
RTVSPropertyOp53
  70
1
  102
RTVSPropertyOp54
  70
1
  102
RTVSPropertyOp55
  70
1
  102
RTVSPropertyOp56
  70
1
  102
RTVSPropertyOp57
  70
1
  102
RTVSPropertyOp58
  70
1
  102
RTVSPropertyOp59
  70
1
  102
RTVSPropertyOp60
  70
1
  102
RTVSPropertyOp61
  70
1
  102
RTVSPropertyOp62
  70
1
  0
XRECORD
  5
32B
  102
{ACAD_REACTORS
  330
32A
  102
}
  330
32A
  100
AcDbXrecord
  280
1
  102
RTVSPost2010Prop28
  280
0
  102
RTVSPost2010PropOp28
  70
1
  102
RTVSPost2010Prop29
  280
1
  102
RTVSPost2010PropOp29
  70
1
  102
RTVSPost2010Prop30
  280
1
  102
RTVSPost2010PropOp30
  70
1
  102
RTVSPost2010Prop31
  280
0
  102
RTVSPost2010PropOp31
  70
1
  102
RTVSPost2010Prop32
  280
0
  102
RTVSPost2010PropOp32
  70
1
  102
RTVSPost2010Prop33
  280
0
  102
RTVSPost2010PropOp33
  70
1
  102
RTVSPost2010Prop34
  280
0
  102
RTVSPost2010PropOp34
  70
1
  102
RTVSPost2010Prop35
  280
0
  102
RTVSPost2010PropOp35
  70
1
  102
RTVSPost2010Prop36
  280
0
  102
RTVSPost2010PropOp36
  70
1
  102
RTVSPost2010Prop37
  90
50
  102
RTVSPost2010PropOp37
  70
1
  102
RTVSPost2010Prop38
  140
0
  102
RTVSPost2010PropOp38
  70
1
  102
RTVSPost2010Prop39
  140
1
  102
RTVSPost2010PropOp39
  70
1
  102
RTVSPost2010Prop40
  90
0
  102
RTVSPost2010PropOp40
  70
1
  102
RTVSPost2010Prop41ColorIndex
  90
18
  102
RTVSPost2010Prop41ColorRGB
  90
0
  102
RTVSPost2010PropOp41
  70
1
  102
RTVSPost2010Prop42
  90
50
  102
RTVSPost2010PropOp42
  70
1
  102
RTVSPost2010Prop43
  90
3
  102
RTVSPost2010PropOp43
  70
1
  102
RTVSPost2010Prop44ColorIndex
  90
5
  102
RTVSPost2010Prop44ColorRGB
  90
255
  102
RTVSPost2010PropOp44
  70
1
  102
RTVSPost2010Prop45
  280
0
  102
RTVSPost2010PropOp45
  70
1
  102
RTVSPost2010Prop46
  90
50
  102
RTVSPost2010PropOp46
  70
1
  102
RTVSPost2010Prop47
  90
50
  102
RTVSPost2010PropOp47
  70
1
  102
RTVSPost2010Prop48
  90
50
  102
RTVSPost2010PropOp48
  70
1
  102
RTVSPost2010Prop49
  280
0
  102
RTVSPost2010PropOp49
  70
1
  102
RTVSPost2010Prop50
  90
50
  102
RTVSPost2010PropOp50
  70
1
  102
RTVSPost2010Prop51ColorIndex
  90
256
  102
RTVSPost2010Prop51ColorRGB
  90
-16777216
  102
RTVSPost2010PropOp51
  70
0
  102
RTVSPost2010Prop52
  140
1
  102
RTVSPost2010PropOp52
  70
0
  102
RTVSPost2010Prop53
  90
2
  102
RTVSPost2010PropOp53
  70
1
  102
RTVSPost2010Prop54
  1
strokes_ogs.tif
  102
RTVSPost2010PropOp54
  70
1
  102
RTVSPost2010Prop55
  280
0
  102
RTVSPost2010PropOp55
  70
1
  102
RTVSPost2010Prop56
  140
1
  102
RTVSPost2010PropOp56
  70
1
  102
RTVSPost2010Prop57
  140
1
  102
RTVSPost2010PropOp57
  70
1
  102
RTVSPropertyOp0
  70
0
  102
RTVSPropertyOp1
  70
0
  102
RTVSPropertyOp2
  70
0
  102
RTVSPropertyOp3
  70
0
  102
RTVSPropertyOp4
  70
0
  102
RTVSPropertyOp5
  70
0
  102
RTVSPropertyOp6
  70
0
  102
RTVSPropertyOp7
  70
0
  102
RTVSPropertyOp8
  70
0
  102
RTVSPropertyOp9
  70
0
  102
RTVSPropertyOp10
  70
0
  102
RTVSPropertyOp11
  70
0
  102
RTVSPropertyOp12
  70
0
  102
RTVSPropertyOp13
  70
0
  102
RTVSPropertyOp14
  70
2
  102
RTVSPropertyOp15
  70
0
  102
RTVSPropertyOp16
  70
0
  102
RTVSPropertyOp17
  70
0
  102
RTVSPropertyOp18
  70
0
  102
RTVSPropertyOp19
  70
0
  102
RTVSPropertyOp20
  70
0
  102
RTVSPropertyOp21
  70
0
  102
RTVSPropertyOp22
  70
0
  102
RTVSPropertyOp23
  70
0
  102
RTVSPropertyOp24
  70
0
  102
RTVSPropertyOp25
  70
0
  102
RTVSPropertyOp26
  70
0
  102
RTVSPropertyOp27
  70
0
  102
RTVSPropertyOp28
  70
1
  102
RTVSPropertyOp29
  70
1
  102
RTVSPropertyOp30
  70
1
  102
RTVSPropertyOp31
  70
1
  102
RTVSPropertyOp32
  70
1
  102
RTVSPropertyOp33
  70
1
  102
RTVSPropertyOp34
  70
1
  102
RTVSPropertyOp35
  70
1
  102
RTVSPropertyOp36
  70
1
  102
RTVSPropertyOp37
  70
1
  102
RTVSPropertyOp38
  70
1
  102
RTVSPropertyOp39
  70
1
  102
RTVSPropertyOp40
  70
1
  102
RTVSPropertyOp41
  70
1
  102
RTVSPropertyOp42
  70
1
  102
RTVSPropertyOp43
  70
1
  102
RTVSPropertyOp44
  70
1
  102
RTVSPropertyOp45
  70
1
  102
RTVSPropertyOp46
  70
1
  102
RTVSPropertyOp47
  70
1
  102
RTVSPropertyOp48
  70
1
  102
RTVSPropertyOp49
  70
1
  102
RTVSPropertyOp50
  70
1
  102
RTVSPropertyOp51
  70
0
  102
RTVSPropertyOp52
  70
0
  102
RTVSPropertyOp53
  70
1
  102
RTVSPropertyOp54
  70
1
  102
RTVSPropertyOp55
  70
1
  102
RTVSPropertyOp56
  70
1
  102
RTVSPropertyOp57
  70
1
  102
RTVSPropertyOp58
  70
1
  102
RTVSPropertyOp59
  70
1
  102
RTVSPropertyOp60
  70
1
  102
RTVSPropertyOp61
  70
1
  102
RTVSPropertyOp62
  70
1
  0
XRECORD
  5
325
  102
{ACAD_REACTORS
  330
324
  102
}
  330
324
  100
AcDbXrecord
  280
1
  102
RTVSPost2010Prop28
  280
0
  102
RTVSPost2010PropOp28
  70
1
  102
RTVSPost2010Prop29
  280
1
  102
RTVSPost2010PropOp29
  70
1
  102
RTVSPost2010Prop30
  280
1
  102
RTVSPost2010PropOp30
  70
1
  102
RTVSPost2010Prop31
  280
0
  102
RTVSPost2010PropOp31
  70
1
  102
RTVSPost2010Prop32
  280
0
  102
RTVSPost2010PropOp32
  70
1
  102
RTVSPost2010Prop33
  280
0
  102
RTVSPost2010PropOp33
  70
1
  102
RTVSPost2010Prop34
  280
0
  102
RTVSPost2010PropOp34
  70
1
  102
RTVSPost2010Prop35
  280
0
  102
RTVSPost2010PropOp35
  70
1
  102
RTVSPost2010Prop36
  280
0
  102
RTVSPost2010PropOp36
  70
1
  102
RTVSPost2010Prop37
  90
50
  102
RTVSPost2010PropOp37
  70
1
  102
RTVSPost2010Prop38
  140
0
  102
RTVSPost2010PropOp38
  70
1
  102
RTVSPost2010Prop39
  140
1
  102
RTVSPost2010PropOp39
  70
1
  102
RTVSPost2010Prop40
  90
0
  102
RTVSPost2010PropOp40
  70
1
  102
RTVSPost2010Prop41ColorIndex
  90
18
  102
RTVSPost2010Prop41ColorRGB
  90
0
  102
RTVSPost2010PropOp41
  70
1
  102
RTVSPost2010Prop42
  90
50
  102
RTVSPost2010PropOp42
  70
1
  102
RTVSPost2010Prop43
  90
3
  102
RTVSPost2010PropOp43
  70
1
  102
RTVSPost2010Prop44ColorIndex
  90
5
  102
RTVSPost2010Prop44ColorRGB
  90
255
  102
RTVSPost2010PropOp44
  70
1
  102
RTVSPost2010Prop45
  280
0
  102
RTVSPost2010PropOp45
  70
1
  102
RTVSPost2010Prop46
  90
50
  102
RTVSPost2010PropOp46
  70
1
  102
RTVSPost2010Prop47
  90
50
  102
RTVSPost2010PropOp47
  70
1
  102
RTVSPost2010Prop48
  90
50
  102
RTVSPost2010PropOp48
  70
1
  102
RTVSPost2010Prop49
  280
0
  102
RTVSPost2010PropOp49
  70
1
  102
RTVSPost2010Prop50
  90
50
  102
RTVSPost2010PropOp50
  70
1
  102
RTVSPost2010Prop51ColorIndex
  90
256
  102
RTVSPost2010Prop51ColorRGB
  90
-16777216
  102
RTVSPost2010PropOp51
  70
0
  102
RTVSPost2010Prop52
  140
1
  102
RTVSPost2010PropOp52
  70
0
  102
RTVSPost2010Prop53
  90
2
  102
RTVSPost2010PropOp53
  70
1
  102
RTVSPost2010Prop54
  1
strokes_ogs.tif
  102
RTVSPost2010PropOp54
  70
1
  102
RTVSPost2010Prop55
  280
0
  102
RTVSPost2010PropOp55
  70
1
  102
RTVSPost2010Prop56
  140
1
  102
RTVSPost2010PropOp56
  70
1
  102
RTVSPost2010Prop57
  140
1
  102
RTVSPost2010PropOp57
  70
1
  102
RTVSPropertyOp0
  70
1
  102
RTVSPropertyOp1
  70
1
  102
RTVSPropertyOp2
  70
1
  102
RTVSPropertyOp3
  70
1
  102
RTVSPropertyOp4
  70
1
  102
RTVSPropertyOp5
  70
1
  102
RTVSPropertyOp6
  70
1
  102
RTVSPropertyOp7
  70
1
  102
RTVSPropertyOp8
  70
1
  102
RTVSPropertyOp9
  70
1
  102
RTVSPropertyOp10
  70
1
  102
RTVSPropertyOp11
  70
1
  102
RTVSPropertyOp12
  70
1
  102
RTVSPropertyOp13
  70
1
  102
RTVSPropertyOp14
  70
1
  102
RTVSPropertyOp15
  70
1
  102
RTVSPropertyOp16
  70
1
  102
RTVSPropertyOp17
  70
1
  102
RTVSPropertyOp18
  70
1
  102
RTVSPropertyOp19
  70
1
  102
RTVSPropertyOp20
  70
1
  102
RTVSPropertyOp21
  70
1
  102
RTVSPropertyOp22
  70
1
  102
RTVSPropertyOp23
  70
1
  102
RTVSPropertyOp24
  70
1
  102
RTVSPropertyOp25
  70
1
  102
RTVSPropertyOp26
  70
1
  102
RTVSPropertyOp27
  70
1
  102
RTVSPropertyOp28
  70
1
  102
RTVSPropertyOp29
  70
1
  102
RTVSPropertyOp30
  70
1
  102
RTVSPropertyOp31
  70
1
  102
RTVSPropertyOp32
  70
1
  102
RTVSPropertyOp33
  70
1
  102
RTVSPropertyOp34
  70
1
  102
RTVSPropertyOp35
  70
1
  102
RTVSPropertyOp36
  70
1
  102
RTVSPropertyOp37
  70
1
  102
RTVSPropertyOp38
  70
1
  102
RTVSPropertyOp39
  70
1
  102
RTVSPropertyOp40
  70
1
  102
RTVSPropertyOp41
  70
1
  102
RTVSPropertyOp42
  70
1
  102
RTVSPropertyOp43
  70
1
  102
RTVSPropertyOp44
  70
1
  102
RTVSPropertyOp45
  70
1
  102
RTVSPropertyOp46
  70
1
  102
RTVSPropertyOp47
  70
1
  102
RTVSPropertyOp48
  70
1
  102
RTVSPropertyOp49
  70
1
  102
RTVSPropertyOp50
  70
1
  102
RTVSPropertyOp51
  70
0
  102
RTVSPropertyOp52
  70
0
  102
RTVSPropertyOp53
  70
1
  102
RTVSPropertyOp54
  70
1
  102
RTVSPropertyOp55
  70
1
  102
RTVSPropertyOp56
  70
1
  102
RTVSPropertyOp57
  70
1
  102
RTVSPropertyOp58
  70
1
  102
RTVSPropertyOp59
  70
1
  102
RTVSPropertyOp60
  70
1
  102
RTVSPropertyOp61
  70
1
  102
RTVSPropertyOp62
  70
1
  0
XRECORD
  5
32D
  102
{ACAD_REACTORS
  330
32C
  102
}
  330
32C
  100
AcDbXrecord
  280
1
  102
RTVSPost2010Prop28
  280
0
  102
RTVSPost2010PropOp28
  70
1
  102
RTVSPost2010Prop29
  280
1
  102
RTVSPost2010PropOp29
  70
1
  102
RTVSPost2010Prop30
  280
1
  102
RTVSPost2010PropOp30
  70
1
  102
RTVSPost2010Prop31
  280
0
  102
RTVSPost2010PropOp31
  70
1
  102
RTVSPost2010Prop32
  280
0
  102
RTVSPost2010PropOp32
  70
1
  102
RTVSPost2010Prop33
  280
0
  102
RTVSPost2010PropOp33
  70
1
  102
RTVSPost2010Prop34
  280
0
  102
RTVSPost2010PropOp34
  70
1
  102
RTVSPost2010Prop35
  280
0
  102
RTVSPost2010PropOp35
  70
1
  102
RTVSPost2010Prop36
  280
0
  102
RTVSPost2010PropOp36
  70
1
  102
RTVSPost2010Prop37
  90
50
  102
RTVSPost2010PropOp37
  70
1
  102
RTVSPost2010Prop38
  140
0
  102
RTVSPost2010PropOp38
  70
1
  102
RTVSPost2010Prop39
  140
1
  102
RTVSPost2010PropOp39
  70
1
  102
RTVSPost2010Prop40
  90
0
  102
RTVSPost2010PropOp40
  70
1
  102
RTVSPost2010Prop41ColorIndex
  90
18
  102
RTVSPost2010Prop41ColorRGB
  90
0
  102
RTVSPost2010PropOp41
  70
1
  102
RTVSPost2010Prop42
  90
50
  102
RTVSPost2010PropOp42
  70
1
  102
RTVSPost2010Prop43
  90
3
  102
RTVSPost2010PropOp43
  70
1
  102
RTVSPost2010Prop44ColorIndex
  90
5
  102
RTVSPost2010Prop44ColorRGB
  90
255
  102
RTVSPost2010PropOp44
  70
1
  102
RTVSPost2010Prop45
  280
0
  102
RTVSPost2010PropOp45
  70
1
  102
RTVSPost2010Prop46
  90
50
  102
RTVSPost2010PropOp46
  70
1
  102
RTVSPost2010Prop47
  90
50
  102
RTVSPost2010PropOp47
  70
1
  102
RTVSPost2010Prop48
  90
50
  102
RTVSPost2010PropOp48
  70
1
  102
RTVSPost2010Prop49
  280
0
  102
RTVSPost2010PropOp49
  70
1
  102
RTVSPost2010Prop50
  90
50
  102
RTVSPost2010PropOp50
  70
1
  102
RTVSPost2010Prop51ColorIndex
  90
256
  102
RTVSPost2010Prop51ColorRGB
  90
-16777216
  102
RTVSPost2010PropOp51
  70
0
  102
RTVSPost2010Prop52
  140
1
  102
RTVSPost2010PropOp52
  70
0
  102
RTVSPost2010Prop53
  90
2
  102
RTVSPost2010PropOp53
  70
1
  102
RTVSPost2010Prop54
  1
strokes_ogs.tif
  102
RTVSPost2010PropOp54
  70
1
  102
RTVSPost2010Prop55
  280
0
  102
RTVSPost2010PropOp55
  70
1
  102
RTVSPost2010Prop56
  140
1
  102
RTVSPost2010PropOp56
  70
1
  102
RTVSPost2010Prop57
  140
1
  102
RTVSPost2010PropOp57
  70
1
  102
RTVSPropertyOp0
  70
0
  102
RTVSPropertyOp1
  70
0
  102
RTVSPropertyOp2
  70
0
  102
RTVSPropertyOp3
  70
0
  102
RTVSPropertyOp4
  70
0
  102
RTVSPropertyOp5
  70
0
  102
RTVSPropertyOp6
  70
0
  102
RTVSPropertyOp7
  70
0
  102
RTVSPropertyOp8
  70
0
  102
RTVSPropertyOp9
  70
0
  102
RTVSPropertyOp10
  70
0
  102
RTVSPropertyOp11
  70
0
  102
RTVSPropertyOp12
  70
0
  102
RTVSPropertyOp13
  70
0
  102
RTVSPropertyOp14
  70
2
  102
RTVSPropertyOp15
  70
0
  102
RTVSPropertyOp16
  70
0
  102
RTVSPropertyOp17
  70
0
  102
RTVSPropertyOp18
  70
0
  102
RTVSPropertyOp19
  70
0
  102
RTVSPropertyOp20
  70
0
  102
RTVSPropertyOp21
  70
0
  102
RTVSPropertyOp22
  70
0
  102
RTVSPropertyOp23
  70
0
  102
RTVSPropertyOp24
  70
0
  102
RTVSPropertyOp25
  70
0
  102
RTVSPropertyOp26
  70
0
  102
RTVSPropertyOp27
  70
0
  102
RTVSPropertyOp28
  70
1
  102
RTVSPropertyOp29
  70
1
  102
RTVSPropertyOp30
  70
1
  102
RTVSPropertyOp31
  70
1
  102
RTVSPropertyOp32
  70
1
  102
RTVSPropertyOp33
  70
1
  102
RTVSPropertyOp34
  70
1
  102
RTVSPropertyOp35
  70
1
  102
RTVSPropertyOp36
  70
1
  102
RTVSPropertyOp37
  70
1
  102
RTVSPropertyOp38
  70
1
  102
RTVSPropertyOp39
  70
1
  102
RTVSPropertyOp40
  70
1
  102
RTVSPropertyOp41
  70
1
  102
RTVSPropertyOp42
  70
1
  102
RTVSPropertyOp43
  70
1
  102
RTVSPropertyOp44
  70
1
  102
RTVSPropertyOp45
  70
1
  102
RTVSPropertyOp46
  70
1
  102
RTVSPropertyOp47
  70
1
  102
RTVSPropertyOp48
  70
1
  102
RTVSPropertyOp49
  70
1
  102
RTVSPropertyOp50
  70
1
  102
RTVSPropertyOp51
  70
0
  102
RTVSPropertyOp52
  70
0
  102
RTVSPropertyOp53
  70
1
  102
RTVSPropertyOp54
  70
1
  102
RTVSPropertyOp55
  70
1
  102
RTVSPropertyOp56
  70
1
  102
RTVSPropertyOp57
  70
1
  102
RTVSPropertyOp58
  70
1
  102
RTVSPropertyOp59
  70
1
  102
RTVSPropertyOp60
  70
1
  102
RTVSPropertyOp61
  70
1
  102
RTVSPropertyOp62
  70
1
  0
XRECORD
  5
31D
  102
{ACAD_REACTORS
  330
31C
  102
}
  330
31C
  100
AcDbXrecord
  280
1
  102
RTVSPost2010Prop28
  280
0
  102
RTVSPost2010PropOp28
  70
1
  102
RTVSPost2010Prop29
  280
1
  102
RTVSPost2010PropOp29
  70
1
  102
RTVSPost2010Prop30
  280
1
  102
RTVSPost2010PropOp30
  70
1
  102
RTVSPost2010Prop31
  280
0
  102
RTVSPost2010PropOp31
  70
1
  102
RTVSPost2010Prop32
  280
0
  102
RTVSPost2010PropOp32
  70
1
  102
RTVSPost2010Prop33
  280
0
  102
RTVSPost2010PropOp33
  70
1
  102
RTVSPost2010Prop34
  280
0
  102
RTVSPost2010PropOp34
  70
1
  102
RTVSPost2010Prop35
  280
0
  102
RTVSPost2010PropOp35
  70
1
  102
RTVSPost2010Prop36
  280
0
  102
RTVSPost2010PropOp36
  70
1
  102
RTVSPost2010Prop37
  90
50
  102
RTVSPost2010PropOp37
  70
1
  102
RTVSPost2010Prop38
  140
0
  102
RTVSPost2010PropOp38
  70
1
  102
RTVSPost2010Prop39
  140
1
  102
RTVSPost2010PropOp39
  70
1
  102
RTVSPost2010Prop40
  90
0
  102
RTVSPost2010PropOp40
  70
1
  102
RTVSPost2010Prop41ColorIndex
  90
18
  102
RTVSPost2010Prop41ColorRGB
  90
0
  102
RTVSPost2010PropOp41
  70
1
  102
RTVSPost2010Prop42
  90
50
  102
RTVSPost2010PropOp42
  70
1
  102
RTVSPost2010Prop43
  90
3
  102
RTVSPost2010PropOp43
  70
1
  102
RTVSPost2010Prop44ColorIndex
  90
5
  102
RTVSPost2010Prop44ColorRGB
  90
255
  102
RTVSPost2010PropOp44
  70
1
  102
RTVSPost2010Prop45
  280
0
  102
RTVSPost2010PropOp45
  70
1
  102
RTVSPost2010Prop46
  90
50
  102
RTVSPost2010PropOp46
  70
1
  102
RTVSPost2010Prop47
  90
50
  102
RTVSPost2010PropOp47
  70
1
  102
RTVSPost2010Prop48
  90
50
  102
RTVSPost2010PropOp48
  70
1
  102
RTVSPost2010Prop49
  280
0
  102
RTVSPost2010PropOp49
  70
1
  102
RTVSPost2010Prop50
  90
50
  102
RTVSPost2010PropOp50
  70
1
  102
RTVSPost2010Prop51ColorIndex
  90
256
  102
RTVSPost2010Prop51ColorRGB
  90
-16777216
  102
RTVSPost2010PropOp51
  70
0
  102
RTVSPost2010Prop52
  140
1
  102
RTVSPost2010PropOp52
  70
0
  102
RTVSPost2010Prop53
  90
2
  102
RTVSPost2010PropOp53
  70
1
  102
RTVSPost2010Prop54
  1
strokes_ogs.tif
  102
RTVSPost2010PropOp54
  70
1
  102
RTVSPost2010Prop55
  280
0
  102
RTVSPost2010PropOp55
  70
1
  102
RTVSPost2010Prop56
  140
1
  102
RTVSPost2010PropOp56
  70
1
  102
RTVSPost2010Prop57
  140
1
  102
RTVSPost2010PropOp57
  70
1
  102
RTVSPropertyOp0
  70
1
  102
RTVSPropertyOp1
  70
1
  102
RTVSPropertyOp2
  70
1
  102
RTVSPropertyOp3
  70
1
  102
RTVSPropertyOp4
  70
1
  102
RTVSPropertyOp5
  70
1
  102
RTVSPropertyOp6
  70
1
  102
RTVSPropertyOp7
  70
1
  102
RTVSPropertyOp8
  70
1
  102
RTVSPropertyOp9
  70
1
  102
RTVSPropertyOp10
  70
1
  102
RTVSPropertyOp11
  70
1
  102
RTVSPropertyOp12
  70
1
  102
RTVSPropertyOp13
  70
1
  102
RTVSPropertyOp14
  70
1
  102
RTVSPropertyOp15
  70
1
  102
RTVSPropertyOp16
  70
1
  102
RTVSPropertyOp17
  70
1
  102
RTVSPropertyOp18
  70
1
  102
RTVSPropertyOp19
  70
1
  102
RTVSPropertyOp20
  70
1
  102
RTVSPropertyOp21
  70
1
  102
RTVSPropertyOp22
  70
1
  102
RTVSPropertyOp23
  70
1
  102
RTVSPropertyOp24
  70
1
  102
RTVSPropertyOp25
  70
1
  102
RTVSPropertyOp26
  70
1
  102
RTVSPropertyOp27
  70
1
  102
RTVSPropertyOp28
  70
1
  102
RTVSPropertyOp29
  70
1
  102
RTVSPropertyOp30
  70
1
  102
RTVSPropertyOp31
  70
1
  102
RTVSPropertyOp32
  70
1
  102
RTVSPropertyOp33
  70
1
  102
RTVSPropertyOp34
  70
1
  102
RTVSPropertyOp35
  70
1
  102
RTVSPropertyOp36
  70
1
  102
RTVSPropertyOp37
  70
1
  102
RTVSPropertyOp38
  70
1
  102
RTVSPropertyOp39
  70
1
  102
RTVSPropertyOp40
  70
1
  102
RTVSPropertyOp41
  70
1
  102
RTVSPropertyOp42
  70
1
  102
RTVSPropertyOp43
  70
1
  102
RTVSPropertyOp44
  70
1
  102
RTVSPropertyOp45
  70
1
  102
RTVSPropertyOp46
  70
1
  102
RTVSPropertyOp47
  70
1
  102
RTVSPropertyOp48
  70
1
  102
RTVSPropertyOp49
  70
1
  102
RTVSPropertyOp50
  70
1
  102
RTVSPropertyOp51
  70
0
  102
RTVSPropertyOp52
  70
0
  102
RTVSPropertyOp53
  70
1
  102
RTVSPropertyOp54
  70
1
  102
RTVSPropertyOp55
  70
1
  102
RTVSPropertyOp56
  70
1
  102
RTVSPropertyOp57
  70
1
  102
RTVSPropertyOp58
  70
1
  102
RTVSPropertyOp59
  70
1
  102
RTVSPropertyOp60
  70
1
  102
RTVSPropertyOp61
  70
1
  102
RTVSPropertyOp62
  70
1
  0
XRECORD
  5
339
  102
{ACAD_REACTORS
  330
338
  102
}
  330
338
  100
AcDbXrecord
  280
1
  102
RTVSPost2010Prop28
  280
0
  102
RTVSPost2010PropOp28
  70
1
  102
RTVSPost2010Prop29
  280
1
  102
RTVSPost2010PropOp29
  70
1
  102
RTVSPost2010Prop30
  280
1
  102
RTVSPost2010PropOp30
  70
1
  102
RTVSPost2010Prop31
  280
0
  102
RTVSPost2010PropOp31
  70
1
  102
RTVSPost2010Prop32
  280
0
  102
RTVSPost2010PropOp32
  70
1
  102
RTVSPost2010Prop33
  280
0
  102
RTVSPost2010PropOp33
  70
1
  102
RTVSPost2010Prop34
  280
0
  102
RTVSPost2010PropOp34
  70
1
  102
RTVSPost2010Prop35
  280
0
  102
RTVSPost2010PropOp35
  70
1
  102
RTVSPost2010Prop36
  280
0
  102
RTVSPost2010PropOp36
  70
1
  102
RTVSPost2010Prop37
  90
50
  102
RTVSPost2010PropOp37
  70
1
  102
RTVSPost2010Prop38
  140
0
  102
RTVSPost2010PropOp38
  70
1
  102
RTVSPost2010Prop39
  140
1
  102
RTVSPost2010PropOp39
  70
1
  102
RTVSPost2010Prop40
  90
0
  102
RTVSPost2010PropOp40
  70
1
  102
RTVSPost2010Prop41ColorIndex
  90
18
  102
RTVSPost2010Prop41ColorRGB
  90
0
  102
RTVSPost2010PropOp41
  70
1
  102
RTVSPost2010Prop42
  90
50
  102
RTVSPost2010PropOp42
  70
1
  102
RTVSPost2010Prop43
  90
3
  102
RTVSPost2010PropOp43
  70
1
  102
RTVSPost2010Prop44ColorIndex
  90
5
  102
RTVSPost2010Prop44ColorRGB
  90
255
  102
RTVSPost2010PropOp44
  70
1
  102
RTVSPost2010Prop45
  280
0
  102
RTVSPost2010PropOp45
  70
1
  102
RTVSPost2010Prop46
  90
50
  102
RTVSPost2010PropOp46
  70
1
  102
RTVSPost2010Prop47
  90
50
  102
RTVSPost2010PropOp47
  70
1
  102
RTVSPost2010Prop48
  90
50
  102
RTVSPost2010PropOp48
  70
1
  102
RTVSPost2010Prop49
  280
0
  102
RTVSPost2010PropOp49
  70
1
  102
RTVSPost2010Prop50
  90
50
  102
RTVSPost2010PropOp50
  70
1
  102
RTVSPost2010Prop51ColorIndex
  90
256
  102
RTVSPost2010Prop51ColorRGB
  90
-16777216
  102
RTVSPost2010PropOp51
  70
0
  102
RTVSPost2010Prop52
  140
1
  102
RTVSPost2010PropOp52
  70
0
  102
RTVSPost2010Prop53
  90
2
  102
RTVSPost2010PropOp53
  70
1
  102
RTVSPost2010Prop54
  1
strokes_ogs.tif
  102
RTVSPost2010PropOp54
  70
1
  102
RTVSPost2010Prop55
  280
0
  102
RTVSPost2010PropOp55
  70
1
  102
RTVSPost2010Prop56
  140
1
  102
RTVSPost2010PropOp56
  70
1
  102
RTVSPost2010Prop57
  140
1
  102
RTVSPost2010PropOp57
  70
1
  102
RTVSPropertyOp0
  70
1
  102
RTVSPropertyOp1
  70
1
  102
RTVSPropertyOp2
  70
1
  102
RTVSPropertyOp3
  70
1
  102
RTVSPropertyOp4
  70
1
  102
RTVSPropertyOp5
  70
1
  102
RTVSPropertyOp6
  70
1
  102
RTVSPropertyOp7
  70
1
  102
RTVSPropertyOp8
  70
1
  102
RTVSPropertyOp9
  70
1
  102
RTVSPropertyOp10
  70
1
  102
RTVSPropertyOp11
  70
1
  102
RTVSPropertyOp12
  70
1
  102
RTVSPropertyOp13
  70
1
  102
RTVSPropertyOp14
  70
1
  102
RTVSPropertyOp15
  70
1
  102
RTVSPropertyOp16
  70
1
  102
RTVSPropertyOp17
  70
1
  102
RTVSPropertyOp18
  70
1
  102
RTVSPropertyOp19
  70
1
  102
RTVSPropertyOp20
  70
1
  102
RTVSPropertyOp21
  70
1
  102
RTVSPropertyOp22
  70
1
  102
RTVSPropertyOp23
  70
1
  102
RTVSPropertyOp24
  70
1
  102
RTVSPropertyOp25
  70
1
  102
RTVSPropertyOp26
  70
1
  102
RTVSPropertyOp27
  70
1
  102
RTVSPropertyOp28
  70
1
  102
RTVSPropertyOp29
  70
1
  102
RTVSPropertyOp30
  70
1
  102
RTVSPropertyOp31
  70
1
  102
RTVSPropertyOp32
  70
1
  102
RTVSPropertyOp33
  70
1
  102
RTVSPropertyOp34
  70
1
  102
RTVSPropertyOp35
  70
1
  102
RTVSPropertyOp36
  70
1
  102
RTVSPropertyOp37
  70
1
  102
RTVSPropertyOp38
  70
1
  102
RTVSPropertyOp39
  70
1
  102
RTVSPropertyOp40
  70
1
  102
RTVSPropertyOp41
  70
1
  102
RTVSPropertyOp42
  70
1
  102
RTVSPropertyOp43
  70
1
  102
RTVSPropertyOp44
  70
1
  102
RTVSPropertyOp45
  70
1
  102
RTVSPropertyOp46
  70
1
  102
RTVSPropertyOp47
  70
1
  102
RTVSPropertyOp48
  70
1
  102
RTVSPropertyOp49
  70
1
  102
RTVSPropertyOp50
  70
1
  102
RTVSPropertyOp51
  70
0
  102
RTVSPropertyOp52
  70
0
  102
RTVSPropertyOp53
  70
1
  102
RTVSPropertyOp54
  70
1
  102
RTVSPropertyOp55
  70
1
  102
RTVSPropertyOp56
  70
1
  102
RTVSPropertyOp57
  70
1
  102
RTVSPropertyOp58
  70
1
  102
RTVSPropertyOp59
  70
1
  102
RTVSPropertyOp60
  70
1
  102
RTVSPropertyOp61
  70
1
  102
RTVSPropertyOp62
  70
1
  0
XRECORD
  5
337
  102
{ACAD_REACTORS
  330
336
  102
}
  330
336
  100
AcDbXrecord
  280
1
  102
RTVSPost2010Prop28
  280
0
  102
RTVSPost2010PropOp28
  70
1
  102
RTVSPost2010Prop29
  280
1
  102
RTVSPost2010PropOp29
  70
1
  102
RTVSPost2010Prop30
  280
1
  102
RTVSPost2010PropOp30
  70
1
  102
RTVSPost2010Prop31
  280
0
  102
RTVSPost2010PropOp31
  70
1
  102
RTVSPost2010Prop32
  280
0
  102
RTVSPost2010PropOp32
  70
1
  102
RTVSPost2010Prop33
  280
0
  102
RTVSPost2010PropOp33
  70
1
  102
RTVSPost2010Prop34
  280
0
  102
RTVSPost2010PropOp34
  70
1
  102
RTVSPost2010Prop35
  280
0
  102
RTVSPost2010PropOp35
  70
1
  102
RTVSPost2010Prop36
  280
0
  102
RTVSPost2010PropOp36
  70
1
  102
RTVSPost2010Prop37
  90
50
  102
RTVSPost2010PropOp37
  70
1
  102
RTVSPost2010Prop38
  140
0
  102
RTVSPost2010PropOp38
  70
1
  102
RTVSPost2010Prop39
  140
1
  102
RTVSPost2010PropOp39
  70
1
  102
RTVSPost2010Prop40
  90
0
  102
RTVSPost2010PropOp40
  70
1
  102
RTVSPost2010Prop41ColorIndex
  90
18
  102
RTVSPost2010Prop41ColorRGB
  90
0
  102
RTVSPost2010PropOp41
  70
1
  102
RTVSPost2010Prop42
  90
50
  102
RTVSPost2010PropOp42
  70
1
  102
RTVSPost2010Prop43
  90
3
  102
RTVSPost2010PropOp43
  70
1
  102
RTVSPost2010Prop44ColorIndex
  90
5
  102
RTVSPost2010Prop44ColorRGB
  90
255
  102
RTVSPost2010PropOp44
  70
1
  102
RTVSPost2010Prop45
  280
0
  102
RTVSPost2010PropOp45
  70
1
  102
RTVSPost2010Prop46
  90
50
  102
RTVSPost2010PropOp46
  70
1
  102
RTVSPost2010Prop47
  90
50
  102
RTVSPost2010PropOp47
  70
1
  102
RTVSPost2010Prop48
  90
50
  102
RTVSPost2010PropOp48
  70
1
  102
RTVSPost2010Prop49
  280
0
  102
RTVSPost2010PropOp49
  70
1
  102
RTVSPost2010Prop50
  90
50
  102
RTVSPost2010PropOp50
  70
1
  102
RTVSPost2010Prop51ColorIndex
  90
256
  102
RTVSPost2010Prop51ColorRGB
  90
-16777216
  102
RTVSPost2010PropOp51
  70
0
  102
RTVSPost2010Prop52
  140
1
  102
RTVSPost2010PropOp52
  70
0
  102
RTVSPost2010Prop53
  90
2
  102
RTVSPost2010PropOp53
  70
1
  102
RTVSPost2010Prop54
  1
strokes_ogs.tif
  102
RTVSPost2010PropOp54
  70
1
  102
RTVSPost2010Prop55
  280
0
  102
RTVSPost2010PropOp55
  70
1
  102
RTVSPost2010Prop56
  140
1
  102
RTVSPost2010PropOp56
  70
1
  102
RTVSPost2010Prop57
  140
1
  102
RTVSPost2010PropOp57
  70
1
  102
RTVSPropertyOp0
  70
1
  102
RTVSPropertyOp1
  70
1
  102
RTVSPropertyOp2
  70
1
  102
RTVSPropertyOp3
  70
1
  102
RTVSPropertyOp4
  70
1
  102
RTVSPropertyOp5
  70
1
  102
RTVSPropertyOp6
  70
1
  102
RTVSPropertyOp7
  70
1
  102
RTVSPropertyOp8
  70
1
  102
RTVSPropertyOp9
  70
1
  102
RTVSPropertyOp10
  70
1
  102
RTVSPropertyOp11
  70
1
  102
RTVSPropertyOp12
  70
1
  102
RTVSPropertyOp13
  70
1
  102
RTVSPropertyOp14
  70
1
  102
RTVSPropertyOp15
  70
1
  102
RTVSPropertyOp16
  70
1
  102
RTVSPropertyOp17
  70
1
  102
RTVSPropertyOp18
  70
1
  102
RTVSPropertyOp19
  70
1
  102
RTVSPropertyOp20
  70
1
  102
RTVSPropertyOp21
  70
1
  102
RTVSPropertyOp22
  70
1
  102
RTVSPropertyOp23
  70
1
  102
RTVSPropertyOp24
  70
1
  102
RTVSPropertyOp25
  70
1
  102
RTVSPropertyOp26
  70
1
  102
RTVSPropertyOp27
  70
1
  102
RTVSPropertyOp28
  70
1
  102
RTVSPropertyOp29
  70
1
  102
RTVSPropertyOp30
  70
1
  102
RTVSPropertyOp31
  70
1
  102
RTVSPropertyOp32
  70
1
  102
RTVSPropertyOp33
  70
1
  102
RTVSPropertyOp34
  70
1
  102
RTVSPropertyOp35
  70
1
  102
RTVSPropertyOp36
  70
1
  102
RTVSPropertyOp37
  70
1
  102
RTVSPropertyOp38
  70
1
  102
RTVSPropertyOp39
  70
1
  102
RTVSPropertyOp40
  70
1
  102
RTVSPropertyOp41
  70
1
  102
RTVSPropertyOp42
  70
1
  102
RTVSPropertyOp43
  70
1
  102
RTVSPropertyOp44
  70
1
  102
RTVSPropertyOp45
  70
1
  102
RTVSPropertyOp46
  70
1
  102
RTVSPropertyOp47
  70
1
  102
RTVSPropertyOp48
  70
1
  102
RTVSPropertyOp49
  70
1
  102
RTVSPropertyOp50
  70
1
  102
RTVSPropertyOp51
  70
0
  102
RTVSPropertyOp52
  70
0
  102
RTVSPropertyOp53
  70
1
  102
RTVSPropertyOp54
  70
1
  102
RTVSPropertyOp55
  70
1
  102
RTVSPropertyOp56
  70
1
  102
RTVSPropertyOp57
  70
1
  102
RTVSPropertyOp58
  70
1
  102
RTVSPropertyOp59
  70
1
  102
RTVSPropertyOp60
  70
1
  102
RTVSPropertyOp61
  70
1
  102
RTVSPropertyOp62
  70
1
  0
XRECORD
  5
331
  102
{ACAD_REACTORS
  330
330
  102
}
  330
330
  100
AcDbXrecord
  280
1
  102
RTVSPost2010Prop28
  280
0
  102
RTVSPost2010PropOp28
  70
1
  102
RTVSPost2010Prop29
  280
1
  102
RTVSPost2010PropOp29
  70
1
  102
RTVSPost2010Prop30
  280
1
  102
RTVSPost2010PropOp30
  70
1
  102
RTVSPost2010Prop31
  280
0
  102
RTVSPost2010PropOp31
  70
1
  102
RTVSPost2010Prop32
  280
0
  102
RTVSPost2010PropOp32
  70
1
  102
RTVSPost2010Prop33
  280
0
  102
RTVSPost2010PropOp33
  70
1
  102
RTVSPost2010Prop34
  280
0
  102
RTVSPost2010PropOp34
  70
1
  102
RTVSPost2010Prop35
  280
0
  102
RTVSPost2010PropOp35
  70
1
  102
RTVSPost2010Prop36
  280
0
  102
RTVSPost2010PropOp36
  70
1
  102
RTVSPost2010Prop37
  90
50
  102
RTVSPost2010PropOp37
  70
1
  102
RTVSPost2010Prop38
  140
0
  102
RTVSPost2010PropOp38
  70
1
  102
RTVSPost2010Prop39
  140
1
  102
RTVSPost2010PropOp39
  70
1
  102
RTVSPost2010Prop40
  90
0
  102
RTVSPost2010PropOp40
  70
1
  102
RTVSPost2010Prop41ColorIndex
  90
18
  102
RTVSPost2010Prop41ColorRGB
  90
0
  102
RTVSPost2010PropOp41
  70
1
  102
RTVSPost2010Prop42
  90
50
  102
RTVSPost2010PropOp42
  70
1
  102
RTVSPost2010Prop43
  90
3
  102
RTVSPost2010PropOp43
  70
1
  102
RTVSPost2010Prop44ColorIndex
  90
5
  102
RTVSPost2010Prop44ColorRGB
  90
255
  102
RTVSPost2010PropOp44
  70
1
  102
RTVSPost2010Prop45
  280
0
  102
RTVSPost2010PropOp45
  70
1
  102
RTVSPost2010Prop46
  90
50
  102
RTVSPost2010PropOp46
  70
1
  102
RTVSPost2010Prop47
  90
50
  102
RTVSPost2010PropOp47
  70
1
  102
RTVSPost2010Prop48
  90
50
  102
RTVSPost2010PropOp48
  70
1
  102
RTVSPost2010Prop49
  280
0
  102
RTVSPost2010PropOp49
  70
1
  102
RTVSPost2010Prop50
  90
50
  102
RTVSPost2010PropOp50
  70
1
  102
RTVSPost2010Prop51ColorIndex
  90
256
  102
RTVSPost2010Prop51ColorRGB
  90
-16777216
  102
RTVSPost2010PropOp51
  70
0
  102
RTVSPost2010Prop52
  140
1
  102
RTVSPost2010PropOp52
  70
0
  102
RTVSPost2010Prop53
  90
2
  102
RTVSPost2010PropOp53
  70
1
  102
RTVSPost2010Prop54
  1
strokes_ogs.tif
  102
RTVSPost2010PropOp54
  70
1
  102
RTVSPost2010Prop55
  280
0
  102
RTVSPost2010PropOp55
  70
1
  102
RTVSPost2010Prop56
  140
1
  102
RTVSPost2010PropOp56
  70
1
  102
RTVSPost2010Prop57
  140
1
  102
RTVSPost2010PropOp57
  70
1
  102
RTVSPropertyOp0
  70
1
  102
RTVSPropertyOp1
  70
1
  102
RTVSPropertyOp2
  70
1
  102
RTVSPropertyOp3
  70
1
  102
RTVSPropertyOp4
  70
1
  102
RTVSPropertyOp5
  70
1
  102
RTVSPropertyOp6
  70
1
  102
RTVSPropertyOp7
  70
1
  102
RTVSPropertyOp8
  70
1
  102
RTVSPropertyOp9
  70
1
  102
RTVSPropertyOp10
  70
1
  102
RTVSPropertyOp11
  70
1
  102
RTVSPropertyOp12
  70
1
  102
RTVSPropertyOp13
  70
1
  102
RTVSPropertyOp14
  70
1
  102
RTVSPropertyOp15
  70
1
  102
RTVSPropertyOp16
  70
1
  102
RTVSPropertyOp17
  70
1
  102
RTVSPropertyOp18
  70
1
  102
RTVSPropertyOp19
  70
1
  102
RTVSPropertyOp20
  70
1
  102
RTVSPropertyOp21
  70
1
  102
RTVSPropertyOp22
  70
1
  102
RTVSPropertyOp23
  70
1
  102
RTVSPropertyOp24
  70
1
  102
RTVSPropertyOp25
  70
1
  102
RTVSPropertyOp26
  70
1
  102
RTVSPropertyOp27
  70
1
  102
RTVSPropertyOp28
  70
1
  102
RTVSPropertyOp29
  70
1
  102
RTVSPropertyOp30
  70
1
  102
RTVSPropertyOp31
  70
1
  102
RTVSPropertyOp32
  70
1
  102
RTVSPropertyOp33
  70
1
  102
RTVSPropertyOp34
  70
1
  102
RTVSPropertyOp35
  70
1
  102
RTVSPropertyOp36
  70
1
  102
RTVSPropertyOp37
  70
1
  102
RTVSPropertyOp38
  70
1
  102
RTVSPropertyOp39
  70
1
  102
RTVSPropertyOp40
  70
1
  102
RTVSPropertyOp41
  70
1
  102
RTVSPropertyOp42
  70
1
  102
RTVSPropertyOp43
  70
1
  102
RTVSPropertyOp44
  70
1
  102
RTVSPropertyOp45
  70
1
  102
RTVSPropertyOp46
  70
1
  102
RTVSPropertyOp47
  70
1
  102
RTVSPropertyOp48
  70
1
  102
RTVSPropertyOp49
  70
1
  102
RTVSPropertyOp50
  70
1
  102
RTVSPropertyOp51
  70
0
  102
RTVSPropertyOp52
  70
0
  102
RTVSPropertyOp53
  70
1
  102
RTVSPropertyOp54
  70
1
  102
RTVSPropertyOp55
  70
1
  102
RTVSPropertyOp56
  70
1
  102
RTVSPropertyOp57
  70
1
  102
RTVSPropertyOp58
  70
1
  102
RTVSPropertyOp59
  70
1
  102
RTVSPropertyOp60
  70
1
  102
RTVSPropertyOp61
  70
1
  102
RTVSPropertyOp62
  70
1
  0
XRECORD
  5
333
  102
{ACAD_REACTORS
  330
332
  102
}
  330
332
  100
AcDbXrecord
  280
1
  102
RTVSPost2010Prop28
  280
0
  102
RTVSPost2010PropOp28
  70
1
  102
RTVSPost2010Prop29
  280
1
  102
RTVSPost2010PropOp29
  70
1
  102
RTVSPost2010Prop30
  280
1
  102
RTVSPost2010PropOp30
  70
1
  102
RTVSPost2010Prop31
  280
0
  102
RTVSPost2010PropOp31
  70
1
  102
RTVSPost2010Prop32
  280
0
  102
RTVSPost2010PropOp32
  70
1
  102
RTVSPost2010Prop33
  280
0
  102
RTVSPost2010PropOp33
  70
1
  102
RTVSPost2010Prop34
  280
0
  102
RTVSPost2010PropOp34
  70
1
  102
RTVSPost2010Prop35
  280
0
  102
RTVSPost2010PropOp35
  70
1
  102
RTVSPost2010Prop36
  280
0
  102
RTVSPost2010PropOp36
  70
1
  102
RTVSPost2010Prop37
  90
50
  102
RTVSPost2010PropOp37
  70
1
  102
RTVSPost2010Prop38
  140
0
  102
RTVSPost2010PropOp38
  70
1
  102
RTVSPost2010Prop39
  140
1
  102
RTVSPost2010PropOp39
  70
1
  102
RTVSPost2010Prop40
  90
0
  102
RTVSPost2010PropOp40
  70
1
  102
RTVSPost2010Prop41ColorIndex
  90
18
  102
RTVSPost2010Prop41ColorRGB
  90
0
  102
RTVSPost2010PropOp41
  70
1
  102
RTVSPost2010Prop42
  90
50
  102
RTVSPost2010PropOp42
  70
1
  102
RTVSPost2010Prop43
  90
3
  102
RTVSPost2010PropOp43
  70
1
  102
RTVSPost2010Prop44ColorIndex
  90
5
  102
RTVSPost2010Prop44ColorRGB
  90
255
  102
RTVSPost2010PropOp44
  70
1
  102
RTVSPost2010Prop45
  280
0
  102
RTVSPost2010PropOp45
  70
1
  102
RTVSPost2010Prop46
  90
50
  102
RTVSPost2010PropOp46
  70
1
  102
RTVSPost2010Prop47
  90
50
  102
RTVSPost2010PropOp47
  70
1
  102
RTVSPost2010Prop48
  90
50
  102
RTVSPost2010PropOp48
  70
1
  102
RTVSPost2010Prop49
  280
0
  102
RTVSPost2010PropOp49
  70
1
  102
RTVSPost2010Prop50
  90
50
  102
RTVSPost2010PropOp50
  70
1
  102
RTVSPost2010Prop51ColorIndex
  90
256
  102
RTVSPost2010Prop51ColorRGB
  90
-16777216
  102
RTVSPost2010PropOp51
  70
0
  102
RTVSPost2010Prop52
  140
1
  102
RTVSPost2010PropOp52
  70
0
  102
RTVSPost2010Prop53
  90
2
  102
RTVSPost2010PropOp53
  70
1
  102
RTVSPost2010Prop54
  1
strokes_ogs.tif
  102
RTVSPost2010PropOp54
  70
1
  102
RTVSPost2010Prop55
  280
0
  102
RTVSPost2010PropOp55
  70
1
  102
RTVSPost2010Prop56
  140
1
  102
RTVSPost2010PropOp56
  70
1
  102
RTVSPost2010Prop57
  140
1
  102
RTVSPost2010PropOp57
  70
1
  102
RTVSPropertyOp0
  70
1
  102
RTVSPropertyOp1
  70
1
  102
RTVSPropertyOp2
  70
1
  102
RTVSPropertyOp3
  70
1
  102
RTVSPropertyOp4
  70
1
  102
RTVSPropertyOp5
  70
1
  102
RTVSPropertyOp6
  70
1
  102
RTVSPropertyOp7
  70
1
  102
RTVSPropertyOp8
  70
1
  102
RTVSPropertyOp9
  70
1
  102
RTVSPropertyOp10
  70
1
  102
RTVSPropertyOp11
  70
1
  102
RTVSPropertyOp12
  70
1
  102
RTVSPropertyOp13
  70
1
  102
RTVSPropertyOp14
  70
1
  102
RTVSPropertyOp15
  70
1
  102
RTVSPropertyOp16
  70
1
  102
RTVSPropertyOp17
  70
1
  102
RTVSPropertyOp18
  70
1
  102
RTVSPropertyOp19
  70
1
  102
RTVSPropertyOp20
  70
1
  102
RTVSPropertyOp21
  70
1
  102
RTVSPropertyOp22
  70
1
  102
RTVSPropertyOp23
  70
1
  102
RTVSPropertyOp24
  70
1
  102
RTVSPropertyOp25
  70
1
  102
RTVSPropertyOp26
  70
1
  102
RTVSPropertyOp27
  70
1
  102
RTVSPropertyOp28
  70
1
  102
RTVSPropertyOp29
  70
1
  102
RTVSPropertyOp30
  70
1
  102
RTVSPropertyOp31
  70
1
  102
RTVSPropertyOp32
  70
1
  102
RTVSPropertyOp33
  70
1
  102
RTVSPropertyOp34
  70
1
  102
RTVSPropertyOp35
  70
1
  102
RTVSPropertyOp36
  70
1
  102
RTVSPropertyOp37
  70
1
  102
RTVSPropertyOp38
  70
1
  102
RTVSPropertyOp39
  70
1
  102
RTVSPropertyOp40
  70
1
  102
RTVSPropertyOp41
  70
1
  102
RTVSPropertyOp42
  70
1
  102
RTVSPropertyOp43
  70
1
  102
RTVSPropertyOp44
  70
1
  102
RTVSPropertyOp45
  70
1
  102
RTVSPropertyOp46
  70
1
  102
RTVSPropertyOp47
  70
1
  102
RTVSPropertyOp48
  70
1
  102
RTVSPropertyOp49
  70
1
  102
RTVSPropertyOp50
  70
1
  102
RTVSPropertyOp51
  70
0
  102
RTVSPropertyOp52
  70
0
  102
RTVSPropertyOp53
  70
1
  102
RTVSPropertyOp54
  70
1
  102
RTVSPropertyOp55
  70
1
  102
RTVSPropertyOp56
  70
1
  102
RTVSPropertyOp57
  70
1
  102
RTVSPropertyOp58
  70
1
  102
RTVSPropertyOp59
  70
1
  102
RTVSPropertyOp60
  70
1
  102
RTVSPropertyOp61
  70
1
  102
RTVSPropertyOp62
  70
1
  0
XRECORD
  5
323
  102
{ACAD_REACTORS
  330
322
  102
}
  330
322
  100
AcDbXrecord
  280
1
  102
RTVSPost2010Prop28
  280
0
  102
RTVSPost2010PropOp28
  70
1
  102
RTVSPost2010Prop29
  280
1
  102
RTVSPost2010PropOp29
  70
1
  102
RTVSPost2010Prop30
  280
1
  102
RTVSPost2010PropOp30
  70
1
  102
RTVSPost2010Prop31
  280
0
  102
RTVSPost2010PropOp31
  70
1
  102
RTVSPost2010Prop32
  280
0
  102
RTVSPost2010PropOp32
  70
1
  102
RTVSPost2010Prop33
  280
0
  102
RTVSPost2010PropOp33
  70
1
  102
RTVSPost2010Prop34
  280
0
  102
RTVSPost2010PropOp34
  70
1
  102
RTVSPost2010Prop35
  280
0
  102
RTVSPost2010PropOp35
  70
1
  102
RTVSPost2010Prop36
  280
0
  102
RTVSPost2010PropOp36
  70
1
  102
RTVSPost2010Prop37
  90
50
  102
RTVSPost2010PropOp37
  70
1
  102
RTVSPost2010Prop38
  140
0
  102
RTVSPost2010PropOp38
  70
1
  102
RTVSPost2010Prop39
  140
1
  102
RTVSPost2010PropOp39
  70
1
  102
RTVSPost2010Prop40
  90
0
  102
RTVSPost2010PropOp40
  70
1
  102
RTVSPost2010Prop41ColorIndex
  90
18
  102
RTVSPost2010Prop41ColorRGB
  90
0
  102
RTVSPost2010PropOp41
  70
1
  102
RTVSPost2010Prop42
  90
50
  102
RTVSPost2010PropOp42
  70
1
  102
RTVSPost2010Prop43
  90
3
  102
RTVSPost2010PropOp43
  70
1
  102
RTVSPost2010Prop44ColorIndex
  90
5
  102
RTVSPost2010Prop44ColorRGB
  90
255
  102
RTVSPost2010PropOp44
  70
1
  102
RTVSPost2010Prop45
  280
0
  102
RTVSPost2010PropOp45
  70
1
  102
RTVSPost2010Prop46
  90
50
  102
RTVSPost2010PropOp46
  70
1
  102
RTVSPost2010Prop47
  90
50
  102
RTVSPost2010PropOp47
  70
1
  102
RTVSPost2010Prop48
  90
50
  102
RTVSPost2010PropOp48
  70
1
  102
RTVSPost2010Prop49
  280
0
  102
RTVSPost2010PropOp49
  70
1
  102
RTVSPost2010Prop50
  90
50
  102
RTVSPost2010PropOp50
  70
1
  102
RTVSPost2010Prop51ColorIndex
  90
256
  102
RTVSPost2010Prop51ColorRGB
  90
-16777216
  102
RTVSPost2010PropOp51
  70
0
  102
RTVSPost2010Prop52
  140
1
  102
RTVSPost2010PropOp52
  70
0
  102
RTVSPost2010Prop53
  90
2
  102
RTVSPost2010PropOp53
  70
1
  102
RTVSPost2010Prop54
  1
strokes_ogs.tif
  102
RTVSPost2010PropOp54
  70
1
  102
RTVSPost2010Prop55
  280
0
  102
RTVSPost2010PropOp55
  70
1
  102
RTVSPost2010Prop56
  140
1
  102
RTVSPost2010PropOp56
  70
1
  102
RTVSPost2010Prop57
  140
1
  102
RTVSPost2010PropOp57
  70
1
  102
RTVSPropertyOp0
  70
1
  102
RTVSPropertyOp1
  70
1
  102
RTVSPropertyOp2
  70
1
  102
RTVSPropertyOp3
  70
1
  102
RTVSPropertyOp4
  70
1
  102
RTVSPropertyOp5
  70
1
  102
RTVSPropertyOp6
  70
1
  102
RTVSPropertyOp7
  70
1
  102
RTVSPropertyOp8
  70
1
  102
RTVSPropertyOp9
  70
1
  102
RTVSPropertyOp10
  70
1
  102
RTVSPropertyOp11
  70
1
  102
RTVSPropertyOp12
  70
1
  102
RTVSPropertyOp13
  70
1
  102
RTVSPropertyOp14
  70
1
  102
RTVSPropertyOp15
  70
1
  102
RTVSPropertyOp16
  70
1
  102
RTVSPropertyOp17
  70
1
  102
RTVSPropertyOp18
  70
1
  102
RTVSPropertyOp19
  70
1
  102
RTVSPropertyOp20
  70
1
  102
RTVSPropertyOp21
  70
1
  102
RTVSPropertyOp22
  70
1
  102
RTVSPropertyOp23
  70
1
  102
RTVSPropertyOp24
  70
1
  102
RTVSPropertyOp25
  70
1
  102
RTVSPropertyOp26
  70
1
  102
RTVSPropertyOp27
  70
1
  102
RTVSPropertyOp28
  70
1
  102
RTVSPropertyOp29
  70
1
  102
RTVSPropertyOp30
  70
1
  102
RTVSPropertyOp31
  70
1
  102
RTVSPropertyOp32
  70
1
  102
RTVSPropertyOp33
  70
1
  102
RTVSPropertyOp34
  70
1
  102
RTVSPropertyOp35
  70
1
  102
RTVSPropertyOp36
  70
1
  102
RTVSPropertyOp37
  70
1
  102
RTVSPropertyOp38
  70
1
  102
RTVSPropertyOp39
  70
1
  102
RTVSPropertyOp40
  70
1
  102
RTVSPropertyOp41
  70
1
  102
RTVSPropertyOp42
  70
1
  102
RTVSPropertyOp43
  70
1
  102
RTVSPropertyOp44
  70
1
  102
RTVSPropertyOp45
  70
1
  102
RTVSPropertyOp46
  70
1
  102
RTVSPropertyOp47
  70
1
  102
RTVSPropertyOp48
  70
1
  102
RTVSPropertyOp49
  70
1
  102
RTVSPropertyOp50
  70
1
  102
RTVSPropertyOp51
  70
0
  102
RTVSPropertyOp52
  70
0
  102
RTVSPropertyOp53
  70
1
  102
RTVSPropertyOp54
  70
1
  102
RTVSPropertyOp55
  70
1
  102
RTVSPropertyOp56
  70
1
  102
RTVSPropertyOp57
  70
1
  102
RTVSPropertyOp58
  70
1
  102
RTVSPropertyOp59
  70
1
  102
RTVSPropertyOp60
  70
1
  102
RTVSPropertyOp61
  70
1
  102
RTVSPropertyOp62
  70
1
  0
XRECORD
  5
317
  102
{ACAD_REACTORS
  330
316
  102
}
  330
316
  100
AcDbXrecord
  280
1
  102
RTVSPost2010Prop28
  280
0
  102
RTVSPost2010PropOp28
  70
1
  102
RTVSPost2010Prop29
  280
1
  102
RTVSPost2010PropOp29
  70
1
  102
RTVSPost2010Prop30
  280
1
  102
RTVSPost2010PropOp30
  70
1
  102
RTVSPost2010Prop31
  280
0
  102
RTVSPost2010PropOp31
  70
1
  102
RTVSPost2010Prop32
  280
0
  102
RTVSPost2010PropOp32
  70
1
  102
RTVSPost2010Prop33
  280
0
  102
RTVSPost2010PropOp33
  70
1
  102
RTVSPost2010Prop34
  280
0
  102
RTVSPost2010PropOp34
  70
1
  102
RTVSPost2010Prop35
  280
0
  102
RTVSPost2010PropOp35
  70
1
  102
RTVSPost2010Prop36
  280
0
  102
RTVSPost2010PropOp36
  70
1
  102
RTVSPost2010Prop37
  90
50
  102
RTVSPost2010PropOp37
  70
1
  102
RTVSPost2010Prop38
  140
0
  102
RTVSPost2010PropOp38
  70
1
  102
RTVSPost2010Prop39
  140
1
  102
RTVSPost2010PropOp39
  70
1
  102
RTVSPost2010Prop40
  90
0
  102
RTVSPost2010PropOp40
  70
1
  102
RTVSPost2010Prop41ColorIndex
  90
18
  102
RTVSPost2010Prop41ColorRGB
  90
0
  102
RTVSPost2010PropOp41
  70
1
  102
RTVSPost2010Prop42
  90
50
  102
RTVSPost2010PropOp42
  70
1
  102
RTVSPost2010Prop43
  90
3
  102
RTVSPost2010PropOp43
  70
1
  102
RTVSPost2010Prop44ColorIndex
  90
5
  102
RTVSPost2010Prop44ColorRGB
  90
255
  102
RTVSPost2010PropOp44
  70
1
  102
RTVSPost2010Prop45
  280
0
  102
RTVSPost2010PropOp45
  70
1
  102
RTVSPost2010Prop46
  90
50
  102
RTVSPost2010PropOp46
  70
1
  102
RTVSPost2010Prop47
  90
50
  102
RTVSPost2010PropOp47
  70
1
  102
RTVSPost2010Prop48
  90
50
  102
RTVSPost2010PropOp48
  70
1
  102
RTVSPost2010Prop49
  280
0
  102
RTVSPost2010PropOp49
  70
1
  102
RTVSPost2010Prop50
  90
50
  102
RTVSPost2010PropOp50
  70
1
  102
RTVSPost2010Prop51ColorIndex
  90
256
  102
RTVSPost2010Prop51ColorRGB
  90
-16777216
  102
RTVSPost2010PropOp51
  70
0
  102
RTVSPost2010Prop52
  140
1
  102
RTVSPost2010PropOp52
  70
0
  102
RTVSPost2010Prop53
  90
2
  102
RTVSPost2010PropOp53
  70
1
  102
RTVSPost2010Prop54
  1
strokes_ogs.tif
  102
RTVSPost2010PropOp54
  70
1
  102
RTVSPost2010Prop55
  280
0
  102
RTVSPost2010PropOp55
  70
1
  102
RTVSPost2010Prop56
  140
1
  102
RTVSPost2010PropOp56
  70
1
  102
RTVSPost2010Prop57
  140
1
  102
RTVSPost2010PropOp57
  70
1
  102
RTVSPropertyOp0
  70
1
  102
RTVSPropertyOp1
  70
1
  102
RTVSPropertyOp2
  70
1
  102
RTVSPropertyOp3
  70
1
  102
RTVSPropertyOp4
  70
1
  102
RTVSPropertyOp5
  70
1
  102
RTVSPropertyOp6
  70
1
  102
RTVSPropertyOp7
  70
1
  102
RTVSPropertyOp8
  70
1
  102
RTVSPropertyOp9
  70
1
  102
RTVSPropertyOp10
  70
1
  102
RTVSPropertyOp11
  70
1
  102
RTVSPropertyOp12
  70
1
  102
RTVSPropertyOp13
  70
1
  102
RTVSPropertyOp14
  70
1
  102
RTVSPropertyOp15
  70
1
  102
RTVSPropertyOp16
  70
1
  102
RTVSPropertyOp17
  70
1
  102
RTVSPropertyOp18
  70
1
  102
RTVSPropertyOp19
  70
1
  102
RTVSPropertyOp20
  70
1
  102
RTVSPropertyOp21
  70
1
  102
RTVSPropertyOp22
  70
1
  102
RTVSPropertyOp23
  70
1
  102
RTVSPropertyOp24
  70
1
  102
RTVSPropertyOp25
  70
1
  102
RTVSPropertyOp26
  70
1
  102
RTVSPropertyOp27
  70
1
  102
RTVSPropertyOp28
  70
1
  102
RTVSPropertyOp29
  70
1
  102
RTVSPropertyOp30
  70
1
  102
RTVSPropertyOp31
  70
1
  102
RTVSPropertyOp32
  70
1
  102
RTVSPropertyOp33
  70
1
  102
RTVSPropertyOp34
  70
1
  102
RTVSPropertyOp35
  70
1
  102
RTVSPropertyOp36
  70
1
  102
RTVSPropertyOp37
  70
1
  102
RTVSPropertyOp38
  70
1
  102
RTVSPropertyOp39
  70
1
  102
RTVSPropertyOp40
  70
1
  102
RTVSPropertyOp41
  70
1
  102
RTVSPropertyOp42
  70
1
  102
RTVSPropertyOp43
  70
1
  102
RTVSPropertyOp44
  70
1
  102
RTVSPropertyOp45
  70
1
  102
RTVSPropertyOp46
  70
1
  102
RTVSPropertyOp47
  70
1
  102
RTVSPropertyOp48
  70
1
  102
RTVSPropertyOp49
  70
1
  102
RTVSPropertyOp50
  70
1
  102
RTVSPropertyOp51
  70
0
  102
RTVSPropertyOp52
  70
0
  102
RTVSPropertyOp53
  70
1
  102
RTVSPropertyOp54
  70
1
  102
RTVSPropertyOp55
  70
1
  102
RTVSPropertyOp56
  70
1
  102
RTVSPropertyOp57
  70
1
  102
RTVSPropertyOp58
  70
1
  102
RTVSPropertyOp59
  70
1
  102
RTVSPropertyOp60
  70
1
  102
RTVSPropertyOp61
  70
1
  102
RTVSPropertyOp62
  70
1
  0
XRECORD
  5
335
  102
{ACAD_REACTORS
  330
334
  102
}
  330
334
  100
AcDbXrecord
  280
1
  102
RTVSPost2010Prop28
  280
0
  102
RTVSPost2010PropOp28
  70
1
  102
RTVSPost2010Prop29
  280
1
  102
RTVSPost2010PropOp29
  70
1
  102
RTVSPost2010Prop30
  280
1
  102
RTVSPost2010PropOp30
  70
1
  102
RTVSPost2010Prop31
  280
0
  102
RTVSPost2010PropOp31
  70
1
  102
RTVSPost2010Prop32
  280
0
  102
RTVSPost2010PropOp32
  70
1
  102
RTVSPost2010Prop33
  280
0
  102
RTVSPost2010PropOp33
  70
1
  102
RTVSPost2010Prop34
  280
0
  102
RTVSPost2010PropOp34
  70
1
  102
RTVSPost2010Prop35
  280
0
  102
RTVSPost2010PropOp35
  70
1
  102
RTVSPost2010Prop36
  280
0
  102
RTVSPost2010PropOp36
  70
1
  102
RTVSPost2010Prop37
  90
50
  102
RTVSPost2010PropOp37
  70
1
  102
RTVSPost2010Prop38
  140
0
  102
RTVSPost2010PropOp38
  70
1
  102
RTVSPost2010Prop39
  140
1
  102
RTVSPost2010PropOp39
  70
1
  102
RTVSPost2010Prop40
  90
0
  102
RTVSPost2010PropOp40
  70
1
  102
RTVSPost2010Prop41ColorIndex
  90
18
  102
RTVSPost2010Prop41ColorRGB
  90
0
  102
RTVSPost2010PropOp41
  70
1
  102
RTVSPost2010Prop42
  90
50
  102
RTVSPost2010PropOp42
  70
1
  102
RTVSPost2010Prop43
  90
3
  102
RTVSPost2010PropOp43
  70
1
  102
RTVSPost2010Prop44ColorIndex
  90
5
  102
RTVSPost2010Prop44ColorRGB
  90
255
  102
RTVSPost2010PropOp44
  70
1
  102
RTVSPost2010Prop45
  280
0
  102
RTVSPost2010PropOp45
  70
1
  102
RTVSPost2010Prop46
  90
50
  102
RTVSPost2010PropOp46
  70
1
  102
RTVSPost2010Prop47
  90
50
  102
RTVSPost2010PropOp47
  70
1
  102
RTVSPost2010Prop48
  90
50
  102
RTVSPost2010PropOp48
  70
1
  102
RTVSPost2010Prop49
  280
0
  102
RTVSPost2010PropOp49
  70
1
  102
RTVSPost2010Prop50
  90
50
  102
RTVSPost2010PropOp50
  70
1
  102
RTVSPost2010Prop51ColorIndex
  90
256
  102
RTVSPost2010Prop51ColorRGB
  90
-16777216
  102
RTVSPost2010PropOp51
  70
0
  102
RTVSPost2010Prop52
  140
1
  102
RTVSPost2010PropOp52
  70
0
  102
RTVSPost2010Prop53
  90
2
  102
RTVSPost2010PropOp53
  70
1
  102
RTVSPost2010Prop54
  1
strokes_ogs.tif
  102
RTVSPost2010PropOp54
  70
1
  102
RTVSPost2010Prop55
  280
0
  102
RTVSPost2010PropOp55
  70
1
  102
RTVSPost2010Prop56
  140
1
  102
RTVSPost2010PropOp56
  70
1
  102
RTVSPost2010Prop57
  140
1
  102
RTVSPost2010PropOp57
  70
1
  102
RTVSPropertyOp0
  70
1
  102
RTVSPropertyOp1
  70
1
  102
RTVSPropertyOp2
  70
1
  102
RTVSPropertyOp3
  70
1
  102
RTVSPropertyOp4
  70
1
  102
RTVSPropertyOp5
  70
1
  102
RTVSPropertyOp6
  70
1
  102
RTVSPropertyOp7
  70
1
  102
RTVSPropertyOp8
  70
1
  102
RTVSPropertyOp9
  70
1
  102
RTVSPropertyOp10
  70
1
  102
RTVSPropertyOp11
  70
1
  102
RTVSPropertyOp12
  70
1
  102
RTVSPropertyOp13
  70
1
  102
RTVSPropertyOp14
  70
1
  102
RTVSPropertyOp15
  70
1
  102
RTVSPropertyOp16
  70
1
  102
RTVSPropertyOp17
  70
1
  102
RTVSPropertyOp18
  70
1
  102
RTVSPropertyOp19
  70
1
  102
RTVSPropertyOp20
  70
1
  102
RTVSPropertyOp21
  70
1
  102
RTVSPropertyOp22
  70
1
  102
RTVSPropertyOp23
  70
1
  102
RTVSPropertyOp24
  70
1
  102
RTVSPropertyOp25
  70
1
  102
RTVSPropertyOp26
  70
1
  102
RTVSPropertyOp27
  70
1
  102
RTVSPropertyOp28
  70
1
  102
RTVSPropertyOp29
  70
1
  102
RTVSPropertyOp30
  70
1
  102
RTVSPropertyOp31
  70
1
  102
RTVSPropertyOp32
  70
1
  102
RTVSPropertyOp33
  70
1
  102
RTVSPropertyOp34
  70
1
  102
RTVSPropertyOp35
  70
1
  102
RTVSPropertyOp36
  70
1
  102
RTVSPropertyOp37
  70
1
  102
RTVSPropertyOp38
  70
1
  102
RTVSPropertyOp39
  70
1
  102
RTVSPropertyOp40
  70
1
  102
RTVSPropertyOp41
  70
1
  102
RTVSPropertyOp42
  70
1
  102
RTVSPropertyOp43
  70
1
  102
RTVSPropertyOp44
  70
1
  102
RTVSPropertyOp45
  70
1
  102
RTVSPropertyOp46
  70
1
  102
RTVSPropertyOp47
  70
1
  102
RTVSPropertyOp48
  70
1
  102
RTVSPropertyOp49
  70
1
  102
RTVSPropertyOp50
  70
1
  102
RTVSPropertyOp51
  70
0
  102
RTVSPropertyOp52
  70
0
  102
RTVSPropertyOp53
  70
1
  102
RTVSPropertyOp54
  70
1
  102
RTVSPropertyOp55
  70
1
  102
RTVSPropertyOp56
  70
1
  102
RTVSPropertyOp57
  70
1
  102
RTVSPropertyOp58
  70
1
  102
RTVSPropertyOp59
  70
1
  102
RTVSPropertyOp60
  70
1
  102
RTVSPropertyOp61
  70
1
  102
RTVSPropertyOp62
  70
1
  0
ENDSEC
  0
EOF